trip_id,started_at,ended_at,start_station_name,end_station_name,bike_id,user_type,user_birth_year,price
113161,01/01/2026 06:06,01/01/2026 06:11,Summit Ridge,Observatory Hill,1204,Member,1991,0.00
113162,01/01/2026 06:26,01/01/2026 06:33,Ferry Meadow,Fountain Court,1155,casual,1986,2.20
113163,01/01/2026 09:01,01/01/2026 09:15,Tannery Yard,Hillcrest Point,1208,casual,1977,3.10
113164,01/01/2026 09:08,01/01/2026 09:47,Hillcrest Point,Opera House,1099,casual,1971,6.85
113165,01/01/2026 10:36,01/01/2026 10:41,Gasometer Park,Cobbler's Row,1225,member,2002,0.00
113166,01/01/2026 12:08,01/01/2026 12:34,Old Town Square,Old Town Square,1265,casual,1983,4.90
113167,01/01/2026 13:12,01/01/2026 13:25,Tramline Depot,Central Station ,1233,Member,1982,0.00
113168,01/01/2026 13:36,01/01/2026 13:45,Summit Ridge,SUMMIT RIDGE,1082,casual,1972,2.35
113169,01/01/2026 13:51,01/01/2026 13:57,Riverside Walk,Kayak Launch,1299,member,1964,0.00
113170,01/01/2026 14:29,01/01/2026 14:36,Northgate Transit Hub,Aurora & 22nd,1152,member,1985,0.00
113171,01/01/2026 14:42,01/01/2026 14:53,Athletics Center,Opera House,1315,Member,1990,0.00
113172,01/01/2026 14:52,01/01/2026 15:02,Harbor East,Old Town Square,1271,casual,1990,2.65
113173,01/01/2026 16:34,01/01/2026 16:44,Tramline Depot,Student Commons,1272,casual,1967,2.50
113174,01/01/2026 17:20,01/01/2026 17:42,Campus North,Old Town Square,1185,casual,2002,4.30
113175,01/01/2026 17:25,01/01/2026 18:23,Science Quad,Science Quad,1162,casual,1990,9.85
113176,01/01/2026 17:26,01/01/2026 17:41,Lighthouse Point,Kayak Launch,1023,member,1991,0.00
113177,01/01/2026 17:42,01/01/2026 18:06,Library Mall,City Hall,1053,member,1995,0.00
113178,01/01/2026 17:46,01/01/2026 18:13,Harbor East,Summit Ridge,1153,casual,1985,5.05
113179,01/01/2026 18:12,01/01/2026 18:39,Student Commons,Dockside Market,1077,casual,1994,5.05
113180,01/01/2026 18:19,01/01/2026 18:35,Central Station,Kayak Launch,1157,casual,1999,3.55
113181,01/01/2026 18:28,01/01/2026 18:42,Warehouse Row,Sunset Boulevard,1293,member,1992,0.00
113182,01/01/2026 19:01,01/01/2026 19:38,Kayak Launch,Kayak Launch,1119,casual,1998,6.55
113183,01/01/2026 19:20,01/01/2026 19:26,Cedar Park Loop,Central Station,1177,Member,1990,0.00
113184,01/01/2026 19:56,01/01/2026 20:23,Harbor East,Opera House,1264,Casual,1974,5.05
113185,01/01/2026 20:19,01/01/2026 20:36,Central Station,Sunset Boulevard,1009,Member,1984,0.00
113186,01/01/2026 20:57,01/01/2026 21:15,Harbor East,Student Commons,1138,casual,2005,3.85
113187,02/01/2026 05:13,02/01/2026 05:26,Poplar Circle,Old Town Square,1097,member,1996,0.00
113188,02/01/2026 07:13,02/01/2026 07:24,Central Station,Opera House,1070,casual,1990,2.65
113189,02/01/2026 07:18,02/01/2026 07:27,Student Commons,Northgate Transit Hub,1283,member,1995,0.00
113190,02/01/2026 07:41,02/01/2026 07:48,Grand & 9th,Grand & 9th,1252,member,1974,0.00
113191,02/01/2026 08:00,02/01/2026 08:09,Central Station,Science Quad,1228,member,1967,0.00
113192,02/01/2026 09:54,02/01/2026 10:14,Old Town Square,Old Town Square,1112,member,1983,0.00
113193,02/01/2026 09:55,02/01/2026 10:01,Library Mall,Library Mall,1209,member,1985,0.00
113194,02/01/2026 10:06,02/01/2026 10:21,Ferry Landing,Riverside Walk,1023,casual,1997,3.25
113195,02/01/2026 10:25,02/01/2026 10:35,Willow Bend,Science Quad,1190,casual,1980,2.65
113196,02/01/2026 10:27,02/01/2026 10:40,Student Commons,City Hall,1201,member,1991,0.00
113197,02/01/2026 11:19,02/01/2026 11:52,Kayak Launch,Merchant Hall,1111,casual,1982,6.10
113198,02/01/2026 12:57,02/01/2026 13:04,Grand & 3rd,Grand & 9th,1235,member,1985,0.00
113199,02/01/2026 13:46,02/01/2026 13:59,Maple Grove,Opera House,1208,member,,0.00
113200,02/01/2026 14:39,02/01/2026 14:49,Student Commons,Fountain Court,1090,casual,1976,2.65
113201,02/01/2026 14:54,02/01/2026 15:27,Old Town Square,Sunset Boulevard,1093,casual,1983,6.10
113202,02/01/2026 15:11,02/01/2026 15:25,City Hall,Pier 12,1012,member,1966,0.00
113203,02/01/2026 15:30,02/01/2026 15:59,Observatory Hill,Northgate Mall,1300,Casual,2000,5.50
113204,02/01/2026 15:48,02/01/2026 16:04,Central Station,Ferry Landing,1197,Member,1986,0.00
113205,02/01/2026 15:59,02/01/2026 16:03,Student Commons,University Gate ,1092,member,1997,0.00
113206,02/01/2026 16:13,02/01/2026 16:22,Cobbler's Row,Cobbler's Row,1069,member,1962,0.00
113207,02/01/2026 16:26,02/01/2026 16:34,Old Town Square,Kayak Launch,1057,member,1968,0.00
113208,02/01/2026 17:16,02/01/2026 17:31,Clocktower Plaza,Cobbler's Row,1136,member,1984,0.00
113208,02/01/2026 17:16,02/01/2026 17:31,Clocktower Plaza,Cobbler's Row,1136,member,1984,0.00
113209,02/01/2026 17:36,02/01/2026 19:36,Pier 12,Gasometer Park,1216,casual,1979,19.15
113210,02/01/2026 17:47,02/01/2026 18:07,Aurora & 40th,Old Town Square,1130,casual,1979,4.00
113211,02/01/2026 18:22,02/01/2026 18:34,Opera House,OLD TOWN SQUARE,1092,member,1991,0.00
113211,02/01/2026 18:22,02/01/2026 18:34,Opera House,OLD TOWN SQUARE,1092,member,1991,0.00
113212,02/01/2026 18:45,02/01/2026 18:51,Cobbler's Row,Marina Green,1120,casual,2003,2.05
113213,02/01/2026 19:21,02/01/2026 19:33,Harbor East,Guildhall Steps,1038,member,1988,0.00
113214,02/01/2026 21:06,02/01/2026 21:17,City Hall,Pier 12,1207,casual,1968,2.80
113215,02/01/2026 21:16,02/01/2026 21:37,Northgate Transit Hub,Northgate Transit Hub,1169,casual,1981,4.30
113216,02/01/2026 21:17,02/01/2026 22:06,Gasometer Park,Fountain Court,1217,casual,1998,8.35
113217,02/01/2026 22:20,02/01/2026 22:35,Sunset Boulevard,Science Quad,1236,member,1993,0.00
113218,02/01/2026 22:51,02/01/2026 23:01,Exchange Street,Summit Ridge,1079,casual,1973,2.65
113219,03/01/2026 08:31,03/01/2026 09:12,Dockside Market,Ferry Landing,1233,casual,1987,7.30
113220,03/01/2026 09:10,03/01/2026 09:23,Guildhall Steps,Cedar Park Loop,1274,Casual,2006,2.95
113221,03/01/2026 09:45,03/01/2026 09:55,Northgate Mall,Northgate Mall,1132,member,1998,0.00
113222,03/01/2026 09:48,03/01/2026 10:35,Exchange Street,Sunset Boulevard,1038,casual,1988,8.20
113223,03/01/2026 11:02,03/01/2026 11:13,Warehouse Row,Warehouse Row,1248,member,1965,0.00
113224,03/01/2026 11:03,03/01/2026 11:22,heron park,Observatory Hill,1241,casual,1993,3.85
113225,03/01/2026 11:17,03/01/2026 11:35,Athletics Center,Warehouse Row,1223,member,1991,0.00
113226,03/01/2026 11:32,03/01/2026 11:47,Old Town Square,Old Town Square,1070,member,1995,0.00
113227,03/01/2026 11:50,03/01/2026 13:21,Old Town Square,Athletics Center,1093,casual,1994,14.65
113228,03/01/2026 12:03,03/01/2026 12:18,GASOMETER PARK,Merchant Hall,1131,member,1987,0.00
113229,03/01/2026 12:33,03/01/2026 12:46,Central Station,Cobbler's Row,1122,member,1969,0.00
113230,03/01/2026 12:35,03/01/2026 12:46,Harbor East,Riverside Walk,1254,MEMBER,2020,0.00
113231,03/01/2026 12:39,03/01/2026 13:13,Harbor West,City Hall,1093,casual,1991,6.10
113232,03/01/2026 13:03,03/01/2026 13:45,Athletics Center,Westfield Green,1167,casual,1996,7.45
113233,03/01/2026 14:07,03/01/2026 14:27,Pier 12,Rosemont & 5th,1022,member,1996,0.00
113234,03/01/2026 14:46,03/01/2026 14:53,Pier 12,King's Cross Lane,1012,member,1985,0.00
113235,03/01/2026 15:08,03/01/2026 15:26,Athletics Center,Clocktower Plaza,1046,Member,1987,0.00
113236,03/01/2026 15:33,03/01/2026 15:41,University Gate,University Gate,1083,member,1976,0.00
113237,03/01/2026 15:35,03/01/2026 15:46,Old Mill Crossing,Gasometer Park,1248,casual,1992,2.80
113238,03/01/2026 16:16,03/01/2026 16:27,Gasometer Park,Aurora & 40th,1266,member,1977,0.00
113239,03/01/2026 19:33,03/01/2026 20:00,Guildhall Steps,Old Town Square,1233,casual,1997,5.20
113240,03/01/2026 20:28,03/01/2026 20:35,Gasometer Park,Gasometer Park,1307,Casual,1998,2.05
113241,03/01/2026 21:22,03/01/2026 21:34,Merchant Hall,Merchant Hall,1125,member,1985,0.00
113242,04/01/2026 07:10,04/01/2026 07:57,STEELWORKS GATE,Steelworks Gate,1209,casual,1984,8.05
113243,04/01/2026 10:01,04/01/2026 10:50,Westfield Green,Westfield Green,1209,casual,1973,8.35
113244,04/01/2026 10:05,04/01/2026 10:26,Pier 12,Athletics Center,1126,casual,1974,4.15
113245,04/01/2026 10:09,04/01/2026 10:33,Clocktower Plaza,King's Cross Lane,1299,member,1996,0.00
113246,04/01/2026 11:13,04/01/2026 11:25,Student Commons,Old Mill Crossing,1204,member,1964,0.00
113247,04/01/2026 12:41,04/01/2026 12:49,Cedar Park Loop,Observatory Hill,1252,member,1992,0.00
113248,04/01/2026 12:47,04/01/2026 15:22,Cedar Park Loop,Grand & 3rd,1132,casual,1988,24.25
113249,04/01/2026 12:51,04/01/2026 12:56,Seawall Promenade,Old Town Square,1216,member,1985,0.00
113250,04/01/2026 13:38,04/01/2026 13:50,City Hall,City Hall,1044,member,1987,0.00
113251,04/01/2026 13:53,04/01/2026 14:32,Gasometer Park,Aurora & 40th,1192,Casual,1971,6.85
113252,04/01/2026 14:58,04/01/2026 15:05,City Hall,City Hall,1141,member,1980,0.00
113253,04/01/2026 15:33,04/01/2026 15:37,Old Town Square,Old Town Square,1012,member,1985,0.00
113254,04/01/2026 16:20,04/01/2026 16:32,Opera House,aurora & 22nd,1190,casual,1980,2.95
113255,04/01/2026 18:53,04/01/2026 18:57,Marina Green,Marina Green,1206,casual,1985,1.60
113256,04/01/2026 19:35,04/01/2026 20:02,Westfield Green,Opera House,1012,Casual,1961,5.05
113257,04/01/2026 22:20,04/01/2026 22:46, Old Town Square,Old Town Square,1201,casual,1996,5.05
113258,05/01/2026 05:35,05/01/2026 06:06,Grand & 3rd,City Hall,1171,Member,1978,0.00
113259,05/01/2026 06:33,05/01/2026 06:53,Old Mill Crossing,OLD MILL CROSSING,1264,member,1981,0.00
113259,05/01/2026 06:33,05/01/2026 06:53,Old Mill Crossing,OLD MILL CROSSING,1264,member,1981,0.00
113260,05/01/2026 07:05,05/01/2026 07:28,Riverside Walk,Kayak Launch,1206,member,1972,0.00
113261,05/01/2026 07:06,05/01/2026 07:35,Harbor East,Old Town Square,1112,casual,1986,5.35
113262,05/01/2026 07:17,05/01/2026 07:24,Student Commons,Seawall Promenade,1063,member,2020,0.00
113263,05/01/2026 07:36,05/01/2026 08:04,Athletics Center,Athletics Center,1051,member,1969,0.00
113264,05/01/2026 08:17,05/01/2026 08:27,Student Commons,City Hall,1249,member,1986,0.00
113265,05/01/2026 08:25,05/01/2026 08:52,Aurora & 22nd ,Gasometer Park,1161,Member,1989,0.00
113266,05/01/2026 08:46,05/01/2026 09:04,Athletics Center,Riverside Walk,1208,member,1994,0.00
113267,05/01/2026 08:51,05/01/2026 09:04,Seawall Promenade,Pier 12,1034,member,1964,0.00
113268,05/01/2026 09:10,05/01/2026 09:17,Kayak Launch,Kayak Launch,1043,member,1988,0.00
113269,05/01/2026 09:22,05/01/2026 09:37,Seawall Promenade,Seawall Promenade,1297,member,1993,0.00
113270,05/01/2026 10:28,05/01/2026 10:33,Steelworks Gate,Steelworks Gate,1016,casual,1991,1.90
113271,05/01/2026 11:15,05/01/2026 11:22,Gasometer Park,Gasometer Park,1023,Casual,1995,2.20
113272,05/01/2026 13:20,05/01/2026 13:29,University Gate,Maple Grove,1238,member,2001,0.00
113273,05/01/2026 13:27,05/01/2026 13:51,Westfield Green,Sunset Boulevard,1252,member,1987,0.00
113274,05/01/2026 13:55,05/01/2026 14:07,Student Commons,King's Cross Lane,1274,casual,1971,2.95
113275,05/01/2026 14:17,05/01/2026 14:29,Sunset Boulevard,Harbor East,1077,member,1998,0.00
113276,05/01/2026 15:07,05/01/2026 15:18,Science Quad,Aurora & 22nd,1175,member,1987,0.00
113277,05/01/2026 16:54,05/01/2026 17:02,Gasometer Park,Gasometer Park,1208,member,1976,0.00
113278,05/01/2026 17:17,05/01/2026 17:29,Old Town Square,Gasometer Park,1126,member,1988,0.00
113279,05/01/2026 17:36,05/01/2026 17:48,Observatory Hill,Riverside Walk,1061,casual,1979,2.95
113280,05/01/2026 17:37,05/01/2026 17:59,Gasometer Park,Gasometer Park,1079,casual,2001,4.30
113281,05/01/2026 17:41,05/01/2026 17:50,University Gate,Northgate Transit Hub,1162,casual,1977,2.35
113282,05/01/2026 17:45,05/01/2026 17:50,Old Town Square,Kayak Launch,1185,member,1981,0.00
113283,05/01/2026 17:52,05/01/2026 18:33,Central Station,University Gate,1206,casual,1987,7.30
113284,05/01/2026 17:53,05/01/2026 18:25,HARBOR WEST,Merchant Hall,1030,Casual,1987,5.80
113285,05/01/2026 18:21,05/01/2026 18:50,Kayak Launch,King's Cross Lane,1125,Member,1983,0.00
113286,05/01/2026 18:55,05/01/2026 19:10,Central Station,Cobbler's Row,1184,member,1971,0.00
113287,05/01/2026 19:38,05/01/2026 20:53,Sunset Boulevard,University Gate,1201,casual,1986,12.25
113288,06/01/2026 00:14,06/01/2026 00:24,Riverside Walk,Exchange Street,1231,member,2002,0.00
113289,06/01/2026 07:08,06/01/2026 07:22,King's Cross Lane,King's Cross Lane,1023,member,1978,0.00
113290,06/01/2026 07:52,06/01/2026 08:20,University Gate,Central Station,1225,casual,1993,5.20
113291,06/01/2026 07:58,06/01/2026 08:18,Riverside Walk,Exchange Street,1095,member,1971,0.00
113292,06/01/2026 09:50,06/01/2026 09:54,Weaver Street,observatory hill,1074,Member,1992,0.00
113293,06/01/2026 11:58,06/01/2026 12:10,gasometer park,Kayak Launch,1131,member,2000,0.00
113294,06/01/2026 12:32,06/01/2026 12:47,Sunset Boulevard,Grand & 9th,1171,member,1992,0.00
113295,06/01/2026 15:18,06/01/2026 15:51,Opera House,Botanic Gardens,1011,Casual,1984,5.95
113296,06/01/2026 15:43,06/01/2026 16:12,Harbor West,Harbor West,1029,member,1982,0.00
113297,06/01/2026 17:43,06/01/2026 18:21,Grand & 3rd,Harbor East,1009,casual,1989,6.70
113298,06/01/2026 17:55,06/01/2026 18:03,Lighthouse Point,Orchard Lane,1300,Casual,1994,2.35
113299,06/01/2026 18:17,06/01/2026 18:38,Athletics Center,Steelworks Gate,1006,member,1989,0.00
113300,06/01/2026 18:19,06/01/2026 18:57,Lighthouse Point,Gasometer Park,1308,casual,1980,6.70
113301,06/01/2026 19:04,06/01/2026 19:47,Athletics Center,Steelworks Gate,1213,member,1989,0.00
113302,06/01/2026 20:43,06/01/2026 20:59,Kayak Launch,Guildhall Steps,1001,casual,1966,3.55
113303,06/01/2026 21:37,06/01/2026 21:41,Pier 12 ,Kayak Launch,1102,member,1987,0.00
113304,06/01/2026 22:05,06/01/2026 22:12,aurora & 22nd,Riverside Walk,1006,member,1982,0.00
113305,07/01/2026 06:47,07/01/2026 06:52,Lighthouse Point,Gasometer Park,1233,member,1973,0.00
113306,07/01/2026 07:09,07/01/2026 07:32,Seawall Promenade,Student Commons,1091,member,1981,0.00
113307,07/01/2026 07:22,07/01/2026 07:38,University Gate,Central Station,1269,member,1900,0.00
113308,07/01/2026 07:42,07/01/2026 08:00,Dockside Market,Willow Bend,1196,casual,1999,3.70
113309,07/01/2026 08:54,07/01/2026 09:01,Old Mill Crossing,Central Station,1023,member,1989,0.00
113310,07/01/2026 09:53,07/01/2026 10:23,Athletics Center ,Student Commons,1160,casual,1991,5.50
113311,07/01/2026 12:01,07/01/2026 12:13,Sunset Boulevard,Old Town Square,1242,Casual,1975,2.95
113312,07/01/2026 12:15,07/01/2026 12:38,Student Commons,Campus North,1158,member,1972,0.00
113313,07/01/2026 12:27,07/01/2026 12:33,Clocktower Plaza,Westfield Green ,1228,member,1988,0.00
113314,07/01/2026 14:55,07/01/2026 16:09,Floodgate Road,Old Town Square,1042,casual,1990,12.25
113315,07/01/2026 15:35,07/01/2026 15:44,Harbor East,Gasometer Park,1206,member,1995,0.00
113316,07/01/2026 16:01,07/01/2026 16:40,Gasometer Park,Cedar Park Loop,1154,casual,1996,6.85
113317,07/01/2026 16:21,07/01/2026 16:25,Athletics Center,Merchant Hall,1217,MEMBER,2001,0.00
113318,07/01/2026 16:40,07/01/2026 16:47,Clocktower Plaza,Clocktower Plaza,1153,member,1982,0.00
113319,07/01/2026 17:39,07/01/2026 17:47,Sunset Boulevard,Sunset Boulevard,1233,MEMBER,1978,0.00
113320,07/01/2026 18:05,07/01/2026 18:18,University Gate,Student Commons,1289,member,1998,0.00
113321,07/01/2026 18:10,07/01/2026 18:15,Lighthouse Point,Lighthouse Point,1192,member,1992,0.00
113322,07/01/2026 18:36,07/01/2026 18:45,Science Quad,Old Town Square,1276,member,1973,0.00
113323,07/01/2026 18:40,07/01/2026 18:52,Student Commons,Dockside Market,1268,casual,1987,2.80
113324,07/01/2026 18:48,07/01/2026 19:25,Riverside Walk,Merchant Hall,1240,member,1971,0.00
113325,07/01/2026 19:01,07/01/2026 19:18,Ferry Landing,Guildhall Steps,1175,member,1979,0.00
113326,07/01/2026 19:11,07/01/2026 19:16,Athletics Center,Poplar Circle,1180,member,1987,0.00
113327,07/01/2026 19:28,07/01/2026 18:07,Old Town Square,City Hall,1068,member,1980,0.00
113328,07/01/2026 19:45,07/01/2026 19:51,Marina Green,Merchant Hall,1063,member,1996,0.00
113329,07/01/2026 21:02,07/01/2026 21:42,Warehouse Row,Warehouse Row,1222,casual,1968,7.00
113330,07/01/2026 23:36,07/01/2026 23:58,Gasometer Park,Gasometer Park,1147,member,1992,0.00
113331,08/01/2026 01:16,08/01/2026 01:30,Harbor West,Harbor West,1082,member,1978,0.00
113332,08/01/2026 06:06,08/01/2026 06:16,Steelworks Gate,Floodgate Road,1175,member,1990,0.00
113333,08/01/2026 06:07,08/01/2026 06:27,Dockside Market,Pier 12,1242,member,1989,0.00
113334,08/01/2026 07:07,08/01/2026 07:19,Heron Park,Sunset Boulevard,1265,member,1987,0.00
113335,08/01/2026 07:10,08/01/2026 07:29,Athletics Center,Athletics Center,1144,casual,1983,4.00
113336,08/01/2026 08:29,08/01/2026 08:37,Summit Ridge, Summit Ridge,1035,member,1985,0.00
113337,08/01/2026 09:02,08/01/2026 09:14,Athletics Center,Summit Ridge,1190,member,2002,0.00
113338,08/01/2026 09:38,08/01/2026 09:51,Central Station,Central Station,1045,casual,1974,2.95
113339,08/01/2026 09:49,08/01/2026 10:03,Aurora & 22nd,Kayak Launch,1272,Member,1995,0.00
113340,08/01/2026 12:10,08/01/2026 12:39,Grand & 3rd,Grand & 3rd,1274,Casual,1991,5.35
113341,08/01/2026 12:24,08/01/2026 13:02,Central Station,Athletics Center,1314,casual,1990,6.70
113342,08/01/2026 12:33,08/01/2026 12:40,Gasometer Park,Old Town Square,1086,member,2000,0.00
113343,08/01/2026 14:15,08/01/2026 14:46,Warehouse Row,Old Town Square,1112,member,1974,0.00
113344,08/01/2026 14:24,08/01/2026 14:33,Steelworks Gate,Steelworks Gate,1048,casual,1986,2.35
113345,08/01/2026 14:37,08/01/2026 14:57,Willow Bend,Willow Bend,1201,member,2001,0.00
113346,08/01/2026 15:02,08/01/2026 15:09,Poplar Circle,Poplar Circle,1009,member,1986,0.00
113347,08/01/2026 15:14,08/01/2026 15:31,Cedar Park Loop,Central Station,1142,casual,1992,3.70
113348,08/01/2026 15:16,08/01/2026 15:24,Botanic Gardens,Botanic Gardens,1128,member,1971,0.00
113349,08/01/2026 15:25,08/01/2026 15:36,Old Town Square,Warehouse Row,1024,Member,1980,0.00
113350,08/01/2026 16:12,08/01/2026 16:52,Riverside Walk,Athletics Center,1260,casual,1974,7.15
113351,08/01/2026 16:22,08/01/2026 16:33,OPERA HOUSE,Old Town Square,1260,member,2002,0.00
113352,08/01/2026 16:34,08/01/2026 16:51,Campus North,Rosemont & 5th,1215,member,1997,0.00
113353,08/01/2026 16:40,08/01/2026 16:47,Kayak Launch,Kayak Launch,1038,member,1994,0.00
113354,08/01/2026 17:05,08/01/2026 17:08,Harbor East,Central Station,1084,member,1994,0.00
113355,08/01/2026 17:50,08/01/2026 18:06,Opera House,Old Mill Crossing,1083,MEMBER,1985,0.00
113356,08/01/2026 17:59,08/01/2026 18:18,Guildhall Steps,Guildhall Steps,1153,member,1997,0.00
113357,08/01/2026 18:03,08/01/2026 18:23,Steelworks Gate,Steelworks Gate,1201,member,1977,0.00
113358,08/01/2026 18:37,08/01/2026 19:13,Pier 12,Kayak Launch,1233,casual,1990,6.40
113359,08/01/2026 18:47,08/01/2026 19:08,Poplar Circle,Harbor East,1013,member,1968,0.00
113359,08/01/2026 18:47,08/01/2026 19:08,Poplar Circle,Harbor East,1013,member,1968,0.00
113360,08/01/2026 18:51,08/01/2026 19:25,Gasometer Park,Gasometer Park,1315,Casual,1986,6.10
113361,08/01/2026 19:52,08/01/2026 20:48,Observatory Hill,Willow Bend,1130,casual,1985,9.55
113362,08/01/2026 20:47,08/01/2026 20:55,Old Town Square,Union Plaza,1319,Member,1988,0.00
113363,08/01/2026 20:55,08/01/2026 22:19,Kayak Launch,Steelworks Gate,1168,casual,1986,13.75
113364,08/01/2026 21:50,08/01/2026 22:09,Sunset Boulevard,Observatory Hill,1208,member,1973,0.00
113365,09/01/2026 01:18,09/01/2026 01:39,Central Station,Old Town Square,1128,member,1975,0.00
113366,09/01/2026 06:13,09/01/2026 06:33,Central Station,Central Station,1234,casual,1986,4.00
113367,09/01/2026 07:08,09/01/2026 07:22,Opera House,Opera House,1302,member,1974,0.00
113368,09/01/2026 07:21,09/01/2026 07:33,Birchwood Terrace,Riverside Walk,1161,member,1989,0.00
113369,09/01/2026 07:27,09/01/2026 07:54,Gasometer Park,Kayak Launch,1160,member,1962,0.00
113370,09/01/2026 07:30,09/01/2026 07:43,Campus North,Campus North,1216,member,1974,0.00
113371,09/01/2026 07:52,09/01/2026 07:56,Old Town Square,Old Mill Crossing,1064,member,1994,0.00
113372,09/01/2026 07:53,09/01/2026 08:03,Westfield Green,Central Station,1311,MEMBER,1976,0.00
113373,09/01/2026 07:57,09/01/2026 08:12,Central Station,Athletics Center,1079,member,1992,0.00
113374,09/01/2026 08:08,09/01/2026 08:13,Warehouse Row,Old Town Square,1046,member,1998,0.00
113375,09/01/2026 08:47,09/01/2026 09:26,Merchant Hall,Central Station,1184,casual,1987,6.85
113376,09/01/2026 08:51,09/01/2026 09:13,Athletics Center,Northgate Mall,1239,Member,1981,0.00
113377,09/01/2026 11:04,09/01/2026 11:36,Poplar Circle,Poplar Circle,1024,casual,1971,5.80
113378,09/01/2026 11:13,09/01/2026 11:33,Botanic Gardens,Athletics Center,1201,member,1990,0.00
113379,09/01/2026 11:38,09/01/2026 12:09,Dockside Market,Sunset Boulevard,1103,casual,2002,5.80
113380,09/01/2026 13:27,09/01/2026 13:47,Aurora & 22nd,Kayak Launch,1222,MEMBER,1986,0.00
113381,09/01/2026 13:44,09/01/2026 13:49,Gasometer Park,Old Town Square,1158,casual,1990,1.75
113382,09/01/2026 14:40,09/01/2026 15:15,Cedar Park Loop,Central Station,1208,casual,1976,6.40
113383,09/01/2026 16:19,09/01/2026 16:34,Tramline Depot,Opera House,1289,casual,1987,3.40
113384,09/01/2026 16:20,09/01/2026 16:24,Old Town Square,Old Town Square,1006,member,1980,0.00
113385,09/01/2026 16:30,09/01/2026 16:35,Floodgate Road,Floodgate Road,1228,member,1997,0.00
113386,09/01/2026 16:55,09/01/2026 17:00,Opera House,Central Station,1005,member,1982,0.00
113387,09/01/2026 17:23,09/01/2026 17:51,Old Town Square,Old Town Square,1052,casual,1992,5.20
113388,09/01/2026 17:48,09/01/2026 17:54,Seawall Promenade,Seawall Promenade,1162,member,1992,0.00
113389,09/01/2026 17:49,09/01/2026 18:12,Grand & 9th,Grand & 9th,1209,Casual,1987,4.45
113390,09/01/2026 18:14,09/01/2026 18:24,Old Town Square,Central Station,1297,member,1999,0.00
113391,09/01/2026 18:29,09/01/2026 19:17,Old Town Square ,Old Town Square,1103,member,1974,0.30
113392,09/01/2026 18:53,09/01/2026 19:06,Athletics Center,Athletics Center,1165,member,1972,0.00
113393,09/01/2026 19:00,09/01/2026 19:14,Old Mill Crossing,Willow Bend,1141,member,2001,0.00
113394,09/01/2026 21:42,09/01/2026 22:09,Pier 12,Harbor East,1208,member,1988,0.00
113395,10/01/2026 08:12,10/01/2026 08:39,Old Mill Crossing,Old Town Square,1317,Casual,1988,5.05
113396,10/01/2026 09:31,10/01/2026 10:00,Clocktower Plaza,Central Station,1269,member,1994,0.00
113397,10/01/2026 09:39,10/01/2026 09:46,Athletics Center,Aurora & 40th,1074,member,1983,0.00
113398,10/01/2026 10:37,10/01/2026 10:44,Westfield Green,Grand & 3rd ,1175,member,1984,0.00
113399,10/01/2026 11:12,10/01/2026 12:52,Gasometer Park,Old Town Square,1044,casual,1972,16.15
113400,10/01/2026 11:32,10/01/2026 11:51,Pier 12,Maple Grove,1202,casual,1989,4.00
113401,10/01/2026 11:37,10/01/2026 12:28,Dockside Market,Dockside Market,1164,casual,1999,8.80
113402,10/01/2026 11:58,10/01/2026 12:28,University Gate,Aurora & 40th,1025,casual,1983,5.50
113403,10/01/2026 12:06,10/01/2026 12:43,Cedar Park Loop,Central Station,1320,member,1983,0.00
113404,10/01/2026 12:30,10/01/2026 12:46,Athletics Center,Student Commons,1035,member,1986,0.00
113405,10/01/2026 13:03,10/01/2026 13:18,Student Commons,Gasometer Park,1057,member,1988,0.00
113406,10/01/2026 13:15,10/01/2026 13:41,Old Town Square,Grand & 3rd,1233,casual,1986,4.90
113407,10/01/2026 15:16,10/01/2026 15:32,Cathedral Gate,heron park,1106,member,1983,0.00
113408,10/01/2026 16:05,10/01/2026 16:25,Kayak Launch,Old Mill Crossing,1244,casual,1991,4.15
113409,10/01/2026 16:36,10/01/2026 17:13,Poplar Circle,City Hall,1302,casual,1970,6.55
113410,10/01/2026 16:38,10/01/2026 17:08,Exchange Street,Kayak Launch,1192,member,1990,0.00
113411,10/01/2026 16:40,10/01/2026 16:58,Merchant Hall,Harbor West,1283,casual,2002,3.70
113412,10/01/2026 18:01,10/01/2026 18:18,Cathedral Gate,Foundry District,1236,Casual,1992,3.70
113413,10/01/2026 22:33,10/01/2026 23:12,Exchange Street,Exchange Street,1058,casual,1994,7.00
113414,11/01/2026 03:09,11/01/2026 03:39,Kayak Launch,King's Cross Lane,1281,casual,1991,5.65
113415,11/01/2026 06:54,11/01/2026 07:02,University Gate,Botanic Gardens,1162,casual,1989,2.35
113416,11/01/2026 07:13,11/01/2026 08:02,Old Town Square,Gasometer Park,1225,casual,,8.50
113417,11/01/2026 07:33,11/01/2026 08:16,Ferry Meadow,Ferry Meadow,1128,casual,1979,7.45
113418,11/01/2026 10:00,11/01/2026 10:15,Cobbler's Row,Merchant Hall,1256,member,1997,0.00
113419,11/01/2026 10:12,11/01/2026 10:19,Gasometer Park,Student Commons,1173,member,1974,0.00
113420,11/01/2026 10:32,11/01/2026 10:47,Pier 12,Grand & 9th,1157,member,1997,
113421,11/01/2026 10:34,11/01/2026 10:41,City Hall,City Hall,1300,member,1988,0.00
113422,11/01/2026 10:38,11/01/2026 10:44,Gasometer Park,Hillcrest Point,1250,member,1971,0.00
113423,11/01/2026 10:52,11/01/2026 11:14,Northgate Transit Hub,Grand & 3rd,1262,casual,2000,4.45
113424,11/01/2026 10:55,11/01/2026 11:20,Northgate Transit Hub,City Hall,1240,casual,1983,4.90
113425,11/01/2026 12:12,11/01/2026 12:58,Old Town Square,Marina Green,1217,casual,2006,7.90
113426,11/01/2026 13:29,11/01/2026 13:41,City Hall,Old Town Square,1007,member,,0.00
113427,11/01/2026 13:42,11/01/2026 14:15,Student Commons,student commons,1274,casual,1984,6.10
113428,11/01/2026 14:11,11/01/2026 14:29,Pier 12,Birchwood Terrace,1116,casual,1976,3.70
113429,11/01/2026 14:55,11/01/2026 15:10,Aurora & 22nd ,Athletics Center,1249,casual,1960,3.25
113430,11/01/2026 16:04,11/01/2026 16:10,Seawall Promenade,Science Quad,1315,Member,1994,0.00
113431,11/01/2026 16:29,11/01/2026 16:49,Poplar Circle,Foundry District,1242,member,1999,0.00
113432,11/01/2026 16:40,11/01/2026 19:29,Gasometer Park,Steelworks Gate,1280,casual,1986,26.35
113433,11/01/2026 16:48,11/01/2026 16:55,Aurora & 40th,Student Commons,1185,member,1973,0.00
113434,11/01/2026 17:29,11/01/2026 17:44,Old Town Square,Gasometer Park,1072,casual,1979,3.25
113435,11/01/2026 18:00,11/01/2026 18:24,Opera House,Fountain Court,1073,casual,1997,4.75
113436,11/01/2026 18:29,11/01/2026 18:50,Old Town Square,King's Cross Lane,1040,casual,1989,4.30
113437,11/01/2026 19:18,11/01/2026 19:42,Marina Green,University Gate,1233,member,1978,0.00
113438,11/01/2026 19:55,11/01/2026 20:07,Central Station,Old Town Square,1047,member,1994,0.00
113439,12/01/2026 05:26,12/01/2026 05:40,Old Town Square,City Hall,1150,member,1993,0.00
113440,12/01/2026 06:34,12/01/2026 06:45,Kayak Launch,Harbor East,1252,member,1978,0.00
113441,12/01/2026 07:20,12/01/2026 07:30,Steelworks Gate,King's Cross Lane,1163,Member,1992,0.00
113442,12/01/2026 07:36,12/01/2026 07:43,Steelworks Gate ,Opera House,1283,member,1984,0.00
113443,12/01/2026 08:08,12/01/2026 08:26,Old Mill Crossing,Gasometer Park,1316,member,1981,0.00
113444,12/01/2026 08:22,12/01/2026 08:54,Harbor East,Dockside Market,1120,casual,1967,5.95
113445,12/01/2026 08:33,12/01/2026 08:53,Gasometer Park,Harbor East,1310,casual,1973,4.15
113446,12/01/2026 08:42,12/01/2026 09:05,Old Town Square,Student Commons,1280,casual,1991,4.45
113447,12/01/2026 09:39,12/01/2026 09:54,Old Town Square,Old Mill Crossing,1004,casual,1989,3.40
113448,12/01/2026 10:56,12/01/2026 11:27,Observatory Hill,Observatory Hill,1245,Member,1989,0.00
113449,12/01/2026 12:52,12/01/2026 13:04,Westfield Green,Pier 12,1118,member,1982,0.00
113450,12/01/2026 13:18,12/01/2026 13:30,Steelworks Gate,Steelworks Gate,1016,member,1972,0.00
113451,12/01/2026 14:16,12/01/2026 14:26,Dockside Market,Dockside Market,1255,member,2004,0.00
113452,12/01/2026 14:37,12/01/2026 14:47,Athletics Center,Athletics Center,1158,member,2004,0.00
113453,12/01/2026 15:33,12/01/2026 15:46,Marina Green,Botanic Gardens,1004,member,1985,0.00
113454,12/01/2026 15:50,12/01/2026 15:56,Sunset Boulevard,University Gate,1275,member,1981,0.00
113455,12/01/2026 16:36,12/01/2026 16:49,Central Station,Central Station,1023,casual,1989,2.95
113456,12/01/2026 17:12,12/01/2026 17:18,Warehouse Row,Central Station,1277,member,1988,0.00
113457,12/01/2026 18:41,12/01/2026 18:47,Cobbler's Row,Warehouse Row,1208,member,1989,0.00
113458,12/01/2026 19:08,12/01/2026 19:28,Observatory Hill,Ferry Landing,1056,Casual,1981,4.15
113459,12/01/2026 19:08,12/01/2026 19:18,Steelworks Gate ,Student Commons,1216,Casual,1993,2.50
113460,12/01/2026 19:56,12/01/2026 20:12,Old Town Square,Old Town Square,1273,Member,,0.00
113461,12/01/2026 21:32,12/01/2026 21:50,Aurora & 22nd,Summit Ridge,1194,casual,1990,3.85
113462,13/01/2026 06:05,13/01/2026 06:21,Gasometer Park,Riverside Walk,1058,casual,1987,3.40
113463,13/01/2026 07:06,13/01/2026 07:17,Opera House,Cedar Park Loop,1015,member,1972,0.00
113464,13/01/2026 08:27,13/01/2026 08:34,Cedar Park Loop,Marina Green,1314,member,1968,0.00
113465,13/01/2026 10:55,13/01/2026 11:15,Dockside Market,University Gate,1272,Casual,2003,4.00
113466,13/01/2026 13:02,13/01/2026 13:21,Old Town Square,Old Town Square,1187,member,1983,0.00
113467,13/01/2026 13:15,13/01/2026 13:34,Pier 12,DOCKSIDE MARKET,1026,casual,1974,3.85
113468,13/01/2026 13:35,13/01/2026 13:47,Student Commons,Library Mall,1128,casual,1970,2.95
113469,13/01/2026 13:39,13/01/2026 14:18,Central Station,Gasometer Park,1248,member,1985,0.00
113470,13/01/2026 14:37,13/01/2026 15:19,University Gate,Old Town Square,1224,Casual,1956,7.30
113471,13/01/2026 15:39,13/01/2026 15:47,Aurora & 22nd,Central Station,1046,member,1993,0.00
113472,13/01/2026 16:06,13/01/2026 16:13,Cobbler's Row,Warehouse Row,1238,member,1992,0.00
113473,13/01/2026 16:28,13/01/2026 16:33,Old Town Square,Old Town Square,1225,member,1959,0.00
113474,13/01/2026 16:38,13/01/2026 16:53,King's Cross Lane,Campus North,1255,member,1973,0.00
113475,13/01/2026 16:51,13/01/2026 17:05,Student Commons,Library Mall,1216,member,1997,0.00
113476,13/01/2026 16:51,13/01/2026 17:02,Botanic Gardens,Kayak Launch,1035,member,1991,0.00
113477,13/01/2026 17:09,13/01/2026 17:21,Gasometer Park,Old Town Square,1262,Member,1973,0.00
113478,13/01/2026 17:11,13/01/2026 17:32,Cedar Park Loop,Old Town Square,1063,casual,1990,4.15
113479,13/01/2026 17:17,13/01/2026 17:30,Northgate Transit Hub,Westfield Green,1020,casual,1974,3.10
113480,13/01/2026 17:25,13/01/2026 17:42,Northgate Transit Hub,Cobbler's Row,1221,member,1997,0.00
113481,13/01/2026 17:25,13/01/2026 17:32,Ferry Meadow,Science Quad,1231,member,1991,0.00
113482,13/01/2026 17:30,13/01/2026 18:01,Old Town Square,City Hall,1217,casual,2001,5.65
113483,13/01/2026 17:51,13/01/2026 17:55,Athletics Center,GASOMETER PARK,1233,member,1985,0.00
113484,13/01/2026 17:56,13/01/2026 18:25,Botanic Gardens,Old Town Square,1138,Member,1986,0.00
113485,13/01/2026 19:33,13/01/2026 20:06,Old Town Square,Lighthouse Point,1177,Casual,1994,6.10
113486,13/01/2026 19:40,13/01/2026 19:43,Rosemont & 5th,Rosemont & 5th,1269,member,1982,0.00
113487,13/01/2026 19:51,13/01/2026 20:12,Old Town Square,Gasometer Park,1249,Member,2003,0.00
113488,14/01/2026 00:07,14/01/2026 00:42,Maple Grove,City Hall,1262,member,1980,0.00
113489,14/01/2026 06:30,14/01/2026 06:37,Athletics Center,Summit Ridge,1016,member,1994,0.00
113490,14/01/2026 07:03,14/01/2026 07:21,City Hall,Athletics Center,1285,casual,1957,3.70
113491,14/01/2026 07:20,14/01/2026 07:29,Botanic Gardens,Student Commons,1028,Member,1964,0.00
113492,14/01/2026 07:48,14/01/2026 07:58,Union Plaza,Sunset Boulevard,1315,Member,1975,0.00
113493,14/01/2026 08:04,14/01/2026 08:33,University Gate,Old Town Square,1030,casual,1998,5.50
113494,14/01/2026 09:36,14/01/2026 09:46,Sunset Boulevard,Athletics Center,1047,casual,1987,2.65
113495,14/01/2026 10:13,14/01/2026 10:26,University Gate,Old Mill Crossing,1079,member,1987,0.00
113496,14/01/2026 12:16,14/01/2026 12:25,Steelworks Gate,Central Station,1162,casual,1992,2.35
113497,14/01/2026 12:51,14/01/2026 12:57,Old Town Square,Athletics Center,1048,member,1990,0.00
113498,14/01/2026 13:54,14/01/2026 14:01,Old Town Square,Cedar Park Loop,1312,member,1983,0.00
113499,14/01/2026 14:02,14/01/2026 14:08,Student Commons,Riverside Walk,1025,MEMBER,1962,0.00
113500,14/01/2026 14:53,14/01/2026 15:05,Sunset Boulevard,sunset boulevard,1005,member,2001,0.00
113501,14/01/2026 15:25,14/01/2026 15:36,Athletics Center,Kayak Launch,1238,member,1995,0.00
113502,14/01/2026 16:08,14/01/2026 16:16,Old Town Square,Heron Park,1165,member,1989,0.00
113503,14/01/2026 16:28,14/01/2026 17:22,Student Commons,Pier 12,1051,casual,1998,9.10
113504,14/01/2026 16:44,14/01/2026 17:39,Student Commons,Athletics Center,1098,casual,1974,9.25
113505,14/01/2026 17:05,14/01/2026 17:46,Merchant Hall,Ferry Landing,1093,member,1983,0.00
113506,14/01/2026 17:11,14/01/2026 17:23,Botanic Gardens,Birchwood Terrace,1304,member,1992,0.00
113507,14/01/2026 17:20,14/01/2026 17:26,Old Mill Crossing,Gasometer Park,1051,member,1990,0.00
113508,14/01/2026 17:39,14/01/2026 17:48,Harbor East,King's Cross Lane,1077,member,1995,0.00
113509,14/01/2026 17:40,14/01/2026 18:42,Central Station,Science Quad,1315,casual,1995,10.45
113510,14/01/2026 17:44,14/01/2026 18:44,Kayak Launch,Riverside Walk,1249,casual,1991,10.15
113511,14/01/2026 17:49,14/01/2026 17:58,Athletics Center,Campus North,1057,member,1966,0.00
113512,14/01/2026 18:54,14/01/2026 19:21,Cobbler's Row,Old Town Square,1193,member,1980,0.00
113513,14/01/2026 18:55,14/01/2026 19:10,Central Station,Riverside Walk,1166,member,1993,0.00
113514,14/01/2026 19:51,14/01/2026 19:55,Birchwood Terrace,Northgate Transit Hub,1250,member,1984,0.00
113515,15/01/2026 05:14,15/01/2026 05:22,Seawall Promenade,Aurora & 22nd,1152,member,,0.00
113516,15/01/2026 05:31,15/01/2026 05:59,Kayak Launch,Kayak Launch,1208,member,1985,0.00
113517,15/01/2026 06:18,15/01/2026 06:28,Harbor West,Clocktower Plaza,1010,casual,1982,2.50
113518,15/01/2026 07:40,15/01/2026 07:47,Opera House,Fountain Court,1010,casual,1990,2.05
113519,15/01/2026 07:59,15/01/2026 08:08,Exchange Street,Dockside Market,1094,member,2006,0.00
113520,15/01/2026 08:04,15/01/2026 08:11,Warehouse Row,Pier 12,1056,member,,0.00
113521,15/01/2026 08:25,15/01/2026 08:55,Botanic Gardens,Cedar Park Loop,1044,casual,1994,5.65
113522,15/01/2026 08:44,15/01/2026 08:52,Grand & 9th,Student Commons,1253,member,1990,0.00
113523,15/01/2026 08:50,15/01/2026 08:56,Opera House,Athletics Center,1210,member,1974,0.00
113524,15/01/2026 08:55,15/01/2026 09:06,Opera House,Aurora & 40th,1107,member,1978,0.00
113525,15/01/2026 09:59,15/01/2026 10:30,Pier 12,Gasometer Park,1298,casual,1992,5.80
113526,15/01/2026 10:31,15/01/2026 10:40,Student Commons,Fountain Court,1157,member,1985,0.00
113527,15/01/2026 11:11,15/01/2026 11:32,Pier 12,Pier 12,1158,member,,0.00
113528,15/01/2026 11:56,15/01/2026 12:02,Harbor West,Observatory Hill,1291,Member,1978,0.00
113529,15/01/2026 12:06,15/01/2026 12:25,Observatory Hill,City Hall,1040,casual,1982,4.00
113530,15/01/2026 12:39,15/01/2026 13:05,City Hall,City Hall,1252,Casual,1990,4.90
113531,15/01/2026 12:48,15/01/2026 13:00,Gasometer Park,Gasometer Park,1103,Member,1966,0.00
113532,15/01/2026 13:01,15/01/2026 13:11,Student Commons,Old Town Square,1022,member,1982,0.00
113533,15/01/2026 13:53,15/01/2026 15:18,Summit Ridge,Cobbler's Row,1074,casual,1989,13.90
113534,15/01/2026 14:13,15/01/2026 14:27,Student Commons,Ferry Meadow,1200,member,1983,0.00
113535,15/01/2026 14:36,15/01/2026 14:49,Observatory Hill,Campus North,1281,Casual,1993,3.10
113536,15/01/2026 14:49,15/01/2026 14:57,University Gate,Old Town Square,1307,member,1979,0.00
113537,15/01/2026 16:05,15/01/2026 16:13,Pier 12,Central Station ,1068,member,1992,0.00
113538,15/01/2026 16:37,15/01/2026 16:56,Merchant Hall,Pier 12,1193,casual,1981,3.85
113539,15/01/2026 16:49,15/01/2026 16:54,Union Plaza ,Pier 12,1235,member,2003,0.00
113540,15/01/2026 17:05,15/01/2026 17:18,Old Town Square,Central Station,1120,casual,1985,2.95
113541,15/01/2026 17:17,15/01/2026 17:31,King's Cross Lane,King's Cross Lane,1018,member,1990,0.00
113542,15/01/2026 17:19,15/01/2026 17:30,Pier 12,Pier 12,1094,member,1987,0.00
113543,15/01/2026 17:21,15/01/2026 17:31,Kayak Launch,Old Town Square,1304,casual,1998,2.50
113544,15/01/2026 17:26,15/01/2026 17:46,Cedar Park Loop,Gasometer Park,1222,member,1995,0.00
113545,15/01/2026 17:38,15/01/2026 17:43,Marina Green,Old Town Square,1027,Member,1973,0.00
113546,15/01/2026 17:57,15/01/2026 18:12,Athletics Center,Gasometer Park,1261,member,1992,0.00
113547,15/01/2026 18:32,15/01/2026 18:59,Seawall Promenade,Old Mill Crossing,1158,casual,1986,5.20
113548,15/01/2026 18:46,15/01/2026 19:01,Science Quad,Kayak Launch,1152,member,1972,0.00
113549,15/01/2026 19:03,15/01/2026 19:08,Fountain Court,Fountain Court,1038,member,1998,0.00
113550,15/01/2026 22:15,15/01/2026 22:23,Clocktower Plaza,Pier 12,1252,member,1986,0.00
113551,15/01/2026 22:41,15/01/2026 22:52,Cobbler's Row,Cobbler's Row,1264,Casual,1978,2.80
113552,15/01/2026 22:56,15/01/2026 23:07,Opera House,Harbor East,1252,member,1986,0.00
113553,16/01/2026 04:20,16/01/2026 04:46,Seawall Promenade,Aurora & 40th,1110,casual,,4.90
113554,16/01/2026 06:56,16/01/2026 07:06,Old Mill Crossing,Warehouse Row,1176,member,1985,0.00
113555,16/01/2026 08:03,16/01/2026 08:20,Clocktower Plaza,Old Town Square,1170,Casual,1995,3.55
113556,16/01/2026 08:11,16/01/2026 08:18,Student Commons,Harbor East,1233,member,1992,0.00
113557,16/01/2026 08:11,16/01/2026 08:25,Northgate Mall,Old Town Square,1310,casual,1999,3.10
113558,16/01/2026 08:21,16/01/2026 08:30,Floodgate Road,Central Station,1164,Casual,1962,2.50
113559,16/01/2026 08:36,16/01/2026 08:41,Pier 12,Pier 12,1249,member,1984,0.00
113560,16/01/2026 08:49,16/01/2026 09:03,Sunset Boulevard,Sunset Boulevard,1256,member,1995,0.00
113561,16/01/2026 09:32,16/01/2026 09:42,Dockside Market,Gasometer Park,1135,member,1963,0.00
113562,16/01/2026 09:54,16/01/2026 10:02,Kayak Launch,University Gate,1038,casual,1990,2.35
113563,16/01/2026 10:28,16/01/2026 11:02,Observatory Hill,City Hall,1074,member,1966,0.00
113564,16/01/2026 11:37,16/01/2026 11:47,Student Commons,Botanic Gardens,1272,Member,1958,0.00
113565,16/01/2026 14:11,16/01/2026 14:28,Heron Park,Gasometer Park,1289,casual,1984,3.70
113566,16/01/2026 14:28,16/01/2026 14:40,Northgate Transit Hub,City Hall,1133,member,1993,0.00
113567,16/01/2026 14:57,16/01/2026 15:15,Gasometer Park,student commons,1012,member,1981,0.00
113568,16/01/2026 16:04,16/01/2026 16:17,Ferry Meadow,Harbor East,1184,member,1992,0.00
113569,16/01/2026 16:09,16/01/2026 16:46,Old Town Square,Old Town Square,1237,Casual,1981,6.70
113570,16/01/2026 16:10,16/01/2026 16:14,Botanic Gardens,Botanic Gardens,1040,member,1969,0.00
113571,16/01/2026 16:21,16/01/2026 16:34,Clocktower Plaza,Clocktower Plaza,1293,casual,1973,3.10
113572,16/01/2026 16:25,16/01/2026 16:31,Old Mill Crossing,Northgate Transit Hub,1116,MEMBER,1996,0.00
113573,16/01/2026 17:01,16/01/2026 17:42,Westfield Green,Grand & 3rd,1275,Casual,1993,7.30
113574,16/01/2026 17:22,16/01/2026 19:04,Steelworks Gate,Steelworks Gate,1292,Casual,1995,16.30
113575,16/01/2026 17:25,16/01/2026 17:53,Merchant Hall,University Gate,1264,casual,1999,5.20
113576,16/01/2026 18:09,16/01/2026 18:16,Heron Park,Union Plaza,1090,member,1999,0.00
113577,16/01/2026 18:25,16/01/2026 18:33,Opera House,Opera House,1144,member,,0.00
113578,16/01/2026 19:29,16/01/2026 19:56,Kayak Launch,Gasometer Park,1201,Casual,1988,5.05
113579,16/01/2026 20:38,16/01/2026 20:54,Gasometer Park,Union Plaza,1125,member,1967,0.00
113580,16/01/2026 21:21,16/01/2026 21:31,Cathedral Gate,Old Town Square,1311,member,1988,0.00
113581,16/01/2026 23:36,16/01/2026 23:52,Exchange Street,Rosemont & 5th,1232,Member,1986,0.00
113582,17/01/2026 01:55,17/01/2026 02:04,City Hall,Campus North,1269,member,2000,0.00
113583,17/01/2026 08:59,17/01/2026 09:07,Ferry Meadow,Guildhall Steps,1066,member,1990,0.00
113584,17/01/2026 09:02,17/01/2026 09:14,Tannery Yard,Tannery Yard,1290,Casual,1987,2.95
113585,17/01/2026 09:04,17/01/2026 09:49,Steelworks Gate,Northgate Transit Hub,1031,casual,1973,7.75
113586,17/01/2026 11:56,17/01/2026 12:23,Student Commons,Gasometer Park,1163,MEMBER,1985,0.00
113587,17/01/2026 12:01,17/01/2026 12:35,Science Quad,Old Town Square,1004,casual,1996,6.10
113588,17/01/2026 12:22,17/01/2026 12:29,Gasometer Park,Central Station,1034,casual,1967,2.20
113589,17/01/2026 12:24,17/01/2026 12:33,Old Mill Crossing,Old Mill Crossing,1309,casual,1970,2.35
113590,17/01/2026 12:45,17/01/2026 12:53,Tannery Yard,Tannery Yard,1233,Casual,1991,2.20
113591,17/01/2026 12:56,17/01/2026 13:15,Old Town Square,Old Town Square,1225,casual,1978,3.85
113592,17/01/2026 13:34,17/01/2026 13:45,Cedar Park Loop,Student Commons,1152,casual,1977,2.80
113593,17/01/2026 13:49,17/01/2026 13:59,Athletics Center,Old Town Square,1276,Member,1993,0.00
113594,17/01/2026 14:25,17/01/2026 14:39,Hillcrest Point,Hillcrest Point,1054,casual,2000,3.25
113595,17/01/2026 14:40,17/01/2026 14:58,Union Plaza,Union Plaza,1144,casual,1980,3.70
113596,17/01/2026 14:42,17/01/2026 14:48,Central Station,Birchwood Terrace,1013,casual,1998,1.90
113597,17/01/2026 15:07,17/01/2026 16:24,Botanic Gardens,Botanic Gardens,1262,Casual,1973,12.70
113598,17/01/2026 15:17,17/01/2026 15:33,Central Station,Observatory Hill,1264,casual,1970,3.40
113599,17/01/2026 16:49,17/01/2026 17:00,Central Station,Central Station,1165,member,1999,0.00
113600,17/01/2026 16:59,17/01/2026 17:13,Harbor East,Old Town Square,1074,Member,2000,0.00
113601,17/01/2026 17:08,17/01/2026 17:16,Westfield Green,Athletics Center,1142,member,1977,0.00
113602,17/01/2026 18:07,17/01/2026 18:39,Old Town Square,Gasometer Park,1264,casual,1994,5.80
113603,18/01/2026 01:20,18/01/2026 01:28,Clocktower Plaza,Marina Green,1122,Casual,1990,2.35
113604,18/01/2026 08:52,18/01/2026 09:36,Birchwood Terrace,Birchwood Terrace,1288,casual,1994,7.75
113605,18/01/2026 09:44,18/01/2026 10:00,Old Town Square,Old Town Square,1062,casual,,3.55
113606,18/01/2026 10:15,18/01/2026 11:04,Maple Grove,City Hall,1290,casual,1977,8.35
113607,18/01/2026 10:30,18/01/2026 10:35,Old Mill Crossing,Kayak Launch ,1211,member,1993,0.00
113608,18/01/2026 11:31,18/01/2026 11:42,Central Station,Observatory Hill,1308,member,1969,0.00
113609,18/01/2026 11:38,18/01/2026 11:52,Old Town Square,Pier 12,1010,member,1982,0.00
113610,18/01/2026 11:50,18/01/2026 12:08,Pier 12,Pier 12,1311,casual,1988,3.85
113611,18/01/2026 12:02,18/01/2026 12:20,Westfield Green,Pier 12,1084,casual,1966,3.85
113612,18/01/2026 12:33,18/01/2026 12:42,City Hall,Seawall Promenade,1184,member,1977,0.00
113613,18/01/2026 12:34,18/01/2026 12:49,University Gate,University Gate,1217,casual,1980,3.25
113614,18/01/2026 14:06,18/01/2026 14:27,Library Mall,Cedar Park Loop,1003,casual,1984,4.15
113615,18/01/2026 14:37,18/01/2026 14:47,Cobbler's Row,Steelworks Gate,1024,member,1989,0.00
113616,18/01/2026 14:37,18/01/2026 14:51,Summit Ridge,Warehouse Row,1306,member,2000,0.00
113617,18/01/2026 15:43,18/01/2026 15:54,Steelworks Gate,University Gate,1120,casual,1990,2.80
113618,18/01/2026 15:45,18/01/2026 16:16,Ferry Landing,Orchard Lane,1133,casual,1974,5.80
113619,18/01/2026 16:36,18/01/2026 16:59,Riverside Walk,Central Station,1115,member,1989,0.00
113620,18/01/2026 16:50,18/01/2026 17:20,Old Town Square ,Old Town Square,1297,member,1991,0.00
113621,18/01/2026 17:08,18/01/2026 17:19,Summit Ridge,Ferry Landing,1201,casual,1997,2.80
113622,18/01/2026 17:21,18/01/2026 18:02,Gasometer Park,Ferry Landing,1011,casual,1973,7.30
113623,18/01/2026 17:44,18/01/2026 18:15,Observatory Hill,Observatory Hill,1233,Casual,1986,5.65
113624,18/01/2026 18:14,18/01/2026 18:22,Exchange Street,Riverside Walk,1307,member,,0.00
113625,18/01/2026 18:30,18/01/2026 18:40,Fountain Court,Seawall Promenade,1103,member,1992,0.00
113626,18/01/2026 20:44,18/01/2026 21:37,University Gate,Athletics Center,1152,casual,2000,9.10
113627,18/01/2026 21:33,18/01/2026 21:47,Maple Grove,Exchange Street,1164,casual,1986,3.25
113628,19/01/2026 07:12,19/01/2026 07:26,Old Town Square,Old Town Square,1063,member,1991,0.00
113629,19/01/2026 07:46,19/01/2026 07:57,Poplar Circle,Gasometer Park,1252,member,1978,0.00
113630,19/01/2026 07:59,19/01/2026 08:09,Gasometer Park,Gasometer Park,1041,member,1982,0.00
113631,19/01/2026 08:31,19/01/2026 08:39,Northgate Mall,Northgate Mall,1311,member,1993,0.00
113632,19/01/2026 09:10,19/01/2026 09:24,Athletics Center,Dockside Market,1144,Member,1989,0.00
113633,19/01/2026 09:36,19/01/2026 09:46,Old Town Square,Central Station,1161,Casual,1997,2.65
113634,19/01/2026 10:28,19/01/2026 11:05,Westfield Green,Grand & 3rd,1149,casual,1970,6.55
113635,19/01/2026 11:07,19/01/2026 11:18,Kayak Launch,Old Town Square,1311,casual,1988,2.80
113636,19/01/2026 12:19,19/01/2026 12:35,Birchwood Terrace,Old Town Square,1202,member,1990,0.00
113637,19/01/2026 13:07,19/01/2026 13:17,Merchant Hall,Old Town Square,1320,member,1989,0.00
113638,19/01/2026 14:08,19/01/2026 14:21,Central Station,Opera House,1164,casual,1977,3.10
113639,19/01/2026 14:40,19/01/2026 14:56,Kayak Launch ,Summit Ridge,1012,member,1973,0.00
113640,19/01/2026 15:07,19/01/2026 15:18,Observatory Hill,Fountain Court,1290,member,1988,0.00
113641,19/01/2026 16:21,19/01/2026 16:39,Maple Grove,Steelworks Gate,1201,member,1988,0.00
113642,19/01/2026 16:32,19/01/2026 17:05,Westfield Green,Old Town Square,1070,casual,1989,5.95
113643,19/01/2026 16:52,19/01/2026 17:14,Dockside Market,Steelworks Gate,1192,member,1999,0.00
113644,19/01/2026 17:20,19/01/2026 17:26,Gasometer Park,Harbor East,1082,MEMBER,1981,0.00
113645,19/01/2026 18:03,19/01/2026 18:25,Old Town Square,Central Station,1103,casual,1992,4.45
113646,19/01/2026 18:06,19/01/2026 18:18,Pier 12,Old Town Square,1233,Member,1987,0.00
113647,19/01/2026 19:24,19/01/2026 19:54,Old Town Square,Ferry Landing,1252,member,1988,0.00
113648,19/01/2026 19:32,19/01/2026 19:41,Riverside Walk,Cobbler's Row,1044,member,1991,0.00
113649,19/01/2026 21:17,19/01/2026 21:29,University Gate,Guildhall Steps,1290,member,2001,0.00
113650,19/01/2026 22:05,19/01/2026 23:10,Poplar Circle,Botanic Gardens,1184,casual,1995,10.90
113651,19/01/2026 22:41,19/01/2026 22:44,Northgate Transit Hub,Northgate Transit Hub,1211,member,1996,0.00
113652,20/01/2026 08:00,20/01/2026 08:12,University Gate,Cedar Park Loop,1273,member,1988,0.00
113653,20/01/2026 08:11,20/01/2026 08:24,Athletics Center,Northgate Transit Hub,1066,casual,1974,2.95
113654,20/01/2026 08:53,20/01/2026 09:00,Kayak Launch,Marina Green,1082,casual,1991,2.20
113655,20/01/2026 08:59,20/01/2026 09:11,Steelworks Gate,Northgate Transit Hub,1157,member,1973,0.00
113656,20/01/2026 08:59,20/01/2026 09:20,University Gate,Central Station,1080,member,1968,0.00
113657,20/01/2026 09:18,20/01/2026 09:34,Exchange Street,Gasometer Park,1046,casual,2000,3.40
113658,20/01/2026 12:00,20/01/2026 12:13,Maple Grove,City Hall,1233,member,1990,0.00
113659,20/01/2026 13:48,20/01/2026 13:58,University Gate,Central Station,1067,Member,1989,0.00
113660,20/01/2026 14:11,20/01/2026 14:38,Cobbler's Row,Cobbler's Row,1092,casual,1988,5.05
113661,20/01/2026 14:50,20/01/2026 15:05,Campus North,Athletics Center,1126,Member,1964,0.00
113662,20/01/2026 15:03,20/01/2026 15:10,Pier 12,Old Town Square,1141,member,1979,0.00
113663,20/01/2026 16:03,20/01/2026 16:06,Foundry District,Gasometer Park,1097,member,1988,0.00
113664,20/01/2026 16:03,20/01/2026 16:06,Northgate Transit Hub,Clocktower Plaza,1011,member,1994,0.00
113665,20/01/2026 16:06,20/01/2026 16:13,Merchant Hall,Gasometer Park,1065,casual,1991,2.20
113666,20/01/2026 16:58,20/01/2026 17:08,Westfield Green,Grand & 3rd,1093,Member,1989,0.00
113667,20/01/2026 17:11,20/01/2026 17:25,Seawall Promenade,Seawall Promenade,1108,Member,1991,0.00
113668,20/01/2026 17:35,20/01/2026 18:27,Maple Grove,Ferry Landing,1305,casual,1984,8.95
113669,20/01/2026 17:37,20/01/2026 18:04,Cobbler's Row,Gasometer Park,1090,Casual,1964,5.20
113670,20/01/2026 17:48,20/01/2026 17:55,Gasometer Park,Old Town Square,1281,Member,1980,0.00
113671,20/01/2026 17:51,20/01/2026 17:56,Kayak Launch,Sunset Boulevard,1200,member,1968,0.00
113672,20/01/2026 18:25,20/01/2026 19:16,Observatory Hill,Steelworks Gate,1050,casual,1994,8.65
113673,20/01/2026 18:28,20/01/2026 18:52,Maple Grove,Student Commons,1300,casual,1986,4.75
113674,20/01/2026 19:12,20/01/2026 19:18,Campus North,Lighthouse Point,1288,casual,1989,1.90
113675,20/01/2026 20:00,20/01/2026 20:29,Athletics Center,Aurora & 22nd,1152,casual,2007,5.35
113676,20/01/2026 20:21,20/01/2026 20:32,Botanic Gardens,Botanic Gardens,1158,member,1986,0.00
113677,20/01/2026 20:28,20/01/2026 20:36,Cedar Park Loop,Old Town Square,1125,Member,2005,0.00
113678,20/01/2026 20:36,20/01/2026 20:41,Central Station,Cedar Park Loop,1164,Member,1999,0.00
113679,20/01/2026 23:09,20/01/2026 23:14,Riverside Walk,Athletics Center,1060,MEMBER,1962,0.00
113680,21/01/2026 06:55,21/01/2026 07:08,Pier 12,Seawall Promenade,1275,casual,1993,3.10
113681,21/01/2026 08:01,21/01/2026 08:10,Observatory Hill,Pier 12,1124,member,1958,0.00
113682,21/01/2026 08:48,21/01/2026 09:09,Old Town Square,Student Commons,1260,casual,1972,4.15
113683,21/01/2026 10:15,21/01/2026 10:33,Warehouse Row,Grand & 3rd,1023,member,1992,0.00
113684,21/01/2026 11:02,21/01/2026 11:26,Cedar Park Loop,Old Town Square,1035,member,1987,0.00
113685,21/01/2026 12:03,21/01/2026 12:13,Cedar Park Loop,Central Station,1279,member,1986,0.00
113686,21/01/2026 12:14,21/01/2026 12:21,Sunset Boulevard,Student Commons,1140,Casual,1984,2.05
113687,21/01/2026 12:24,21/01/2026 12:46,Botanic Gardens,Botanic Gardens,1186,casual,1990,4.30
113688,21/01/2026 12:37,21/01/2026 12:46,Central Station,Marina Green,1176,Member,1978,0.00
113689,21/01/2026 13:07,21/01/2026 13:28,Pier 12,Student Commons,1233,member,1972,0.00
113690,21/01/2026 13:11,21/01/2026 13:29,Grand & 3rd,Grand & 3rd,1049,member,1973,0.00
113691,21/01/2026 16:06,21/01/2026 16:36,Merchant Hall ,Pier 12,1034,casual,1993,5.65
113692,21/01/2026 16:51,21/01/2026 18:00,Meridian Tower,Old Town Square,1004,casual,1985,11.50
113693,21/01/2026 17:36,21/01/2026 17:52,Fountain Court,Gasometer Park,1241,member,1997,0.00
113694,21/01/2026 17:47,21/01/2026 17:58,Old Town Square,Willow Bend,1217,casual,1993,2.80
113695,21/01/2026 17:58,21/01/2026 18:17,Tramline Depot,Student Commons,1252,casual,1993,4.00
113696,21/01/2026 18:19,21/01/2026 18:38,Old Town Square,Old Town Square,1252,casual,1962,3.85
113697,21/01/2026 18:43,21/01/2026 18:49,Guildhall Steps,City Hall,1231,member,1970,0.00
113698,21/01/2026 18:49,21/01/2026 19:00,Old Town Square,University Gate,1281,member,1985,0.00
113699,21/01/2026 19:07,21/01/2026 19:26,Pier 12,Steelworks Gate,1210,member,1991,0.00
113700,21/01/2026 19:42,21/01/2026 19:57,Riverside Walk,Riverside Walk,1250,member,1980,0.00
113701,21/01/2026 21:48,21/01/2026 22:23,Botanic Gardens,Botanic Gardens,1112,casual,1993,6.25
113702,21/01/2026 23:29,21/01/2026 23:44,Gasometer Park,Gasometer Park,1213,member,1981,0.00
113703,22/01/2026 01:53,22/01/2026 02:11,Maple Grove,Steelworks Gate,1118,member,2003,0.00
113704,22/01/2026 03:35,22/01/2026 03:44,Warehouse Row,Opera House,1164,member,1991,0.00
113705,22/01/2026 07:02,22/01/2026 07:18,Cobbler's Row,Seawall Promenade,1041,Member,1993,0.00
113706,22/01/2026 08:08,22/01/2026 06:51,Dockside Market,Steelworks Gate,1201,member,1994,0.00
113707,22/01/2026 08:27,22/01/2026 08:43,Observatory Hill,Old Town Square,1125,casual,1977,3.40
113708,22/01/2026 08:29,22/01/2026 08:47,Westfield Green,Grand & 3rd,1081,member,1979,0.00
113709,22/01/2026 09:09,22/01/2026 09:16,Fountain Court,Kayak Launch,1208,member,1979,0.00
113710,22/01/2026 09:37,22/01/2026 09:48,Central Station,Cedar Park Loop,1080,member,1987,0.00
113711,22/01/2026 11:23,22/01/2026 11:50,Steelworks Gate,City Hall,1125,casual,1986,5.05
113712,22/01/2026 11:24,22/01/2026 11:58,Pier 12,Pier 12,1136,Casual,1975,6.25
113713,22/01/2026 12:36,22/01/2026 12:54,Central Station,Central Station,1194,member,1973,0.00
113714,22/01/2026 12:44,22/01/2026 13:04,Steelworks Gate,Athletics Center,1044,member,1984,0.00
113715,22/01/2026 13:11,22/01/2026 13:20,Aurora & 22nd,CITY HALL,1079,member,1988,0.00
113716,22/01/2026 13:28,22/01/2026 13:40,Fountain Court,Fountain Court,1110,Member,1989,0.00
113717,22/01/2026 13:43,22/01/2026 13:46,Maple Grove,Pier 12,1248,member,,0.00
113718,22/01/2026 14:32,22/01/2026 14:40,Old Town Square,Gasometer Park ,1024,member,1975,0.00
113719,22/01/2026 16:07,22/01/2026 16:15,Seawall Promenade,OLD MILL CROSSING,1315,member,1966,0.00
113720,22/01/2026 17:15,22/01/2026 17:31,Opera House,Fountain Court,1073,Casual,1965,3.40
113721,22/01/2026 17:40,22/01/2026 17:48,City Hall,Opera House,1160,MEMBER,1991,0.00
113722,22/01/2026 21:10,22/01/2026 21:18,Kayak Launch,Athletics Center,1284,Member,2002,0.00
113723,23/01/2026 07:30,23/01/2026 07:45,Warehouse Row,Riverside Walk,1208,casual,2006,3.40
113724,23/01/2026 08:40,23/01/2026 09:04,Northgate Mall,Northgate Mall,1242,member,1981,0.00
113725,23/01/2026 08:44,23/01/2026 08:55,Gasometer Park,Northgate Mall,1195,member,1971,0.00
113726,23/01/2026 09:13,23/01/2026 09:33,Old Town Square,Harbor East,1195,Member,1991,0.00
113727,23/01/2026 09:23,23/01/2026 09:27,Pier 12,Summit Ridge,1208,member,1966,0.00
113728,23/01/2026 10:10,23/01/2026 10:35,Gasometer Park,Aurora & 22nd,1004,casual,1985,4.90
113729,23/01/2026 10:37,23/01/2026 11:20,Central Station,Gasometer Park,1144,casual,1990,7.60
113730,23/01/2026 11:52,23/01/2026 12:23,Old Town Square ,Tannery Yard,1227,member,1980,0.00
113731,23/01/2026 11:57,23/01/2026 12:16,Maple Grove,University Gate,1233,Member,1992,0.00
113732,23/01/2026 12:12,23/01/2026 12:26,Steelworks Gate,Steelworks Gate,1216,member,1992,0.00
113733,23/01/2026 12:16,23/01/2026 12:22,King's Cross Lane,Old Town Square,1274,member,1999,0.00
113734,23/01/2026 12:35,23/01/2026 12:51,Pier 12,Riverside Walk,1137,casual,1982,3.40
113735,23/01/2026 12:42,23/01/2026 13:10,Science Quad,Northgate Transit Hub,1179,member,1975,0.00
113736,23/01/2026 13:29,23/01/2026 13:39,Gasometer Park,Ferry Landing,1246,member,1976,0.00
113737,23/01/2026 15:13,23/01/2026 15:18,Student Commons,Steelworks Gate,1011,member,1958,0.00
113738,23/01/2026 15:50,23/01/2026 15:58,Athletics Center,Athletics Center,1283,member,1970,0.00
113739,23/01/2026 16:02,23/01/2026 16:12,Union Plaza,City Hall,1141,member,2000,0.00
113740,23/01/2026 16:33,23/01/2026 16:43,Gasometer Park,Merchant Hall,1007,MEMBER,1989,0.00
113741,23/01/2026 16:38,23/01/2026 17:04,Old Mill Crossing,Aurora & 40th,1206,member,2002,0.00
113742,23/01/2026 16:39,23/01/2026 17:02,Old Town Square,Ferry Landing,1233,Casual,1971,4.45
113743,23/01/2026 17:39,23/01/2026 17:45,Gasometer Park,Heron Park,1016,member,1974,0.00
113744,23/01/2026 18:10,23/01/2026 18:17,Ferry Landing,Tramline Depot,1279,member,1991,0.00
113745,23/01/2026 18:38,23/01/2026 18:49,Westfield Green,Grand & 3rd,1284,Member,1991,0.00
113746,23/01/2026 19:26,23/01/2026 19:50,Union Plaza,Union Plaza,1020,casual,1999,4.60
113747,23/01/2026 22:55,23/01/2026 23:01,Pier 12,Summit Ridge,1311,member,1997,0.00
113748,24/01/2026 08:30,24/01/2026 08:51,Gasometer Park,Marina Green,1133,member,1967,0.00
113749,24/01/2026 09:06,24/01/2026 09:25,Old Town Square,Warehouse Row,1132,Casual,1970,3.85
113750,24/01/2026 09:06,24/01/2026 09:21,Science Quad,Summit Ridge,1302,casual,1972,3.25
113751,24/01/2026 09:24,24/01/2026 09:28,Seawall Promenade,Seawall Promenade,1184,member,2000,0.00
113752,24/01/2026 10:30,24/01/2026 10:46,Harbor East,University Gate,1011,member,1979,0.00
113753,24/01/2026 10:51,24/01/2026 11:03,University Gate,Dockside Market,1144,casual,1980,2.80
113754,24/01/2026 11:21,24/01/2026 11:38,Old Town Square,Old Town Square,1134,casual,1986,3.55
113755,24/01/2026 11:23,24/01/2026 12:06,City Hall,Gasometer Park,1028,casual,1986,7.45
113756,24/01/2026 11:29,24/01/2026 11:47,Summit Ridge,Northgate Transit Hub,1252,casual,1982,3.70
113757,24/01/2026 12:20,24/01/2026 13:04,Old Town Square,Northgate Transit Hub,1311,casual,1989,7.75
113758,24/01/2026 15:11,24/01/2026 15:33,Old Town Square,Opera House,1279,member,1985,0.00
113759,24/01/2026 16:56,24/01/2026 17:11,Botanic Gardens,Botanic Gardens,1233,member,,0.00
113760,24/01/2026 17:23,24/01/2026 17:52,Athletics Center,Athletics Center,1209,casual,1983,5.35
113761,24/01/2026 18:09,24/01/2026 18:15,Gasometer Park,Lighthouse Point,1065,member,1977,0.00
113762,24/01/2026 18:54,24/01/2026 19:08,Tramline Depot,Old Town Square,1024,casual,1972,3.25
113763,24/01/2026 19:47,24/01/2026 20:00,Seawall Promenade,Seawall Promenade,1316,casual,1985,3.10
113764,24/01/2026 20:35,24/01/2026 20:46,Central Station,Northgate Transit Hub,1311,Casual,1989,2.65
113765,24/01/2026 20:59,24/01/2026 21:11,Science Quad,Steelworks Gate,1120,member,1962,0.00
113766,24/01/2026 23:06,24/01/2026 23:20,Cedar Park Loop,Gasometer Park,1316,Casual,1992,3.25
113767,24/01/2026 23:53,24/01/2026 23:57,Aurora & 22nd,Aurora & 22nd,1255,member,1996,0.00
113768,25/01/2026 00:50,25/01/2026 01:02,Old Town Square,Summit Ridge,1027,member,1973,0.00
113769,25/01/2026 03:44,25/01/2026 04:02,Old Mill Crossing,Pier 12,1024,casual,1982,3.85
113770,25/01/2026 09:28,25/01/2026 10:01,Old Mill Crossing,Maple Grove,1317,casual,1987,5.95
113771,25/01/2026 09:41,25/01/2026 09:53,Old Town Square,OLD TOWN SQUARE,1195,member,1970,0.00
113772,25/01/2026 10:01,25/01/2026 10:18,Pier 12,Cobbler's Row,1058,member,1993,0.00
113773,25/01/2026 11:27,25/01/2026 11:35,City Hall,Science Quad,1173,Member,,0.00
113774,25/01/2026 11:46,25/01/2026 12:05,Student Commons,Old Mill Crossing,1063,casual,1962,3.85
113775,25/01/2026 11:51,25/01/2026 12:42,Tannery Yard,Student Commons,1066,casual,1991,8.80
113776,25/01/2026 12:39,25/01/2026 12:41,Orchard Lane,Orchard Lane,1057,member,1977,0.00
113777,25/01/2026 14:20,25/01/2026 14:34,Gasometer Park,Kayak Launch,1033,member,1970,0.00
113778,25/01/2026 14:27,25/01/2026 14:40,Gasometer Park,Gasometer Park,1113,member,1995,0.00
113779,25/01/2026 14:44,25/01/2026 15:07,Observatory Hill,Grand & 3rd,1092,casual,2000,4.60
113780,25/01/2026 15:11,25/01/2026 15:28,Seawall Promenade,Northgate Transit Hub,1159,member,1982,0.00
113781,25/01/2026 15:37,25/01/2026 15:48,Kayak Launch,Summit Ridge,1025,member,1977,0.00
113782,25/01/2026 15:55,25/01/2026 16:05,Athletics Center,Athletics Center,1055,member,1983,0.00
113783,25/01/2026 16:58,25/01/2026 17:13,Gasometer Park,Old Town Square,1058,casual,1992,3.25
113784,25/01/2026 19:21,25/01/2026 19:27,Fountain Court,Old Town Square,1016,member,1967,0.00
113785,25/01/2026 19:44,25/01/2026 20:01,Botanic Gardens,Science Quad,1277,casual,1973,3.55
113786,25/01/2026 20:52,25/01/2026 21:24,Old Town Square,Old Town Square,1015,casual,1989,5.80
113787,26/01/2026 05:37,26/01/2026 05:46,Westfield Green,Opera House,1267,casual,1900,2.50
113788,26/01/2026 06:40,26/01/2026 07:07,Riverside Walk,Central Station,1307,casual,2001,5.20
113789,26/01/2026 07:51,26/01/2026 08:01,City Hall,Summit Ridge,1226,casual,1988,2.50
113790,26/01/2026 08:13,26/01/2026 08:19,Opera House,Opera House,1009,member,1986,0.00
113791,26/01/2026 08:25,26/01/2026 08:30,Northgate Transit Hub,Summit Ridge,1057,member,1974,0.00
113792,26/01/2026 09:05,26/01/2026 09:12,Dockside Market,Old Town Square,1070,member,1984,0.00
113793,26/01/2026 09:50,26/01/2026 10:13,Opera House,Grand & 9th,1012,member,1995,0.00
113794,26/01/2026 10:03,26/01/2026 10:12,Steelworks Gate,Steelworks Gate,1001,member,1998,0.00
113795,26/01/2026 11:56,26/01/2026 12:06,Old Mill Crossing,Old Mill Crossing,1012,Member,2000,0.00
113796,26/01/2026 12:21,26/01/2026 12:49,Maple Grove,City Hall,1184,Casual,1967,5.20
113797,26/01/2026 12:29,26/01/2026 13:13,Aurora & 40th,Aurora & 40th,1085,casual,1979,7.75
113798,26/01/2026 14:06,26/01/2026 14:16,Merchant Hall,Steelworks Gate,1262,MEMBER,1972,0.00
113799,26/01/2026 14:08,26/01/2026 14:20,Central Station,Central Station,1044,member,1994,0.00
113800,26/01/2026 14:43,26/01/2026 15:07,Cedar Park Loop,Harbor East,1197,Casual,1968,4.60
113801,26/01/2026 15:03,26/01/2026 15:13,Opera House,Aurora & 22nd,1150,member,1991,0.00
113802,26/01/2026 15:42,26/01/2026 15:31,Lighthouse Point,Kayak Launch,1153,member,1982,0.00
113803,26/01/2026 16:15,26/01/2026 16:42,Old Mill Crossing,CEDAR PARK LOOP,1215,member,1979,0.00
113804,26/01/2026 16:41,26/01/2026 17:01,Athletics Center,Old Town Square,1311,member,1994,0.00
113805,26/01/2026 18:25,26/01/2026 18:30,Aurora & 22nd,Northgate Mall,1058,Member,1991,0.00
113806,26/01/2026 18:42,26/01/2026 18:53,King's Cross Lane,King's Cross Lane,1027,casual,1984,2.80
113807,26/01/2026 19:16,26/01/2026 19:48,Observatory Hill,Riverside Walk,1031,member,1992,0.00
113808,26/01/2026 22:11,26/01/2026 22:18,City Hall,Student Commons,1102,member,1994,0.00
113809,26/01/2026 22:12,26/01/2026 22:31,Pier 12,Student Commons,1074,casual,1984,3.85
113810,26/01/2026 22:37,26/01/2026 23:21,Opera House,Cobbler's Row,1048,casual,1997,7.75
113811,27/01/2026 00:09,27/01/2026 00:17,Marina Green,Marina Green,1263,member,1988,0.00
113812,27/01/2026 07:17,27/01/2026 07:24,Riverside Walk,Athletics Center,1196,casual,1994,2.05
113813,27/01/2026 07:36,27/01/2026 07:52,Sunset Boulevard,Sunset Boulevard,1027,member,1974,0.00
113814,27/01/2026 07:44,27/01/2026 07:59,University Gate,Science Quad,1233,Casual,1993,3.40
113815,27/01/2026 08:44,27/01/2026 08:50,Central Station,Central Station,1276,member,1986,0.00
113816,27/01/2026 11:14,27/01/2026 12:11,Seawall Promenade,Seawall Promenade,1201,casual,1963,9.70
113817,27/01/2026 12:21,27/01/2026 12:34,Northgate Mall,Northgate Mall,1278,member,2002,0.00
113818,27/01/2026 12:52,27/01/2026 13:26,Marina Green,Union Plaza,1119,casual,1985,6.25
113819,27/01/2026 16:05,27/01/2026 16:17,Athletics Center,Dockside Market,1147,member,1971,0.00
113820,27/01/2026 17:21,27/01/2026 17:37,Pier 12,Pier 12,1316,member,1979,0.00
113821,27/01/2026 20:59,27/01/2026 21:07,Union Plaza,Gasometer Park,1006,member,1990,0.00
113822,27/01/2026 22:35,27/01/2026 22:48,Old Town Square,old town square,1313,member,1983,0.00
113823,28/01/2026 06:42,28/01/2026 06:51,Union Plaza,Fountain Court,1231,member,1996,0.00
113824,28/01/2026 07:49,28/01/2026 07:57,Student Commons,Seawall Promenade,1081,member,1985,0.00
113825,28/01/2026 08:04,28/01/2026 08:22,Steelworks Gate,Old Town Square,1186,casual,1998,3.85
113826,28/01/2026 08:39,28/01/2026 08:48,Lighthouse Point,Pier 12,1025,member,1987,0.00
113827,28/01/2026 08:46,28/01/2026 08:52,Central Station,Central Station,1154,member,1994,0.00
113828,28/01/2026 08:51,28/01/2026 09:00,Old Mill Crossing,Maple Grove,1110,member,1977,0.00
113829,28/01/2026 09:19,28/01/2026 09:34,Old Town Square,Aurora & 22nd,1175,Member,1985,0.00
113830,28/01/2026 10:31,28/01/2026 10:54,Central Station,Dockside Market,1075,casual,1969,4.45
113831,28/01/2026 15:09,28/01/2026 15:18,Observatory Hill,Marina Green,1290,member,1999,0.00
113832,28/01/2026 15:45,28/01/2026 15:50,Botanic Gardens,University Gate,1031,member,1993,0.00
113833,28/01/2026 16:15,28/01/2026 16:36,Exchange Street,Old Town Square,1162,casual,1969,4.30
113834,28/01/2026 16:26,28/01/2026 16:29,Maple Grove,Old Mill Crossing,1024,casual,2001,1.45
113835,28/01/2026 16:46,28/01/2026 17:00,Athletics Center,Athletics Center,1289,member,1992,0.00
113836,28/01/2026 16:58,28/01/2026 17:18,Student Commons,Central Station,1157,member,1979,0.00
113837,28/01/2026 17:26,28/01/2026 17:36,Orchard Lane,Cedar Park Loop,1213,member,1992,0.00
113838,28/01/2026 17:32,28/01/2026 17:39,Cedar Park Loop,Central Station,1233,member,1989,0.00
113839,28/01/2026 17:46,28/01/2026 17:50,Pier 12,Poplar Circle,1248,casual,1969,1.60
113840,28/01/2026 18:21,28/01/2026 19:10,Ferry Landing,Library Mall,1019,casual,1998,8.50
113841,28/01/2026 19:04,28/01/2026 19:37,Central Station,Ferry Landing,1030,casual,1975,5.95
113842,28/01/2026 19:23,28/01/2026 19:33,Guildhall Steps,Guildhall Steps,1298,casual,1999,2.50
113843,28/01/2026 20:43,28/01/2026 21:23,Dockside Market,Old Town Square,1213,casual,1992,7.15
113844,28/01/2026 21:01,28/01/2026 21:09,Warehouse Row,Old Town Square,1232,MEMBER,2003,0.00
113845,28/01/2026 21:07,28/01/2026 21:25,Pier 12,Pier 12,1233,Casual,1993,3.70
113846,28/01/2026 22:19,28/01/2026 22:33,Central Station,Botanic Gardens,1027,member,1987,0.00
113847,29/01/2026 06:14,29/01/2026 06:20,Central Station,Opera House,1077,Casual,1991,2.05
113848,29/01/2026 07:15,29/01/2026 07:34,Ferry Landing,Central Station,1215,member,1973,0.00
113849,29/01/2026 08:29,29/01/2026 08:32,Observatory Hill,Northgate Mall,1003,member,1986,0.00
113850,29/01/2026 08:47,29/01/2026 08:55,Northgate Transit Hub,Steelworks Gate,1158,member,1991,0.00
113851,29/01/2026 08:59,29/01/2026 09:05,Cedar Park Loop,Central Station,1240,member,1990,0.00
113852,29/01/2026 09:37,29/01/2026 09:45,Harbor East,Student Commons,1248,member,1980,0.00
113853,29/01/2026 11:36,29/01/2026 11:45,Pier 12,Pier 12,1073,member,2001,0.00
113854,29/01/2026 12:39,29/01/2026 12:51,Poplar Circle,City Hall,1207,casual,1970,2.95
113855,29/01/2026 13:40,29/01/2026 13:53,Riverside Walk,Gasometer Park,1019,member,1976,0.00
113856,29/01/2026 14:46,29/01/2026 14:55,Athletics Center,Athletics Center,1260,member,1995,0.00
113857,29/01/2026 15:13,29/01/2026 15:28,Central Station,Pier 12,1254,member,1975,0.00
113858,29/01/2026 15:25,29/01/2026 15:33,Gasometer Park,Aurora & 40th,1232,member,1991,0.00
113859,29/01/2026 16:10,29/01/2026 16:25,Opera House,Pier 12,1221,Member,1984,0.00
113860,29/01/2026 16:44,29/01/2026 16:53,Westfield Green,Old Town Square,1047,member,1975,0.00
113861,29/01/2026 16:54,29/01/2026 17:23,Ferry Meadow,Ferry Meadow,1269,member,1992,0.00
113862,29/01/2026 17:23,29/01/2026 17:45,Tannery Yard,Tannery Yard,1002,member,1977,0.00
113863,29/01/2026 18:01,29/01/2026 18:18,Cobbler's Row,Merchant Hall,1043,member,2001,0.00
113864,29/01/2026 18:12,29/01/2026 18:47,Science Quad,Science Quad,1051,casual,1987,6.40
113865,29/01/2026 18:36,29/01/2026 18:51,Student Commons,Summit Ridge,1011,member,1997,0.00
113866,29/01/2026 19:01,29/01/2026 19:19,Science Quad,Warehouse Row,1116,member,1996,0.00
113867,29/01/2026 19:13,29/01/2026 19:46,Cobbler's Row,Cobbler's Row,1306,casual,1969,5.95
113868,29/01/2026 19:56,29/01/2026 19:59,University Gate,Central Station,1063,member,1992,0.00
113869,29/01/2026 19:58,29/01/2026 20:13,Maple Grove,Central Station,1310,casual,1985,3.40
113870,29/01/2026 20:36,29/01/2026 20:44,Student Commons,Old Town Square,1208,member,1992,0.00
113871,29/01/2026 21:34,29/01/2026 21:39,Central Station,Tannery Yard,1164,Member,1978,0.00
113872,30/01/2026 06:37,30/01/2026 06:58,Warehouse Row,Grand & 9th,1262,member,1987,0.00
113873,30/01/2026 07:59,30/01/2026 08:03,Old Town Square,Union Plaza,1248,member,1996,0.00
113874,30/01/2026 08:03,30/01/2026 08:11,Poplar Circle,Summit Ridge,1052,member,1981,0.00
113875,30/01/2026 08:14,30/01/2026 08:34,Old Mill Crossing,Old Mill Crossing,1012,casual,1987,4.00
113876,30/01/2026 08:15,30/01/2026 08:52,Westfield Green,Grand & 3rd,1091,member,1997,0.00
113877,30/01/2026 08:39,30/01/2026 08:55,Athletics Center,Summit Ridge,1233,casual,1984,3.55
113878,30/01/2026 09:30,30/01/2026 09:44,Gasometer Park,Aurora & 22nd,1035,casual,1975,3.25
113879,30/01/2026 11:09,30/01/2026 11:22,Pier 12,Ferry Landing,1098,casual,1983,2.95
113880,30/01/2026 11:52,30/01/2026 12:07,Athletics Center,Kayak Launch,1236,Member,1982,0.00
113881,30/01/2026 12:01,30/01/2026 12:17,Harbor West,Sunset Boulevard,1006,member,2000,0.00
113882,30/01/2026 12:08,30/01/2026 12:20,Opera House,Central Station,1310,member,1966,0.00
113883,30/01/2026 12:38,30/01/2026 12:46,Gasometer Park,Gasometer Park,1046,casual,1990,2.20
113884,30/01/2026 14:54,30/01/2026 15:20,City Hall,Gasometer Park,1138,MEMBER,1991,0.00
113885,30/01/2026 15:02,30/01/2026 15:07,Cedar Park Loop,Central Station,1290,member,1986,0.00
113886,30/01/2026 15:46,30/01/2026 16:04,King's Cross Lane,Kayak Launch,1298,member,1985,0.00
113887,30/01/2026 16:26,30/01/2026 16:51,Seawall Promenade,Seawall Promenade,1115,member,1982,0.00
113888,30/01/2026 16:31,30/01/2026 16:36,University Gate,Central Station,1268,MEMBER,1970,0.00
113889,30/01/2026 17:01,30/01/2026 17:10,Dockside Market,Harbor West,1170,member,1986,0.00
113890,30/01/2026 17:07,30/01/2026 17:26,Kayak Launch,University Gate,1209,MEMBER,1980,0.00
113891,30/01/2026 17:24,30/01/2026 18:10,Pier 12,Old Town Square,1250,casual,2000,8.05
113892,30/01/2026 17:30,30/01/2026 17:40,Cathedral Gate,Cathedral Gate,1220,member,1976,0.00
113893,30/01/2026 17:37,30/01/2026 17:54,Marina Green,University Gate,1004,casual,1985,3.55
113894,30/01/2026 17:49,30/01/2026 19:02,Old Town Square,Old Town Square,1080,Casual,2002,11.95
113895,30/01/2026 18:07,30/01/2026 18:32,Maple Grove,Seawall Promenade,1233,member,1983,0.00
113896,30/01/2026 18:32,30/01/2026 18:47,Opera House,Union Plaza,1209,member,1985,0.00
113897,30/01/2026 19:07,30/01/2026 20:06,Central Station,Sunset Boulevard,1237,casual,1990,10.00
113898,30/01/2026 19:10,30/01/2026 19:32,Warehouse Row,Warehouse Row,1090,Member,1989,0.00
113899,30/01/2026 19:15,30/01/2026 19:25,Old Mill Crossing,Tannery Yard,1013,casual,1977,2.65
113900,30/01/2026 19:26,30/01/2026 19:37,Summit Ridge,Summit Ridge,1266,member,1999,0.00
113901,30/01/2026 19:51,30/01/2026 19:59,Cathedral Gate,Student Commons,1081,member,2004,0.00
113902,30/01/2026 19:53,30/01/2026 19:58,Maple Grove,Rosemont & 5th,1206,member,1973,0.00
113903,30/01/2026 20:08,30/01/2026 20:27,Northgate Transit Hub,City Hall,1070,casual,1964,4.00
113904,31/01/2026 00:36,31/01/2026 00:58,Observatory Hill,Kayak Launch,1048,casual,1993,4.30
113905,31/01/2026 07:38,31/01/2026 07:49,Poplar Circle,Fountain Court,1001,member,1985,0.00
113906,31/01/2026 08:18,31/01/2026 08:23,Kayak Launch,Tramline Depot,1293,member,1967,0.00
113907,31/01/2026 09:13,31/01/2026 09:34,Kayak Launch,Opera House,1145,casual,1981,4.15
113908,31/01/2026 09:59,31/01/2026 11:13,Birchwood Terrace,Northgate Transit Hub,1022,casual,,12.10
113909,31/01/2026 10:00,31/01/2026 10:04,Warehouse Row,Steelworks Gate,1061,member,1994,0.00
113910,31/01/2026 10:00,31/01/2026 10:39,Cobbler's Row,Birchwood Terrace,1133,casual,1989,6.85
113911,31/01/2026 11:22,31/01/2026 11:30,Kayak Launch,Gasometer Park,1266,MEMBER,1977,0.00
113912,31/01/2026 12:04,31/01/2026 12:10,Central Station,Exchange Street,1185,casual,1987,2.05
113913,31/01/2026 12:29,31/01/2026 12:55,Ferry Meadow,Marina Green,1287,casual,1989,4.90
113914,31/01/2026 12:31,31/01/2026 12:46,Westfield Green,Westfield Green,1273,casual,1980,3.25
113915,31/01/2026 12:42,31/01/2026 12:57,Botanic Gardens,Cedar Park Loop,1123,casual,1977,3.40
113916,31/01/2026 12:45,31/01/2026 12:59,Pier 12,Gasometer Park ,1207,member,1998,0.00
113917,31/01/2026 12:45,31/01/2026 13:03,Northgate Transit Hub,Opera House,1272,member,1991,0.00
113917,31/01/2026 12:45,31/01/2026 13:03,Northgate Transit Hub,Opera House,1272,member,1991,0.00
113918,31/01/2026 12:48,31/01/2026 13:02,Floodgate Road,Floodgate Road,1288,casual,2006,3.10
113919,31/01/2026 12:54,31/01/2026 13:24,Gasometer Park,Gasometer Park,1014,MEMBER,1986,0.00
113920,31/01/2026 13:52,31/01/2026 13:59,Ferry Meadow,Aurora & 22nd ,1123,member,1993,0.00
113921,31/01/2026 14:29,31/01/2026 14:42,University Gate,Observatory Hill,1164,member,1973,0.00
113922,31/01/2026 14:40,31/01/2026 14:46,Central Station,Clocktower Plaza,1079,casual,1967,2.05
113923,31/01/2026 16:38,31/01/2026 16:49,Summit Ridge,Summit Ridge,1236,member,1988,0.00
113924,31/01/2026 16:51,31/01/2026 17:07,Dockside Market,Harbor West,1174,member,1999,0.00
113925,31/01/2026 17:49,31/01/2026 18:40,Northgate Mall,Northgate Mall,1213,casual,1977,8.65
113926,31/01/2026 18:16,31/01/2026 18:28,Gasometer Park,Cedar Park Loop,1074,casual,1991,2.80
113927,31/01/2026 21:26,31/01/2026 21:39,Maple Grove,University Gate,1132,casual,1988,2.95
113928,31/01/2026 21:57,31/01/2026 22:21,Ferry Landing,Summit Ridge,1024,member,1970,0.00
113929,31/01/2026 23:24,31/01/2026 23:40,Old Mill Crossing,Riverside Walk,1176,casual,1978,3.40
113930,01/02/2026 08:36,01/02/2026 09:20,Old Mill Crossing,Observatory Hill,1175,casual,1990,7.75
113931,01/02/2026 09:53,01/02/2026 10:00,Aurora & 40th,Union Plaza,1316,member,1994,0.00
113932,01/02/2026 10:04,01/02/2026 10:08,Seawall Promenade,Seawall Promenade,1249,member,1981,0.00
113933,01/02/2026 10:13,01/02/2026 10:18,Floodgate Road,Floodgate Road,1193,member,1982,0.00
113934,01/02/2026 10:46,01/02/2026 11:03,Northgate Transit Hub,Northgate Transit Hub,1259,casual,1963,3.55
113935,01/02/2026 11:34,01/02/2026 11:51,Athletics Center,Kayak Launch,1244,casual,1981,3.55
113936,01/02/2026 11:46,01/02/2026 12:08,Athletics Center,Gasometer Park,1063,casual,1982,4.30
113937,01/02/2026 12:20,01/02/2026 13:22,Kayak Launch,Hillcrest Point,1152,casual,1964,10.30
113938,01/02/2026 12:37,01/02/2026 12:45,Science Quad,Student Commons,1227,Casual,1997,2.20
113939,01/02/2026 12:55,01/02/2026 13:02,Meridian Tower,Meridian Tower,1249,member,1987,0.00
113940,01/02/2026 13:10,01/02/2026 13:22,Aurora & 22nd,Old Town Square,1152,Casual,1984,2.95
113941,01/02/2026 14:29,01/02/2026 15:15,Gasometer Park,Pier 12,1273,casual,1976,8.05
113942,01/02/2026 15:18,01/02/2026 15:34,Warehouse Row,Orchard Lane,1040,Member,1975,0.00
113943,01/02/2026 15:32,01/02/2026 16:07,Floodgate Road,Gasometer Park,1290,Casual,1991,6.40
113944,01/02/2026 15:36,01/02/2026 16:08,City Hall,Gasometer Park,1001,member,1994,0.00
113945,01/02/2026 16:27,01/02/2026 16:47,Meridian Tower,Heron Park,1009,member,1995,0.00
113946,01/02/2026 17:49,01/02/2026 18:07,Warehouse Row,Warehouse Row,1047,member,,0.00
113947,01/02/2026 19:20,01/02/2026 19:48,Old Town Square,Central Station,1303,casual,1983,5.20
113948,01/02/2026 19:30,01/02/2026 19:53,Old Town Square,Merchant Hall,1273,member,2002,0.00
113949,01/02/2026 23:48,01/02/2026 23:57,Merchant Hall,University Gate,1058,casual,1970,2.50
113950,02/02/2026 06:19,02/02/2026 06:30,Botanic Gardens,Northgate Transit Hub,1070,casual,1972,2.65
113951,02/02/2026 06:22,02/02/2026 06:31,Opera House,University Gate,1314,member,2001,
113952,02/02/2026 06:54,02/02/2026 07:09,Gasometer Park,Athletics Center,1276,casual,1986,3.25
113953,02/02/2026 07:34,02/02/2026 07:51,Botanic Gardens,Merchant Hall,1154,member,1984,0.00
113954,02/02/2026 07:44,02/02/2026 08:01,University Gate,Exchange Street,1206,member,1997,0.00
113955,02/02/2026 08:08,02/02/2026 08:20,Grand & 9th,Old Town Square,1168,member,2004,0.00
113956,02/02/2026 09:18,02/02/2026 09:41,University Gate,University Gate,1132,casual,1989,4.45
113957,02/02/2026 09:49,02/02/2026 10:18,City Hall,Old Town Square,1145,Casual,,5.35
113958,02/02/2026 10:07,02/02/2026 10:17,Sunset Boulevard,Northgate Transit Hub,1117,member,1979,0.00
113959,02/02/2026 10:10,02/02/2026 10:22,Central Station,Central Station,1271,casual,1986,2.95
113960,02/02/2026 13:33,02/02/2026 13:40,Old Town Square,Opera House,1084,member,1974,0.00
113961,02/02/2026 14:12,02/02/2026 14:28,Kayak Launch,Kayak Launch,1306,Casual,1989,3.40
113962,02/02/2026 14:18,02/02/2026 14:28,Central Station,Old Town Square,1285,Member,1982,0.00
113963,02/02/2026 16:17,02/02/2026 16:41,Marina Green,Gasometer Park,1079,member,2000,0.00
113964,02/02/2026 16:40,02/02/2026 16:57,Old Mill Crossing,Cedar Park Loop,1133,casual,1986,3.70
113965,02/02/2026 17:08,02/02/2026 17:19,Guildhall Steps,Old Mill Crossing,1031,casual,1988,2.80
113966,02/02/2026 17:28,02/02/2026 17:51,University Gate,Aurora & 40th,1120,casual,1970,4.45
113967,02/02/2026 17:38,02/02/2026 18:15,Cedar Park Loop,Central Station,1098,casual,1979,6.55
113968,02/02/2026 18:14,02/02/2026 18:44,Pier 12,Central Station,1108,member,1983,0.00
113969,02/02/2026 18:29,02/02/2026 18:38,Dockside Market,Clocktower Plaza,1233,member,1974,0.00
113970,02/02/2026 18:31,02/02/2026 19:18,Clocktower Plaza,Clocktower Plaza,1142,casual,2004,8.05
113971,02/02/2026 20:37,02/02/2026 21:15,Athletics Center,Student Commons,1238,casual,1982,6.70
113972,02/02/2026 21:51,02/02/2026 22:12,Student Commons,Gasometer Park,1009,casual,1995,4.15
113973,02/02/2026 23:00,02/02/2026 23:13,Athletics Center,Athletics Center,1144,Casual,1981,2.95
113974,03/02/2026 05:00,03/02/2026 05:10,Athletics Center,Student Commons,1186,member,1978,0.00
113975,03/02/2026 06:16,03/02/2026 06:25,Athletics Center,Merchant Hall,1083,casual,1978,2.50
113976,03/02/2026 06:17,03/02/2026 06:35,Athletics Center,Old Town Square,1297,member,1998,0.00
113977,03/02/2026 07:42,03/02/2026 07:49,Central Station,Athletics Center,1067,casual,1988,2.05
113978,03/02/2026 07:54,03/02/2026 08:40,Central Station,Central Station,1238,casual,1972,8.05
113979,03/02/2026 08:54,03/02/2026 09:10,Grand & 9th,Old Town Square,1201,member,1987,0.00
113980,03/02/2026 09:14,03/02/2026 09:29,Gasometer Park,Old Town Square,1242,member,1994,0.00
113981,03/02/2026 09:29,03/02/2026 10:33,Fountain Court,University Gate,1007,member,1983,2.00
113982,03/02/2026 09:51,03/02/2026 10:09,Riverside Walk,Old Town Square,1312,member,1977,0.00
113983,03/02/2026 13:23,03/02/2026 13:29,Northgate Transit Hub,Cobbler's Row,1110,member,1979,0.00
113984,03/02/2026 13:39,03/02/2026 13:55,Seawall Promenade,Central Station,1044,casual,1975,3.55
113985,03/02/2026 16:42,03/02/2026 17:04,Summit Ridge,Summit Ridge,1260,member,1998,0.00
113986,03/02/2026 17:21,03/02/2026 17:39,Observatory Hill,Exchange Street,1079,member,1994,0.00
113987,03/02/2026 18:07,03/02/2026 18:40,Northgate Transit Hub,Old Mill Crossing,1222,casual,1994,5.95
113988,03/02/2026 18:08,03/02/2026 18:48,Maple Grove,Seawall Promenade,1201,casual,1987,7.15
113989,03/02/2026 18:16,03/02/2026 18:44,Sunset Boulevard,Westfield Green,1280,casual,1965,5.35
113990,03/02/2026 18:24,03/02/2026 18:42,Kayak Launch,Aurora & 40th,1065,casual,1991,3.85
113991,03/02/2026 18:56,03/02/2026 19:14,Library Mall,Athletics Center,1104,casual,1977,3.70
113992,03/02/2026 19:46,03/02/2026 19:51,Westfield Green,Grand & 3rd,1210,member,1985,0.00
113993,03/02/2026 20:47,03/02/2026 20:57,Gasometer Park,Tramline Depot,1114,member,1999,0.00
113994,03/02/2026 22:54,03/02/2026 23:55,Observatory Hill,Central Station,1047,casual,1997,10.15
113995,04/02/2026 07:41,04/02/2026 07:51,Aurora & 40th,Northgate Transit Hub,1271,member,1987,0.00
113996,04/02/2026 07:43,04/02/2026 07:53,City Hall,GUILDHALL STEPS,1019,casual,1978,2.50
113997,04/02/2026 07:56,04/02/2026 08:02,Northgate Mall,Northgate Mall,1011,member,,0.00
113998,04/02/2026 08:46,04/02/2026 08:57,Summit Ridge,Clocktower Plaza,1164,MEMBER,1981,0.00
113999,04/02/2026 08:50,04/02/2026 09:10,Riverside Walk,City Hall,1152,casual,1987,4.00
114000,04/02/2026 10:18,04/02/2026 10:33,Opera House,Opera House,1044,Member,1975,0.00
114001,04/02/2026 10:34,04/02/2026 11:19,Gasometer Park,Summit Ridge,1297,casual,1967,7.90
114002,04/02/2026 10:41,04/02/2026 10:59,Old Town Square,Old Town Square,1231,member,1996,0.00
114003,04/02/2026 10:47,04/02/2026 11:16,westfield green,Warehouse Row,1216,member,1996,0.00
114004,04/02/2026 11:55,04/02/2026 12:33,Riverside Walk,Harbor West,1264,casual,1974,6.85
114005,04/02/2026 12:58,04/02/2026 13:21,Grand & 9th,Northgate Mall,1269,member,1995,0.00
114006,04/02/2026 13:05,04/02/2026 13:11,Grand & 9th,Grand & 9th,1077,member,1991,0.00
114007,04/02/2026 14:01,04/02/2026 14:05,Observatory Hill,Old Town Square,1165,member,1977,0.00
114008,04/02/2026 14:11,04/02/2026 14:17,Northgate Transit Hub,Aurora & 40th,1292,Member,,0.00
114009,04/02/2026 14:36,04/02/2026 14:44,Poplar Circle,Gasometer Park,1166,member,1976,0.00
114010,04/02/2026 14:39,04/02/2026 14:45,Kayak Launch,Gasometer Park ,1215,member,1992,0.00
114011,04/02/2026 14:39,04/02/2026 15:11,Dockside Market,Old Town Square,1297,casual,1981,5.80
114012,04/02/2026 15:12,04/02/2026 16:08,Lighthouse Point,City Hall,1283,casual,1982,9.40
114013,04/02/2026 15:42,04/02/2026 16:03,Merchant Hall,Merchant Hall,1204,member,1986,0.00
114014,04/02/2026 16:11,04/02/2026 16:17,Northgate Transit Hub,University Gate,1311,member,1984,0.00
114015,04/02/2026 16:21,04/02/2026 16:47,Merchant Hall,Old Town Square,1193,casual,1993,5.05
114016,04/02/2026 16:40,04/02/2026 16:52,Marina Green,Pier 12,1268,member,1989,0.00
114017,04/02/2026 16:59,04/02/2026 17:10,Northgate Transit Hub,Northgate Mall,1252,member,1981,0.00
114018,04/02/2026 17:09,04/02/2026 17:12,Dockside Market,Cobbler's Row,1128,member,1980,0.00
114019,04/02/2026 17:10,04/02/2026 17:15,Old Town Square,aurora & 22nd,1213,member,1989,0.00
114020,04/02/2026 17:27,04/02/2026 17:37,Steelworks Gate,Floodgate Road,1274,member,1992,0.00
114021,04/02/2026 17:59,04/02/2026 18:12,Old Town Square,Dockside Market,1256,member,1990,0.00
114022,04/02/2026 18:21,04/02/2026 18:38,Steelworks Gate ,Old Town Square,1306,member,1996,0.00
114023,04/02/2026 18:26,04/02/2026 18:32,Student Commons,Cobbler's Row,1059,member,1994,0.00
114024,04/02/2026 19:51,04/02/2026 20:01,Birchwood Terrace,Birchwood Terrace,1172,member,1979,0.00
114025,04/02/2026 20:37,04/02/2026 20:55,Steelworks Gate,Clocktower Plaza,1310,casual,1983,3.85
114026,04/02/2026 21:14,04/02/2026 21:23,Harbor West,Gasometer Park,1008,member,1979,0.00
114027,04/02/2026 23:05,04/02/2026 23:18,Opera House,Northgate Transit Hub,1225,member,1977,0.00
114028,05/02/2026 07:19,05/02/2026 07:28,Student Commons,Seawall Promenade,1277,member,1989,0.00
114029,05/02/2026 07:26,05/02/2026 07:45,city hall,Student Commons,1264,member,2000,0.00
114030,05/02/2026 07:35,05/02/2026 07:40,Gasometer Park,Seawall Promenade,1313,member,2020,0.00
114031,05/02/2026 07:42,05/02/2026 07:50,Marina Green,Marina Green,1216,member,1983,0.00
114032,05/02/2026 09:41,05/02/2026 09:49,Lighthouse Point,Cedar Park Loop,1082,member,1992,0.00
114033,05/02/2026 09:52,05/02/2026 09:55,gasometer park,Floodgate Road,1115,member,1986,0.00
114034,05/02/2026 09:52,05/02/2026 09:57,Cobbler's Row,Cobbler's Row,1116,Member,1965,0.00
114035,05/02/2026 11:08,05/02/2026 11:17,Gasometer Park,City Hall,1274,member,1999,0.00
114036,05/02/2026 11:55,05/02/2026 12:04,Steelworks Gate,Pier 12,1133,member,1974,0.00
114037,05/02/2026 13:03,05/02/2026 13:18,Tramline Depot,Student Commons,1168,member,1964,0.00
114038,05/02/2026 13:27,05/02/2026 14:08,Athletics Center,Athletics Center,1087,casual,1984,7.15
114039,05/02/2026 13:38,05/02/2026 13:52,Observatory Hill,Cedar Park Loop,1196,member,1984,0.00
114040,05/02/2026 13:53,05/02/2026 14:16,Old Town Square,old town square,1044,member,1987,0.00
114041,05/02/2026 14:46,05/02/2026 15:15,Old Town Square,Westfield Green,1086,casual,2000,5.50
114042,05/02/2026 14:48,05/02/2026 15:19,Gasometer Park,Sunset Boulevard,1262,casual,1981,5.65
114043,05/02/2026 15:12,05/02/2026 15:27,Central Station,Observatory Hill,1290,member,1984,0.00
114044,05/02/2026 15:45,05/02/2026 16:10,Gasometer Park,Kayak Launch,1003,member,1999,0.00
114045,05/02/2026 15:49,05/02/2026 15:57,Opera House,Aurora & 40th ,1217,member,1963,0.00
114046,05/02/2026 16:08,05/02/2026 16:18,Floodgate Road,Floodgate Road,1262,member,1983,0.00
114047,05/02/2026 16:16,05/02/2026 16:47,Central Station,Central Station,1213,member,1983,0.00
114048,05/02/2026 17:18,05/02/2026 17:29,Central Station,Cedar Park Loop,1317,MEMBER,1972,0.00
114049,05/02/2026 17:41,05/02/2026 18:10, Seawall Promenade,Seawall Promenade,1027,casual,1992,5.50
114050,05/02/2026 17:45,05/02/2026 17:52,Gasometer Park,Gasometer Park,1206,member,1995,0.00
114051,05/02/2026 17:55,05/02/2026 18:01,Central Station,Central Station,1162,member,1984,0.00
114052,05/02/2026 18:35,05/02/2026 18:41,Dockside Market,Floodgate Road,1058,member,1992,0.00
114053,05/02/2026 18:48,05/02/2026 18:56,Old Town Square,Old Town Square,1274,member,1988,0.00
114054,05/02/2026 19:54,05/02/2026 21:12,Gasometer Park,Riverside Walk,1153,Casual,2000,12.70
114055,05/02/2026 19:57,05/02/2026 20:06,Warehouse Row,Gasometer Park,1005,member,1979,0.00
114056,06/02/2026 02:14,06/02/2026 02:34,Dockside Market,Dockside Market,1266,member,1995,0.00
114057,06/02/2026 05:43,06/02/2026 05:49,Kayak Launch,Central Station,1206,member,1996,0.00
114058,06/02/2026 06:06,06/02/2026 06:22,Observatory Hill,Observatory Hill,1002,Casual,1977,3.40
114059,06/02/2026 06:15,06/02/2026 06:21,Campus North,Campus North,1164,member,1997,0.00
114060,06/02/2026 06:58,06/02/2026 08:22,Harbor East ,University Gate,1158,casual,1986,13.75
114061,06/02/2026 07:50,06/02/2026 08:07,Ferry Landing,Kayak Launch,1208,member,1982,0.00
114062,06/02/2026 08:39,06/02/2026 08:50,Northgate Transit Hub,Student Commons,1031,member,1973,0.00
114063,06/02/2026 08:42,06/02/2026 09:17,Foundry District,Old Mill Crossing,1290,casual,1981,6.40
114064,06/02/2026 09:47,06/02/2026 09:53,Gasometer Park,Steelworks Gate,1255,member,1997,0.00
114065,06/02/2026 10:37,06/02/2026 10:46,Student Commons,Old Town Square,1192,member,,0.00
114066,06/02/2026 11:45,06/02/2026 12:05,Orchard Lane,Northgate Transit Hub,1084,member,1988,0.00
114067,06/02/2026 12:20,06/02/2026 12:40,Tramline Depot,Harbor East,1164,member,1973,0.00
114067,06/02/2026 12:20,06/02/2026 12:40,Tramline Depot,Harbor East,1164,member,1973,0.00
114068,06/02/2026 13:05,06/02/2026 13:13,Foundry District,Foundry District,1310,member,1995,0.00
114069,06/02/2026 13:29,06/02/2026 14:27,Willow Bend,Summit Ridge,1046,casual,1980,9.70
114070,06/02/2026 14:04,06/02/2026 14:13,Old Town Square,Old Town Square,1296,member,1990,0.00
114071,06/02/2026 14:27,06/02/2026 14:32,Old Town Square,King's Cross Lane,1093,member,1967,0.00
114072,06/02/2026 15:33,06/02/2026 16:34,Riverside Walk,Exchange Street,1114,casual,1995,10.30
114073,06/02/2026 16:29,06/02/2026 16:53,Science Quad,Science Quad,1010,Member,1978,0.00
114074,06/02/2026 16:45,06/02/2026 16:51,Kayak Launch,Harbor East,1238,member,1997,0.00
114075,06/02/2026 16:53,06/02/2026 16:58,Harbor West,Harbor East,1312,member,1977,0.00
114076,06/02/2026 17:00,06/02/2026 17:10,Old Mill Crossing,Lighthouse Point,1138,casual,1985,2.65
114077,06/02/2026 17:10,06/02/2026 17:20,Aurora & 22nd,Aurora & 22nd,1031,casual,1974,2.50
114078,06/02/2026 17:19,06/02/2026 17:46,Gasometer Park,City Hall,1233,casual,1993,5.05
114079,06/02/2026 19:16,06/02/2026 19:38,Westfield Green,Grand & 3rd,1238,casual,1984,4.30
114080,06/02/2026 19:37,06/02/2026 19:44,Science Quad,Science Quad,1148,Member,1983,0.00
114081,06/02/2026 20:34,06/02/2026 21:10,Athletics Center,Gasometer Park,1123,Casual,1977,6.40
114082,06/02/2026 20:52,06/02/2026 21:01,King's Cross Lane,Central Station,1273,member,1984,0.00
114083,06/02/2026 21:35,06/02/2026 21:58,Harbor East,Grand & 9th,1207,member,1977,0.00
114083,06/02/2026 21:35,06/02/2026 21:58,Harbor East,Grand & 9th,1207,member,1977,0.00
114084,06/02/2026 22:01,06/02/2026 22:11,Gasometer Park,Marina Green,1290,member,1977,0.00
114085,06/02/2026 22:38,06/02/2026 22:50,Ferry Meadow,Ferry Meadow,1133,member,,0.00
114086,07/02/2026 06:26,07/02/2026 06:54,Old Town Square,Westfield Green,1050,casual,1986,5.35
114087,07/02/2026 08:21,07/02/2026 08:32,Gasometer Park,Lighthouse Point,1094,member,1989,0.00
114088,07/02/2026 09:13,07/02/2026 09:35,Steelworks Gate,Cobbler's Row,1248,casual,1997,4.45
114088,07/02/2026 09:13,07/02/2026 09:35,Steelworks Gate,Cobbler's Row,1248,casual,1997,4.45
114089,07/02/2026 10:36,07/02/2026 11:34,Student Commons,Gasometer Park,1194,casual,1981,9.70
114090,07/02/2026 10:47,07/02/2026 11:02,Grand & 3rd,Gasometer Park,1131,member,,0.00
114091,07/02/2026 11:05,07/02/2026 11:14,Gasometer Park,Gasometer Park,1164,member,1983,0.00
114092,07/02/2026 11:25,07/02/2026 11:42,Riverside Walk,Exchange Street,1276,member,1987,0.00
114093,07/02/2026 11:33,07/02/2026 11:46,Old Town Square,Central Station,1311,Member,1991,0.00
114094,07/02/2026 12:12,07/02/2026 12:24,Kayak Launch,Old Town Square,1128,casual,1980,2.80
114095,07/02/2026 12:13,07/02/2026 12:26,Pier 12,Pier 12,1133,member,2001,0.00
114096,07/02/2026 12:19,07/02/2026 12:37,Kayak Launch,Aurora & 22nd,1025,Member,1991,0.00
114097,07/02/2026 13:25,07/02/2026 13:51,Gasometer Park,Marina Green,1194,casual,1990,5.05
114098,07/02/2026 13:39,07/02/2026 13:56,Old Mill Crossing,Cedar Park Loop,1081,casual,1999,3.55
114099,07/02/2026 13:40,07/02/2026 14:33,Pier 12,Pier 12,1201,casual,1973,9.10
114100,07/02/2026 13:46,07/02/2026 14:37,Old Town Square,Old Town Square,1175,casual,1989,8.65
114101,07/02/2026 13:53,07/02/2026 14:22,King's Cross Lane,Westfield Green,1195,casual,1991,5.50
114102,07/02/2026 14:33,07/02/2026 14:53,Northgate Transit Hub,City Hall,1202,member,2001,0.00
114103,07/02/2026 14:48,07/02/2026 14:58,Steelworks Gate,Steelworks Gate,1194,Casual,1994,2.65
114104,07/02/2026 15:46,07/02/2026 16:49,Northgate Transit Hub,City Hall,1158,casual,1995,10.45
114105,07/02/2026 15:49,07/02/2026 16:17,Meridian Tower,Union Plaza,1312,casual,1986,5.35
114106,07/02/2026 15:57,07/02/2026 16:06,Fountain Court,Fountain Court ,1201,casual,1997,2.50
114107,07/02/2026 16:44,07/02/2026 17:00,Clocktower Plaza,Clocktower Plaza,1101,casual,1993,3.40
114108,07/02/2026 16:48,07/02/2026 17:11,Kayak Launch,Cedar Park Loop,1137,casual,1964,4.60
114109,07/02/2026 17:33,07/02/2026 17:49,Tramline Depot,Kayak Launch,1113,member,,0.00
114110,07/02/2026 18:19,07/02/2026 18:30,Old Town Square,King's Cross Lane,1262,member,1980,0.00
114111,07/02/2026 18:49,07/02/2026 19:42,Old Town Square,Old Town Square,1198,Casual,1995,8.95
114112,07/02/2026 20:18,07/02/2026 20:51,Student Commons,Kayak Launch,1061,casual,1979,6.10
114113,08/02/2026 00:33,08/02/2026 00:59,Seawall Promenade,Riverside Walk,1142,Casual,1973,4.90
114114,08/02/2026 08:55,08/02/2026 09:35,Old Town Square,Aurora & 22nd,1264,casual,1975,7.15
114115,08/02/2026 09:33,08/02/2026 09:45,Fountain Court,Old Town Square,1316,member,1991,0.00
114116,08/02/2026 09:53,08/02/2026 09:59,Northgate Mall,Merchant Hall,1255,casual,1994,1.90
114117,08/02/2026 10:43,08/02/2026 11:14,Harbor West,Harbor West,1029,member,1990,0.00
114118,08/02/2026 11:53,08/02/2026 12:05,Athletics Center,Harbor East,1192,casual,2020,2.80
114119,08/02/2026 12:23,08/02/2026 12:58,Northgate Mall,Northgate Mall,1038,casual,1979,6.25
114120,08/02/2026 12:42,08/02/2026 13:22,Aurora & 22nd,Meridian Tower,1201,casual,1995,7.00
114121,08/02/2026 13:37,08/02/2026 14:52,Central Station,Ferry Meadow,1029,casual,1981,12.25
114122,08/02/2026 14:12,08/02/2026 14:20,Lighthouse Point,Summit Ridge,1244,member,2004,0.00
114123,08/02/2026 14:36,08/02/2026 14:47,Kayak Launch,Kayak Launch,1274,Member,1961,0.00
114124,08/02/2026 14:36,08/02/2026 14:42,Gasometer Park,Maple Grove,1158,member,1982,0.00
114125,08/02/2026 19:26,08/02/2026 19:36,Warehouse Row,Pier 12,1152,casual,1964,2.65
114126,08/02/2026 19:52,08/02/2026 20:18,Gasometer Park,City Hall,1313,Casual,1993,4.90
114127,08/02/2026 20:12,08/02/2026 20:24,Summit Ridge,Aurora & 40th,1254,member,1968,0.00
114128,08/02/2026 21:07,08/02/2026 22:26,Old Town Square,Pier 12,1067,casual,1991,12.85
114129,08/02/2026 21:34,08/02/2026 21:46,Old Mill Crossing,Old Town Square,1101,casual,1999,2.80
114130,09/02/2026 00:48,09/02/2026 01:03,Old Town Square,Old Town Square ,1100,member,1971,0.00
114131,09/02/2026 06:17,09/02/2026 06:39,Central Station,Central Station,1172,casual,1997,4.30
114132,09/02/2026 07:08,09/02/2026 07:14,Central Station,Central Station,1038,member,1988,0.00
114133,09/02/2026 07:19,09/02/2026 07:32,Opera House,Central Station,1091,casual,1983,2.95
114134,09/02/2026 08:24,09/02/2026 08:28,Old Town Square,Gasometer Park,1081,member,1995,0.00
114135,09/02/2026 08:31,09/02/2026 08:42,Aurora & 40th,Harbor East,1079,Member,1997,0.00
114136,09/02/2026 08:53,09/02/2026 09:01,Old Town Square,Old Mill Crossing,1311,member,1986,0.00
114137,09/02/2026 09:04,09/02/2026 09:21,Athletics Center,Old Town Square,1246,member,1997,0.00
114138,09/02/2026 09:11,09/02/2026 09:38,Northgate Mall,Northgate Mall,1035,member,1979,0.00
114139,09/02/2026 09:24,09/02/2026 09:49,Old Mill Crossing,Athletics Center,1209,casual,1984,4.75
114140,09/02/2026 09:28,09/02/2026 09:37,City Hall,City Hall,1297,casual,1970,2.35
114141,09/02/2026 09:34,09/02/2026 09:45,Botanic Gardens,Riverside Walk,1233,member,1984,0.00
114142,09/02/2026 10:19,09/02/2026 10:33,Athletics Center,Meridian Tower,1300,casual,1987,3.25
114143,09/02/2026 10:46,09/02/2026 11:49,Maple Grove,University Gate,1047,casual,1993,10.60
114144,09/02/2026 13:08,09/02/2026 13:52,Pier 12,Summit Ridge,1271,casual,2001,7.60
114145,09/02/2026 13:45,09/02/2026 14:04,Pier 12,Pier 12,1233,member,,0.00
114146,09/02/2026 13:49,09/02/2026 13:57,Botanic Gardens,Old Town Square,1066,member,2000,0.00
114147,09/02/2026 14:47,09/02/2026 14:52,Gasometer Park,Warehouse Row,1315,member,1986,0.00
114148,09/02/2026 16:09,09/02/2026 16:36,Student Commons,Cedar Park Loop,1177,casual,1988,5.20
114149,09/02/2026 16:17,09/02/2026 16:39,Grand & 3rd,Botanic Gardens,1194,member,2002,0.00
114150,09/02/2026 17:04,09/02/2026 17:12,Warehouse Row,Lighthouse Point,1077,member,1996,0.00
114151,09/02/2026 17:22,09/02/2026 17:38,Athletics Center,Orchard Lane,1195,member,1981,0.00
114152,09/02/2026 18:19,09/02/2026 18:26,Guildhall Steps,Guildhall Steps,1170,member,1975,0.00
114153,09/02/2026 18:58,09/02/2026 19:04,Observatory Hill,Summit Ridge,1018,member,1994,0.00
114154,09/02/2026 21:42,09/02/2026 21:53,City Hall,Meridian Tower,1266,member,1995,0.00
114155,09/02/2026 21:51,09/02/2026 23:08,Clocktower Plaza,Cedar Park Loop,1077,casual,2005,12.70
114156,10/02/2026 06:19,10/02/2026 06:41,Northgate Transit Hub,City Hall,1225,casual,1995,4.30
114157,10/02/2026 07:24,10/02/2026 07:34,Steelworks Gate,Student Commons,1006,member,1975,0.00
114158,10/02/2026 07:46,10/02/2026 08:00,Old Town Square,Old Town Square,1041,member,1977,0.00
114159,10/02/2026 07:58,10/02/2026 08:09,Old Town Square,Student Commons,1101,member,1991,0.00
114160,10/02/2026 07:59,10/02/2026 08:09,Sunset Boulevard,Sunset Boulevard,1066,member,1992,0.00
114161,10/02/2026 08:24,10/02/2026 08:36,Marina Green,Gasometer Park,1017,Member,1987,0.00
114162,10/02/2026 08:58,10/02/2026 09:32,University Gate,Campus North,1003,member,1996,0.00
114163,10/02/2026 10:00,10/02/2026 10:21,Cobbler's Row,Student Commons,1154,member,1994,0.00
114164,10/02/2026 11:08,10/02/2026 11:16,Northgate Transit Hub,Harbor East,1224,casual,1985,2.20
114165,10/02/2026 12:50,10/02/2026 13:20,Northgate Transit Hub,Harbor East,1136,Casual,1991,5.50
114166,10/02/2026 12:55,10/02/2026 13:36,University Gate,Seawall Promenade,1107,casual,1999,7.15
114167,10/02/2026 13:06,10/02/2026 13:10,Campus North,Kayak Launch,1308,Member,1988,0.00
114168,10/02/2026 13:44,10/02/2026 13:56,Old Town Square ,Lighthouse Point,1222,member,2000,0.00
114169,10/02/2026 14:16,10/02/2026 15:43,Central Station,Old Town Square,1307,casual,1977,14.20
114170,10/02/2026 14:42,10/02/2026 14:51,Orchard Lane,Orchard Lane,1201,Casual,1993,2.50
114171,10/02/2026 14:46,10/02/2026 15:04,Steelworks Gate,Northgate Transit Hub,1277,member,1998,0.00
114172,10/02/2026 14:55,10/02/2026 15:10,Dockside Market,Cobbler's Row,1193,member,1989,0.00
114173,10/02/2026 15:53,10/02/2026 16:01,Old Town Square,Central Station,1150,member,1974,0.00
114174,10/02/2026 16:44,10/02/2026 17:01,Fountain Court,Exchange Street,1233,member,1974,0.00
114175,10/02/2026 16:50,10/02/2026 17:04,Northgate Transit Hub,Steelworks Gate,1179,member,1983,0.00
114176,10/02/2026 17:02,10/02/2026 17:12,Hillcrest Point,Northgate Mall,1072,member,1978,0.00
114177,10/02/2026 17:05,10/02/2026 17:12,Hillcrest Point,Old Town Square,1125,member,1989,0.00
114178,10/02/2026 17:51,10/02/2026 17:56,Athletics Center,Cobbler's Row,1090,member,1983,0.00
114179,10/02/2026 19:02,10/02/2026 19:30,Lighthouse Point,Lighthouse Point,1287,Casual,2004,5.20
114180,10/02/2026 19:12,10/02/2026 19:50,Tannery Yard,Heron Park,1315,casual,1983,6.85
114181,10/02/2026 19:36,10/02/2026 19:42,Guildhall Steps,Guildhall Steps,1179,member,1992,0.00
114182,10/02/2026 20:12,10/02/2026 20:24,Harbor West,Grand & 3rd,1154,member,1991,0.00
114183,10/02/2026 20:56,10/02/2026 21:19,Cedar Park Loop,City Hall,1197,Casual,1978,4.45
114184,10/02/2026 22:28,10/02/2026 22:57,Riverside Walk,Athletics Center,1063,member,1994,0.00
114184,10/02/2026 22:28,10/02/2026 22:57,Riverside Walk,Athletics Center,1063,member,1994,0.00
114185,11/02/2026 01:20,11/02/2026 01:50,Westfield Green,Warehouse Row,1023,casual,1987,5.65
114186,11/02/2026 06:40,11/02/2026 06:42,Central Station,Central Station,1271,member,1969,0.00
114187,11/02/2026 07:08,11/02/2026 07:33,Gasometer Park,University Gate,1131,casual,1988,4.75
114188,11/02/2026 07:10,11/02/2026 07:40,Cobbler's Row,Summit Ridge,1345,casual,1979,5.50
114189,11/02/2026 07:29,11/02/2026 07:38,Rosemont & 5th,Riverside Walk,1312,member,1999,0.00
114190,11/02/2026 07:44,11/02/2026 08:10,birchwood terrace,Tramline Depot,1201,member,1994,0.00
114191,11/02/2026 07:53,11/02/2026 08:05,Northgate Mall,Old Town Square,1145,casual,1992,2.80
114192,11/02/2026 09:22,11/02/2026 09:31,Northgate Transit Hub,Old Mill Crossing,1043,member,1997,0.00
114193,11/02/2026 09:37,11/02/2026 10:02,Riverside Walk,Old Town Square,1174,casual,1995,4.75
114194,11/02/2026 11:43,11/02/2026 12:01,Central Station,Poplar Circle,1238,member,1989,0.00
114195,11/02/2026 12:18,11/02/2026 13:26,Central Station,Central Station,1066,casual,1900,11.20
114196,11/02/2026 12:48,11/02/2026 13:38,Warehouse Row,Merchant Hall,1262,casual,1981,8.50
114197,11/02/2026 13:14,11/02/2026 13:27,Ferry Landing,Opera House,1190,Member,1999,0.00
114198,11/02/2026 13:20,11/02/2026 13:27,Ferry Meadow,Ferry Meadow,1083,casual,1989,2.05
114199,11/02/2026 13:22,11/02/2026 13:32,Central Station,Cobbler's Row,1213,casual,1981,2.50
114200,11/02/2026 13:33,11/02/2026 13:49,Kayak Launch,Central Station,1116,member,1986,0.00
114201,11/02/2026 15:25,11/02/2026 16:10,kayak launch,Student Commons,1024,member,1982,0.10
114202,11/02/2026 15:32,11/02/2026 15:39,Old Town Square,University Gate,1213,member,1971,0.00
114203,11/02/2026 15:41,11/02/2026 15:56,Harbor East,Grand & 3rd,1164,member,1985,0.00
114204,11/02/2026 15:43,11/02/2026 15:56,Rosemont & 5th,Ferry Landing,1256,member,1988,0.00
114205,11/02/2026 16:23,11/02/2026 16:31,Riverside Walk,Botanic Gardens,1233,member,1999,0.00
114206,11/02/2026 18:26,11/02/2026 18:35,Pier 12,Seawall Promenade,1134,member,1988,0.00
114207,11/02/2026 18:26,11/02/2026 18:49,King's Cross Lane,Student Commons,1233,casual,1980,4.45
114208,11/02/2026 18:32,11/02/2026 18:46,Old Mill Crossing,Student Commons,1297,member,1973,0.00
114209,11/02/2026 19:06,11/02/2026 19:42,Floodgate Road,Aurora & 22nd,1307,casual,1972,6.55
114210,11/02/2026 20:37,11/02/2026 20:56,Old Town Square,Kayak Launch,1272,member,1992,0.00
114211,11/02/2026 21:11,11/02/2026 22:01,Marina Green ,Marina Green,1195,Casual,1962,8.50
114212,11/02/2026 21:40,11/02/2026 22:34,Central Station,Seawall Promenade,1190,casual,1978,9.10
114213,11/02/2026 21:58,11/02/2026 22:29,Steelworks Gate,Student Commons,1006,Member,,0.00
114214,11/02/2026 22:01,11/02/2026 22:09,Aurora & 22nd,Warehouse Row,1193,member,1993,0.00
114215,11/02/2026 22:29,11/02/2026 22:40,Opera House,Cedar Park Loop,1153,casual,1986,2.80
114216,12/02/2026 00:39,12/02/2026 00:56,Kayak Launch,Pier 12,1233,casual,1980,3.70
114217,12/02/2026 06:11,12/02/2026 06:29,Aurora & 22nd,Aurora & 22nd,1204,Member,2002,0.00
114218,12/02/2026 07:08,12/02/2026 07:30,University Gate,Orchard Lane,1269,casual,1974,4.30
114219,12/02/2026 08:07,12/02/2026 08:42,Summit Ridge,Summit Ridge,1225,member,2005,0.00
114220,12/02/2026 08:28,12/02/2026 08:36,Gasometer Park,Gasometer Park,1022,casual,1992,2.35
114221,12/02/2026 08:50,12/02/2026 09:05,Tannery Yard,Grand & 9th,1248,casual,1984,3.25
114222,12/02/2026 09:19,12/02/2026 09:24,Opera House ,Athletics Center,1252,casual,1991,1.75
114223,12/02/2026 09:20,12/02/2026 08:44,Exchange Street,Student Commons,1150,Member,1973,0.00
114224,12/02/2026 09:24,12/02/2026 09:37,Tannery Yard,Tannery Yard,1233,Member,1990,0.00
114225,12/02/2026 11:04,12/02/2026 11:26,Gasometer Park,Central Station,1309,member,1900,0.00
114226,12/02/2026 11:15,12/02/2026 11:19,Cobbler's Row,University Gate,1144,member,,0.00
114227,12/02/2026 11:56,12/02/2026 12:22,Old Town Square,Riverside Walk,1237,casual,1984,5.05
114227,12/02/2026 11:56,12/02/2026 12:22,Old Town Square,Riverside Walk,1237,casual,1984,5.05
114228,12/02/2026 12:15,12/02/2026 12:40,Steelworks Gate,City Hall,1345,member,1984,0.00
114229,12/02/2026 13:52,12/02/2026 15:03,Central Station,Central Station,1058,Member,1973,2.70
114230,12/02/2026 14:44,12/02/2026 14:54,Central Station,Warehouse Row,1116,member,1998,0.00
114231,12/02/2026 15:26,12/02/2026 15:44,Poplar Circle,Poplar Circle,1206,member,,0.00
114232,12/02/2026 16:43,12/02/2026 16:49,Meridian Tower,Meridian Tower,1281,member,1961,0.00
114233,12/02/2026 16:51,12/02/2026 17:05,Central Station,Gasometer Park,1059,member,1978,0.00
114234,12/02/2026 17:00,12/02/2026 17:12,Westfield Green,Gasometer Park,1299,member,,0.00
114235,12/02/2026 17:04,12/02/2026 17:14,Westfield Green,Central Station,1315,member,1980,0.00
114236,12/02/2026 17:10,12/02/2026 17:19,Marina Green,Summit Ridge,1242,member,1982,0.00
114237,12/02/2026 17:16,12/02/2026 17:21,Old Town Square,Marina Green,1269,MEMBER,1979,0.00
114238,12/02/2026 17:51,12/02/2026 18:07,Gasometer Park,Athletics Center,1063,casual,1986,3.40
114239,12/02/2026 18:29,12/02/2026 18:36,Maple Grove,Heron Park,1329,member,1988,0.00
114240,12/02/2026 19:46,12/02/2026 19:59,Floodgate Road,Steelworks Gate,1049,casual,1977,3.10
114241,12/02/2026 22:29,12/02/2026 22:39,Central Station,Opera House,1249,member,1992,0.00
114242,12/02/2026 23:45,13/02/2026 00:12,Student Commons,Tramline Depot,1338,Member,1994,0.00
114243,13/02/2026 02:15,13/02/2026 02:28,Old Town Square,Observatory Hill,1065,member,1991,0.00
114244,13/02/2026 05:14,13/02/2026 05:35,Meridian Tower,Warehouse Row,1253,casual,1995,4.15
114245,13/02/2026 07:15,13/02/2026 07:34,Tannery Yard,Gasometer Park,1345,member,1991,0.00
114246,13/02/2026 07:35,13/02/2026 07:59,Opera House,Harbor East,1152,Casual,1993,4.60
114247,13/02/2026 07:38,13/02/2026 07:42,Athletics Center,Warehouse Row,1056,member,2002,0.00
114248,13/02/2026 08:11,13/02/2026 08:18,Heron Park,Aurora & 22nd,1038,member,1990,0.00
114249,13/02/2026 08:19,13/02/2026 08:37,Science Quad,Dockside Market,1092,casual,1976,3.85
114250,13/02/2026 08:38,13/02/2026 08:43,Harbor West,Old Town Square,1101,member,1972,0.00
114251,13/02/2026 08:58,13/02/2026 09:05,Northgate Transit Hub,Dockside Market,1006,member,1973,0.00
114252,13/02/2026 09:07,13/02/2026 09:15,Gasometer Park,Gasometer Park,1024,casual,1978,2.35
114253,13/02/2026 09:13,13/02/2026 09:23,Old Town Square,Old Town Square,1311,casual,1994,2.50
114254,13/02/2026 11:34,13/02/2026 11:57,University Gate,Central Station,1146,member,1981,0.00
114255,13/02/2026 12:12,13/02/2026 12:33,Athletics Center,Gasometer Park,1201,casual,1975,4.15
114256,13/02/2026 13:11,13/02/2026 14:15,Cedar Park Loop,Merchant Hall,1031,member,1986,2.00
114257,13/02/2026 14:53,13/02/2026 15:28,Hillcrest Point,Harbor East,1173,member,1999,0.00
114258,13/02/2026 14:57,13/02/2026 15:11,Harbor East,Kayak Launch,1286,member,1999,0.00
114259,13/02/2026 15:10,13/02/2026 15:50,Opera House,Heron Park,1081,Casual,1975,7.00
114260,13/02/2026 16:23,13/02/2026 16:35,University Gate,Northgate Transit Hub,1216,casual,1990,2.80
114261,13/02/2026 16:29,13/02/2026 16:39,Harbor East,Westfield Green,1192,member,1989,0.00
114262,13/02/2026 16:54,13/02/2026 17:09,Sunset Boulevard,Pier 12,1208,MEMBER,1996,0.00
114263,13/02/2026 17:09,13/02/2026 17:20,Harbor East,Northgate Transit Hub,1242,member,1993,0.00
114264,13/02/2026 17:13,13/02/2026 17:25,Gasometer Park,Cobbler's Row,1345,Member,1968,0.00
114265,13/02/2026 17:23,13/02/2026 18:34,Athletics Center,Athletics Center,1086,casual,1970,11.80
114266,13/02/2026 17:46,13/02/2026 17:55,Central Station,Aurora & 22nd,1252,member,1973,0.00
114267,13/02/2026 17:49,13/02/2026 17:59,Rosemont & 5th,Poplar Circle,1266,Casual,1983,2.65
114268,13/02/2026 17:56,13/02/2026 18:12,Observatory Hill,Fountain Court,1272,member,1975,0.00
114269,13/02/2026 18:42,13/02/2026 18:53,Dockside Market,Athletics Center,1152,Member,,0.00
114270,13/02/2026 18:53,13/02/2026 19:16,Ferry Landing,Gasometer Park,1204,casual,1993,4.45
114271,13/02/2026 19:03,13/02/2026 19:15,City Hall,Summit Ridge,1283,member,1978,0.00
114272,13/02/2026 19:24,13/02/2026 19:44,Old Town Square,Student Commons,1281,member,1966,0.00
114273,13/02/2026 19:25,13/02/2026 21:13,Gasometer Park,Gasometer Park,1338,Casual,1986,17.35
114274,13/02/2026 19:31,13/02/2026 19:40,City Hall,Riverside Walk,1213,member,1993,0.00
114275,13/02/2026 19:34,13/02/2026 19:49,Hillcrest Point,Harbor East,1281,member,1992,0.00
114276,13/02/2026 20:12,13/02/2026 20:16,Guildhall Steps,Clocktower Plaza,1266,Member,1994,0.00
114277,13/02/2026 21:07,13/02/2026 21:14,Maple Grove,Student Commons,1211,member,1994,0.00
114278,14/02/2026 10:03,14/02/2026 10:11,Harbor East,Harbor East,1312,member,1997,0.00
114279,14/02/2026 10:57,14/02/2026 11:33,Ferry Meadow,Ferry Meadow,1204,casual,1963,6.55
114280,14/02/2026 11:33,14/02/2026 11:54,Student Commons,Old Town Square,1057,member,1985,0.00
114281,14/02/2026 11:42,14/02/2026 11:48,Steelworks Gate,Opera House,1297,casual,1990,2.05
114282,14/02/2026 12:49,14/02/2026 13:11,Steelworks Gate,Kayak Launch,1197,Casual,2000,4.30
114283,14/02/2026 13:18,14/02/2026 13:47,Merchant Hall,Merchant Hall,1238,casual,1984,5.35
114284,14/02/2026 13:25,14/02/2026 13:38,Old Town Square,Merchant Hall,1120,casual,1967,2.95
114285,14/02/2026 13:31,14/02/2026 13:40,Science Quad,Cedar Park Loop,1315,casual,1977,2.50
114286,14/02/2026 18:55,14/02/2026 19:17,Central Station,Student Commons,1208,casual,1999,4.45
114287,14/02/2026 20:05,14/02/2026 20:10,Northgate Transit Hub,City Hall,1116,member,1992,0.00
114288,14/02/2026 20:06,14/02/2026 20:17,Kayak Launch,Sunset Boulevard,1070,member,1982,0.00
114289,14/02/2026 22:26,14/02/2026 22:44,Student Commons,Marina Green,1319,member,1979,0.00
114290,15/02/2026 07:01,15/02/2026 07:11,Old Town Square,Aurora & 40th,1063,casual,1988,2.50
114291,15/02/2026 08:01,15/02/2026 08:22,Steelworks Gate,Student Commons,1325,casual,1979,4.30
114292,15/02/2026 08:30,15/02/2026 08:51,Gasometer Park,Steelworks Gate,1320,member,1983,0.00
114293,15/02/2026 10:14,15/02/2026 10:26,Northgate Mall,Riverside Walk,1282,member,1993,0.00
114294,15/02/2026 11:14,15/02/2026 11:55,Pier 12,Northgate Transit Hub,1224,casual,1992,7.15
114295,15/02/2026 11:28,15/02/2026 12:27,Sunset Boulevard,Athletics Center,1216,casual,1984,9.85
114296,15/02/2026 11:56,15/02/2026 12:39,Old Mill Crossing,Old Mill Crossing,1038,casual,1967,7.60
114297,15/02/2026 11:57,15/02/2026 12:35,Grand & 9th,Grand & 9th,1138,casual,1960,6.70
114298,15/02/2026 12:08,15/02/2026 12:18,Union Plaza,Exchange Street,1305,member,1997,0.00
114299,15/02/2026 13:03,15/02/2026 13:11,Meridian Tower,Pier 12,1217,member,1972,0.00
114300,15/02/2026 13:35,15/02/2026 13:45,Kayak Launch,University Gate,1214,member,2000,0.00
114301,15/02/2026 13:58,15/02/2026 14:07,Pier 12,Aurora & 22nd,1078,casual,1993,2.35
114302,15/02/2026 14:41,15/02/2026 14:55,Aurora & 22nd,Aurora & 22nd,1192,casual,1989,3.25
114303,15/02/2026 14:50,15/02/2026 15:04,Aurora & 22nd,Old Town Square,1152,member,1985,0.00
114304,15/02/2026 15:06,15/02/2026 15:28,University Gate,Seawall Promenade,1295,member,1990,0.00
114305,15/02/2026 15:28,15/02/2026 16:26,Science Quad,King's Cross Lane,1257,casual,1992,9.85
114306,15/02/2026 16:20,15/02/2026 16:26,Union Plaza,Steelworks Gate,1084,member,1991,0.00
114307,15/02/2026 16:38,15/02/2026 16:43,Seawall Promenade,Sunset Boulevard,1327,Member,1972,0.00
114308,15/02/2026 17:23,15/02/2026 17:29,Old Town Square,Harbor West,1252,member,1978,0.00
114309,15/02/2026 18:13,15/02/2026 19:35,Old Town Square,Old Town Square,1092,Casual,1978,13.30
114310,15/02/2026 18:37,15/02/2026 18:53,Athletics Center,Cobbler's Row,1341,casual,1998,3.55
114311,15/02/2026 23:48,16/02/2026 00:00,Kayak Launch,Observatory Hill,1277,member,1989,0.00
114312,16/02/2026 06:42,16/02/2026 06:54,Old Mill Crossing,Northgate Mall,1004,Member,1996,0.00
114313,16/02/2026 07:13,16/02/2026 07:29,Old Town Square,Poplar Circle,1128,Casual,,3.55
114314,16/02/2026 07:15,16/02/2026 07:36,Seawall Promenade,Science Quad,1346,member,1990,0.00
114315,16/02/2026 08:18,16/02/2026 08:33,Athletics Center,Harbor East,1201,member,1994,0.00
114316,16/02/2026 08:25,16/02/2026 08:30,Cedar Park Loop,Student Commons,1022,member,1983,0.00
114317,16/02/2026 08:32,16/02/2026 08:39,Tannery Yard,Merchant Hall,1293,member,1976,0.00
114318,16/02/2026 09:42,16/02/2026 09:55,Fountain Court,Student Commons,1030,casual,1983,3.10
114319,16/02/2026 11:08,16/02/2026 11:25,Marina Green,Aurora & 40th ,1200,Member,1983,0.00
114320,16/02/2026 11:25,16/02/2026 11:40,Hillcrest Point,Hillcrest Point,1233,member,2000,0.00
114321,16/02/2026 11:31,16/02/2026 11:37,King's Cross Lane,Grand & 3rd,1217,member,2003,0.00
114322,16/02/2026 11:38,16/02/2026 12:03,Old Town Square,Lighthouse Point,1232,Member,1986,0.00
114323,16/02/2026 12:20,16/02/2026 12:26,Observatory Hill,Old Town Square,1286,Member,1961,0.00
114324,16/02/2026 13:07,16/02/2026 13:20,Old Mill Crossing,Cedar Park Loop,1268,casual,2001,3.10
114325,16/02/2026 13:48,16/02/2026 14:02,Campus North,Harbor East,1132,member,1982,0.00
114326,16/02/2026 14:18,16/02/2026 14:33,Kayak Launch,Kayak Launch,1297,casual,1992,3.25
114327,16/02/2026 14:32,16/02/2026 14:38,Hillcrest Point,City Hall,1321,member,1989,0.00
114328,16/02/2026 15:01,16/02/2026 15:04,Athletics Center,Old Town Square,1067,member,1974,0.00
114329,16/02/2026 16:06,16/02/2026 16:15,Grand & 3rd,Grand & 3rd,1035,Casual,1981,2.50
114330,16/02/2026 16:12,16/02/2026 16:25,Old Town Square,Old Town Square,1269,member,1983,
114331,16/02/2026 16:44,16/02/2026 16:54,Heron Park,Student Commons,1028,member,1977,0.00
114332,16/02/2026 16:51,16/02/2026 17:05,Northgate Transit Hub,City Hall,1155,member,1975,0.00
114333,16/02/2026 17:11,16/02/2026 17:21,Gasometer Park,Campus North,1233,member,1982,0.00
114334,16/02/2026 17:44,16/02/2026 17:54,Sunset Boulevard,Old Town Square,1315,member,1976,0.00
114335,16/02/2026 18:02,16/02/2026 18:19,Student Commons,Harbor East,1209,member,1989,0.00
114336,16/02/2026 18:07,16/02/2026 18:28,Old Town Square,Cathedral Gate,1334,member,1984,0.00
114337,16/02/2026 18:28,16/02/2026 18:42,Central Station,Maple Grove,1044,member,1962,0.00
114338,16/02/2026 19:22,16/02/2026 19:33,Pier 12,Student Commons,1307,casual,1983,2.80
114339,16/02/2026 20:38,16/02/2026 20:53,Harbor West,Harbor West,1164,member,,0.00
114340,16/02/2026 20:54,16/02/2026 20:58,Maple Grove,University Gate,1345,member,1998,0.00
114341,16/02/2026 21:12,16/02/2026 21:21,Meridian Tower,MERIDIAN TOWER,1010,member,1987,0.00
114342,16/02/2026 22:17,16/02/2026 22:27,Student Commons,Clocktower Plaza,1046,member,1967,0.00
114343,16/02/2026 22:47,16/02/2026 22:57,Botanic Gardens,Kayak Launch,1211,member,1980,0.00
114344,17/02/2026 06:17,17/02/2026 06:27,Lighthouse Point,Union Plaza,1192,member,1995,0.00
114345,17/02/2026 06:49,17/02/2026 06:59,Cobbler's Row,Cobbler's Row,1231,member,1982,0.00
114346,17/02/2026 07:38,17/02/2026 07:55,Seawall Promenade,Westfield Green,1029,casual,1983,3.55
114347,17/02/2026 07:57,17/02/2026 08:30,Gasometer Park,Pier 12,1208,member,1964,0.00
114348,17/02/2026 08:17,17/02/2026 08:40,Seawall Promenade,Sunset Boulevard,1343,member,1972,0.00
114349,17/02/2026 08:18,17/02/2026 08:40,Old Town Square,Old Town Square,1294,member,1966,0.00
114350,17/02/2026 08:33,17/02/2026 08:56,Gasometer Park,Lighthouse Point,1206,member,1971,0.00
114351,17/02/2026 08:40,17/02/2026 09:01,Central Station,University Gate,1128,casual,1984,4.30
114352,17/02/2026 08:46,17/02/2026 09:12,King's Cross Lane,King's Cross Lane,1276,Member,1994,0.00
114353,17/02/2026 09:11,17/02/2026 09:19,Poplar Circle,Pier 12,1011,member,1999,0.00
114354,17/02/2026 09:23,17/02/2026 09:37,NORTHGATE MALL,Gasometer Park,1113,member,1966,0.00
114355,17/02/2026 09:44,17/02/2026 09:56,Old Town Square,Aurora & 22nd,1275,MEMBER,1989,0.00
114356,17/02/2026 11:36,17/02/2026 11:42,Poplar Circle,Foundry District,1058,member,1977,0.00
114357,17/02/2026 12:25,17/02/2026 12:47,Summit Ridge,Aurora & 22nd,1153,member,1981,0.00
114358,17/02/2026 14:43,17/02/2026 14:49,Grand & 3rd,Central Station,1128,member,1997,0.00
114359,17/02/2026 16:01,17/02/2026 16:07,Harbor East,Rosemont & 5th,1074,member,1985,0.00
114360,17/02/2026 16:06,17/02/2026 16:10,Summit Ridge,Summit Ridge,1197,member,1986,0.00
114361,17/02/2026 16:08,17/02/2026 16:15,Orchard Lane,Student Commons,1133,Casual,1982,2.20
114362,17/02/2026 16:12,17/02/2026 16:34,Northgate Transit Hub,Fountain Court,1274,casual,1995,4.45
114363,17/02/2026 16:30,17/02/2026 16:37,Seawall Promenade,Northgate Transit Hub,1077,member,1993,0.00
114364,17/02/2026 16:41,17/02/2026 17:04,Old Town Square,Marina Green,1251,casual,1986,4.45
114365,17/02/2026 16:52,17/02/2026 17:12,Old Mill Crossing,Old Town Square,1335,Member,1980,0.00
114366,17/02/2026 17:46,17/02/2026 18:01,King's Cross Lane,Northgate Transit Hub,1006,member,1968,0.00
114367,17/02/2026 17:46,17/02/2026 18:38,Old Town Square,Old Town Square,1241,Casual,1987,8.80
114368,17/02/2026 17:52,17/02/2026 18:09,Central Station,Marina Green,1197,Member,1990,0.00
114369,17/02/2026 18:02,17/02/2026 18:15,Cobbler's Row,Northgate Mall,1252,Member,1999,0.00
114370,17/02/2026 18:09,17/02/2026 18:22,Guildhall Steps,Guildhall Steps,1152,Member,1961,0.00
114371,17/02/2026 18:14,17/02/2026 18:22,Athletics Center,Old Town Square,1010,casual,1969,2.35
114372,17/02/2026 21:19,17/02/2026 21:38,Sunset Boulevard,Meridian Tower,1255,casual,1981,4.00
114373,17/02/2026 22:55,17/02/2026 23:02,Harbor West,Kayak Launch,1065,casual,1972,2.05
114374,17/02/2026 23:46,18/02/2026 00:02,Northgate Mall,Northgate Mall,1161,casual,1993,3.40
114375,18/02/2026 07:48,18/02/2026 07:58,Hillcrest Point,Gasometer Park,1269,Member,1993,0.00
114376,18/02/2026 08:09,18/02/2026 08:19,Central Station,Old Town Square,1057,member,1992,0.00
114377,18/02/2026 08:28,18/02/2026 08:44,City Hall,Gasometer Park,1185,member,2000,0.00
114378,18/02/2026 08:44,18/02/2026 08:53,Athletics Center,Athletics Center,1120,casual,1979,2.35
114379,18/02/2026 09:03,18/02/2026 09:11,Sunset Boulevard,Northgate Mall,1262,casual,2007,2.35
114380,18/02/2026 09:40,18/02/2026 09:58,Tramline Depot,Athletics Center,1152,casual,1987,3.85
114381,18/02/2026 09:43,18/02/2026 09:55,Poplar Circle,Floodgate Road,1277,casual,1987,2.95
114382,18/02/2026 11:18,18/02/2026 11:33,Kayak Launch ,Old Town Square,1349,casual,1983,3.25
114383,18/02/2026 11:32,18/02/2026 11:43,City Hall,Old Town Square,1303,MEMBER,1993,0.00
114384,18/02/2026 11:46,18/02/2026 12:05,Opera House,Harbor East,1011,member,1989,0.00
114385,18/02/2026 12:06,18/02/2026 12:27,Westfield Green,Summit Ridge,1260,member,1962,0.00
114386,18/02/2026 12:23,18/02/2026 12:54,Summit Ridge,Warehouse Row,1296,casual,1985,5.80
114387,18/02/2026 13:53,18/02/2026 14:11,Rosemont & 5th,Rosemont & 5th,1027,member,1994,0.00
114388,18/02/2026 14:16,18/02/2026 14:26,Old Town Square,Athletics Center,1055,casual,1982,2.50
114389,18/02/2026 14:35,18/02/2026 14:59,Harbor West,Seawall Promenade,1072,casual,1977,4.75
114390,18/02/2026 14:37,18/02/2026 14:45,City Hall,Aurora & 22nd,1214,member,1978,0.00
114391,18/02/2026 14:45,18/02/2026 14:57,Summit Ridge,RIVERSIDE WALK,1204,member,1989,0.00
114392,18/02/2026 15:27,18/02/2026 15:44,Cathedral Gate,Student Commons,1320,Member,1989,0.00
114393,18/02/2026 15:41,18/02/2026 15:50,Old Mill Crossing,Steelworks Gate,1159,casual,1989,2.50
114394,18/02/2026 15:54,18/02/2026 16:00,Seawall Promenade,Cedar Park Loop,1033,casual,1979,2.05
114395,18/02/2026 16:18,18/02/2026 16:26,Botanic Gardens,Riverside Walk,1161,member,1964,0.00
114396,18/02/2026 16:58,18/02/2026 17:10,Summit Ridge,Summit Ridge,1219,casual,1900,2.80
114397,18/02/2026 17:21,18/02/2026 17:44,University Gate,Harbor West,1225,casual,1971,4.45
114398,18/02/2026 17:35,18/02/2026 17:46,Student Commons,Maple Grove,1305,casual,1976,2.65
114399,18/02/2026 18:15,18/02/2026 18:27,Meridian Tower,Meridian Tower,1063,Member,1993,0.00
114400,18/02/2026 18:34,18/02/2026 19:11,Gasometer Park,Harbor East,1154,casual,1979,6.55
114401,18/02/2026 19:05,18/02/2026 19:13,Gasometer Park,Opera House,1281,member,1961,0.00
114402,18/02/2026 19:23,18/02/2026 19:50,Ferry Landing,Gasometer Park,1297,member,,0.00
114403,18/02/2026 19:26,18/02/2026 19:51,Dockside Market,Ferry Meadow,1013,member,1981,0.00
114404,18/02/2026 19:56,18/02/2026 20:11,Central Station ,Old Town Square,1006,Casual,1966,3.40
114405,19/02/2026 05:47,19/02/2026 06:03,Warehouse Row,Warehouse Row,1200,member,1985,0.00
114406,19/02/2026 07:24,19/02/2026 07:45,Kayak Launch,Maple Grove,1281,casual,1980,4.15
114407,19/02/2026 07:26,19/02/2026 07:39,Tannery Yard,Old Town Square,1006,member,1985,0.00
114408,19/02/2026 07:38,19/02/2026 07:49,Steelworks Gate,Kayak Launch,1280,MEMBER,1966,0.00
114409,19/02/2026 07:56,19/02/2026 08:15,Aurora & 40th,Aurora & 40th,1200,member,1983,0.00
114410,19/02/2026 08:01,19/02/2026 08:23,Harbor West,Kayak Launch,1101,MEMBER,1984,0.00
114411,19/02/2026 08:05,19/02/2026 08:11,Science Quad,Student Commons,1248,Member,1980,0.00
114412,19/02/2026 08:57,19/02/2026 09:14,Harbor East,Harbor East,1152,member,1996,0.00
114413,19/02/2026 09:36,19/02/2026 09:48,Old Mill Crossing,Old Mill Crossing,1225,Member,1992,0.00
114414,19/02/2026 09:41,19/02/2026 10:04,Merchant Hall,Union Plaza,1128,casual,1997,4.45
114415,19/02/2026 10:10,19/02/2026 10:39,Old Mill Crossing,Tramline Depot,1136,casual,2000,5.50
114416,19/02/2026 10:13,19/02/2026 10:32,Riverside Walk,Athletics Center,1027,member,1992,0.00
114417,19/02/2026 10:52,19/02/2026 11:06,Gasometer Park,Dockside Market,1225,member,1998,0.00
114418,19/02/2026 11:32,19/02/2026 11:43,Warehouse Row,Warehouse Row ,1262,member,1980,0.00
114419,19/02/2026 12:02,19/02/2026 12:09,Union Plaza,Gasometer Park,1226,Member,2006,0.00
114420,19/02/2026 12:46,19/02/2026 13:50,Central Station,Central Station ,1345,casual,1989,10.75
114421,19/02/2026 14:14,19/02/2026 14:23,Old Town Square,Student Commons,1226,Member,1992,0.00
114422,19/02/2026 15:16,19/02/2026 15:30,Old Town Square,Northgate Transit Hub,1222,member,1979,0.00
114423,19/02/2026 16:23,19/02/2026 16:48,Union Plaza,Gasometer Park,1246,member,1900,0.00
114424,19/02/2026 17:32,19/02/2026 17:42,Kayak Launch,Merchant Hall,1142,member,1997,0.00
114425,19/02/2026 17:47,19/02/2026 17:55,Central Station,Old Town Square,1231,member,2005,0.00
114426,19/02/2026 18:01,19/02/2026 18:16,Harbor East,Cedar Park Loop,1348,MEMBER,1972,0.00
114427,19/02/2026 18:28,19/02/2026 18:41,University Gate,City Hall,1215,member,1973,0.00
114428,19/02/2026 18:36,19/02/2026 18:50,City Hall,Cedar Park Loop,1160,member,1989,0.00
114429,19/02/2026 18:37,19/02/2026 18:51,Harbor East,Gasometer Park,1030,casual,1995,3.10
114430,19/02/2026 18:53,19/02/2026 18:59,Summit Ridge,Summit Ridge,1102,member,1966,0.00
114430,19/02/2026 18:53,19/02/2026 18:59,Summit Ridge,Summit Ridge,1102,member,1966,0.00
114431,19/02/2026 19:11,19/02/2026 19:24,Old Town Square,Riverside Walk,1122,member,1994,0.00
114432,19/02/2026 19:16,19/02/2026 19:26,Kayak Launch,Riverside Walk,1179,member,1994,0.00
114433,19/02/2026 19:24,19/02/2026 19:57,Dockside Market,Seawall Promenade,1034,Casual,1981,5.95
114434,19/02/2026 19:27,19/02/2026 19:33,Gasometer Park,University Gate,1108,Casual,1992,1.90
114435,19/02/2026 19:50,19/02/2026 20:26,Harbor West,Harbor West,1159,casual,1981,6.40
114436,19/02/2026 20:09,19/02/2026 20:24,Summit Ridge,Cedar Park Loop,1278,casual,2002,3.25
114437,19/02/2026 20:25,19/02/2026 20:43,Gasometer Park,Science Quad,1327,member,1992,0.00
114438,19/02/2026 21:08,19/02/2026 21:19,Riverside Walk,Ferry Meadow,1235,member,1981,0.00
114439,20/02/2026 08:06,20/02/2026 08:20,Old Town Square,Cedar Park Loop,1072,member,1983,0.00
114440,20/02/2026 08:16,20/02/2026 08:28,Old Town Square,Maple Grove,1026,member,,0.00
114441,20/02/2026 10:27,20/02/2026 10:43,Steelworks Gate,Steelworks Gate,1100,member,1967,0.00
114442,20/02/2026 10:29,20/02/2026 10:38,Student Commons,OBSERVATORY HILL,1208,member,1999,0.00
114443,20/02/2026 13:19,20/02/2026 13:38,Aurora & 22nd,Old Town Square,1045,member,1991,
114444,20/02/2026 16:06,20/02/2026 16:19,Cobbler's Row,Exchange Street,1105,Member,1969,0.00
114445,20/02/2026 16:35,20/02/2026 17:03,Cedar Park Loop,Old Town Square,1116,casual,1996,5.35
114446,20/02/2026 17:36,20/02/2026 17:41,Cedar Park Loop,Central Station,1068,member,1972,0.00
114447,20/02/2026 17:36,20/02/2026 17:52,Opera House,Opera House,1293,member,1977,0.00
114448,20/02/2026 17:56,20/02/2026 18:00,Steelworks Gate,Clocktower Plaza,1316,member,1978,0.00
114449,20/02/2026 17:56,20/02/2026 18:17,Marina Green,Pier 12,1330,member,1973,0.00
114450,20/02/2026 17:59,20/02/2026 18:09,Riverside Walk,Botanic Gardens,1072,member,1970,0.00
114451,20/02/2026 18:21,20/02/2026 18:28,Northgate Transit Hub,Athletics Center,1179,Member,1986,0.00
114452,20/02/2026 18:23,20/02/2026 18:32,Cedar Park Loop,University Gate,1273,MEMBER,1973,0.00
114453,20/02/2026 18:33,20/02/2026 19:00,Gasometer Park,Gasometer Park,1070,member,1961,0.00
114454,20/02/2026 19:31,20/02/2026 19:34,Athletics Center,Rosemont & 5th,1241,Member,1960,0.00
114455,20/02/2026 20:29,20/02/2026 20:37,Poplar Circle,Poplar Circle,1057,member,1992,0.00
114456,20/02/2026 21:33,20/02/2026 21:45,Rosemont & 5th,Opera House,1310,member,1976,0.00
114457,20/02/2026 22:15,20/02/2026 22:33,Botanic Gardens,Old Town Square,1094,Member,1976,0.00
114458,20/02/2026 22:17,20/02/2026 22:22,Harbor East,City Hall,1106,member,1984,0.00
114459,21/02/2026 06:11,21/02/2026 06:27,Central Station,University Gate,1161,casual,1963,3.55
114460,21/02/2026 06:27,21/02/2026 06:46,Kayak Launch,Old Town Square,1152,Casual,1987,4.00
114461,21/02/2026 07:16,21/02/2026 07:30,University Gate,City Hall,1152,Member,1994,0.00
114462,21/02/2026 07:38,21/02/2026 07:49,Student Commons,University Gate,1223,casual,1995,2.80
114463,21/02/2026 08:18,21/02/2026 08:29,Old Mill Crossing,Old Mill Crossing,1040,member,1969,0.00
114464,21/02/2026 09:32,21/02/2026 09:42,Foundry District,Foundry District,1213,casual,1992,2.50
114465,21/02/2026 09:40,21/02/2026 09:56,Old Town Square,Harbor East,1079,casual,1975,3.40
114466,21/02/2026 10:16,21/02/2026 10:27,Student Commons,WAREHOUSE ROW,1083,member,2003,0.00
114467,21/02/2026 10:17,21/02/2026 10:22,Old Mill Crossing,Old Mill Crossing,1009,member,1975,0.00
114468,21/02/2026 10:39,21/02/2026 10:57,Central Station,Sunset Boulevard,1063,casual,1994,3.70
114469,21/02/2026 11:45,21/02/2026 11:55,Athletics Center,Pier 12,1133,member,1992,0.00
114470,21/02/2026 12:29,21/02/2026 12:33,Summit Ridge,Birchwood Terrace,1177,member,1995,0.00
114471,21/02/2026 12:32,21/02/2026 12:39,Dockside Market,Union Plaza,1083,member,1985,0.00
114472,21/02/2026 13:02,21/02/2026 13:37,Pier 12,Riverside Walk,1007,casual,1989,6.40
114473,21/02/2026 13:14,21/02/2026 13:38,Gasometer Park,Athletics Center,1035,casual,1997,4.75
114474,21/02/2026 14:15,21/02/2026 14:42,Old Mill Crossing,OLD TOWN SQUARE,1060,Casual,1968,5.05
114475,21/02/2026 14:27,21/02/2026 14:50,Harbor East,Rosemont & 5th,1312,casual,1985,4.60
114476,21/02/2026 15:07,21/02/2026 15:31,Gasometer Park,Old Town Square,1305,Member,1993,0.00
114477,21/02/2026 15:53,21/02/2026 16:16,Old Mill Crossing,Old Mill Crossing,1019,casual,1987,4.45
114478,21/02/2026 17:06,21/02/2026 17:17,Central Station,Clocktower Plaza,1219,member,1962,0.00
114479,21/02/2026 19:50,21/02/2026 20:21,Athletics Center,Gasometer Park,1206,Casual,2000,5.80
114480,21/02/2026 20:09,21/02/2026 20:35,Maple Grove,Harbor West,1350,member,1976,0.00
114481,21/02/2026 20:57,21/02/2026 21:00,Old Town Square,Central Station,1304,Member,1984,0.00
114482,21/02/2026 21:16,21/02/2026 21:24,Pier 12,Kayak Launch,1082,casual,1969,2.20
114483,21/02/2026 21:50,21/02/2026 21:59,Maple Grove,Old Town Square,1145,member,1970,0.00
114484,21/02/2026 22:40,21/02/2026 23:02,Dockside Market,Cedar Park Loop,1238,casual,1996,4.30
114485,22/02/2026 08:12,22/02/2026 08:56,Old Town Square,Weaver Street,1206,casual,1976,7.75
114486,22/02/2026 09:44,22/02/2026 10:20,Old Town Square,riverside walk,1155,casual,1986,6.55
114487,22/02/2026 10:02,22/02/2026 10:19,Riverside Walk,Northgate Transit Hub,1024,MEMBER,1966,0.00
114488,22/02/2026 11:13,22/02/2026 11:39,northgate transit hub,Student Commons,1141,casual,1979,5.05
114489,22/02/2026 11:27,22/02/2026 11:59,Cobbler's Row,Cobbler's Row,1097,casual,1977,5.95
114490,22/02/2026 12:15,22/02/2026 12:53,Steelworks Gate,Steelworks Gate,1201,Casual,2000,6.70
114491,22/02/2026 12:41,22/02/2026 12:46,Gasometer Park,Gasometer Park,1244,member,1987,0.00
114492,22/02/2026 13:50,22/02/2026 13:54,Floodgate Road,Old Town Square,1235,member,1980,0.00
114493,22/02/2026 13:54,22/02/2026 14:14,Gasometer Park,Seawall Promenade,1013,member,1990,0.00
114494,22/02/2026 14:07,22/02/2026 14:25,Student Commons,Athletics Center,1334,member,1988,0.00
114495,22/02/2026 15:59,22/02/2026 16:07,Rosemont & 5th,Old Town Square,1303,member,1998,0.00
114496,22/02/2026 16:18,22/02/2026 16:27,Gasometer Park,Athletics Center,1243,casual,2002,2.35
114497,22/02/2026 16:22,22/02/2026 16:41,Northgate Transit Hub,Central Station,1121,casual,1974,4.00
114498,22/02/2026 16:23,22/02/2026 16:31,Gasometer Park,Sunset Boulevard,1207,member,,0.00
114499,22/02/2026 19:27,22/02/2026 19:40,Floodgate Road,Gasometer Park,1058,casual,2002,2.95
114500,22/02/2026 19:56,22/02/2026 20:10,Old Mill Crossing,Central Station,1250,casual,1985,3.25
114501,22/02/2026 20:00,22/02/2026 20:13,Aurora & 22nd,University Gate,1192,casual,1984,3.10
114502,22/02/2026 20:26,22/02/2026 20:33,University Gate,Pier 12,1219,member,1976,0.00
114503,23/02/2026 01:24,23/02/2026 01:32,Guildhall Steps,Steelworks Gate,1252,member,1987,0.00
114504,23/02/2026 07:43,23/02/2026 08:35,Gasometer Park,Gasometer Park,1215,casual,,8.95
114505,23/02/2026 07:52,23/02/2026 08:07,Old Town Square,Old Town Square,1164,casual,1986,3.40
114506,23/02/2026 08:00,23/02/2026 08:48,Warehouse Row,Sunset Boulevard,1327,casual,1997,8.20
114507,23/02/2026 08:43,23/02/2026 09:02,Botanic Gardens,Gasometer Park,1152,member,1982,0.00
114508,23/02/2026 08:45,23/02/2026 09:35,Old Town Square,Old Town Square,1042,member,1986,0.50
114509,23/02/2026 08:54,23/02/2026 09:05,Opera House,Tramline Depot,1133,member,1986,0.00
114510,23/02/2026 10:37,23/02/2026 11:10,Student Commons,Merchant Hall,1247,casual,1969,6.10
114511,23/02/2026 11:14,23/02/2026 11:34,Lighthouse Point,Opera House,1236,casual,1990,4.00
114512,23/02/2026 11:27,23/02/2026 12:12,Central Station,Central Station,1284,Casual,1989,7.75
114513,23/02/2026 12:00,23/02/2026 13:01,Kayak Launch,University Gate,1060,Casual,1992,10.15
114514,23/02/2026 12:00,23/02/2026 12:06,Lighthouse Point,Central Station,1327,MEMBER,1984,0.00
114515,23/02/2026 16:05,23/02/2026 16:19,Tannery Yard,Tannery Yard,1291,casual,1968,3.10
114516,23/02/2026 16:31,23/02/2026 17:10,Gasometer Park,Marina Green,1331,casual,1995,6.85
114517,23/02/2026 16:41,23/02/2026 16:47,Student Commons,Library Mall,1311,member,1969,0.00
114518,23/02/2026 16:44,23/02/2026 16:49,Library Mall,Steelworks Gate,1028,member,,0.00
114519,23/02/2026 17:01,23/02/2026 20:01,Science Quad,Tannery Yard,1233,casual,1973,28.00
114520,23/02/2026 17:34,23/02/2026 17:47,Gasometer Park,Observatory Hill,1269,member,1975,0.00
114521,23/02/2026 17:49,23/02/2026 18:29,Harbor West,Harbor West,1279,casual,1969,7.00
114522,23/02/2026 17:49,23/02/2026 18:17,Old Town Square,Grand & 9th,1210,casual,1985,5.20
114523,23/02/2026 18:19,23/02/2026 18:53,Central Station,Athletics Center,1046,casual,2003,6.25
114524,23/02/2026 18:30,23/02/2026 18:51,Riverside Walk,Westfield Green,1104,member,1985,0.00
114525,23/02/2026 18:41,23/02/2026 18:51,Botanic Gardens,Cobbler's Row,1067,member,1995,0.00
114526,23/02/2026 18:42,23/02/2026 18:54,Union Plaza,Union Plaza,1318,member,1980,0.00
114527,23/02/2026 19:33,23/02/2026 19:46,Clocktower Plaza,Westfield Green,1171,member,2004,0.00
114528,23/02/2026 20:50,23/02/2026 20:57,Fountain Court,Fountain Court,1329,member,1998,0.00
114529,23/02/2026 21:51,23/02/2026 22:08,Westfield Green,Student Commons,1227,member,1988,0.00
114530,23/02/2026 22:21,23/02/2026 22:42,Marina Green,Opera House,1300,member,1981,0.00
114531,24/02/2026 07:04,24/02/2026 07:24,Old Town Square,Cedar Park Loop,1271,casual,1994,4.15
114532,24/02/2026 07:05,24/02/2026 07:12,Old Town Square,Grand & 3rd,1271,member,1987,0.00
114533,24/02/2026 07:06,24/02/2026 07:17,Old Town Square,Old Town Square ,1051,casual,1976,2.80
114534,24/02/2026 07:52,24/02/2026 07:56,Athletics Center,Athletics Center,1003,member,1975,0.00
114535,24/02/2026 07:58,24/02/2026 08:16,Athletics Center,Athletics Center,1130,casual,1963,3.85
114536,24/02/2026 08:05,24/02/2026 08:19,Lighthouse Point,Aurora & 22nd,1241,casual,1994,3.25
114537,24/02/2026 08:25,24/02/2026 08:38,Sunset Boulevard,Sunset Boulevard,1209,member,1966,0.00
114538,24/02/2026 08:35,24/02/2026 08:41,Seawall Promenade,Old Town Square,1232,member,1980,0.00
114538,24/02/2026 08:35,24/02/2026 08:41,Seawall Promenade,Old Town Square,1232,member,1980,0.00
114539,24/02/2026 08:37,24/02/2026 08:47,Merchant Hall,Pier 12,1318,member,1991,0.00
114540,24/02/2026 08:39,24/02/2026 09:21,Dockside Market,Dockside Market,1233,casual,1978,7.45
114541,24/02/2026 08:58,24/02/2026 09:23,Seawall Promenade,Aurora & 22nd,1112,casual,1977,4.75
114542,24/02/2026 09:22,24/02/2026 09:27,Gasometer Park,Gasometer Park,1344,member,,0.00
114543,24/02/2026 09:37,24/02/2026 10:02,Poplar Circle,Poplar Circle,1252,member,1975,0.00
114544,24/02/2026 09:41,24/02/2026 09:47,Exchange Street,Exchange Street,1043,member,1996,0.00
114545,24/02/2026 10:21,24/02/2026 11:17,Steelworks Gate,steelworks gate,1273,casual,2006,9.55
114546,24/02/2026 10:40,24/02/2026 10:45,Sunset Boulevard,Northgate Transit Hub,1136,casual,1960,1.75
114547,24/02/2026 11:37,24/02/2026 11:47,Gasometer Park,Gasometer Park,1306,member,1968,0.00
114548,24/02/2026 11:48,24/02/2026 12:01,Athletics Center,Kayak Launch,1010,Member,1982,0.00
114549,24/02/2026 13:17,24/02/2026 13:37,Birchwood Terrace,Lighthouse Point,1191,member,1989,0.00
114550,24/02/2026 15:32,24/02/2026 15:49,Steelworks Gate,Student Commons,1254,casual,1979,3.70
114551,24/02/2026 15:47,24/02/2026 15:56,Fountain Court,Fountain Court,1090,member,1996,0.00
114552,24/02/2026 16:02,24/02/2026 16:09,Gasometer Park,Old Mill Crossing,1274,member,1989,0.00
114553,24/02/2026 16:19,24/02/2026 16:34,Northgate Transit Hub,Floodgate Road,1250,member,,
114554,24/02/2026 16:42,24/02/2026 16:50,Athletics Center,Old Town Square,1325,casual,1984,2.35
114555,24/02/2026 17:06,24/02/2026 17:10,Harbor East,Kayak Launch,1011,member,1971,0.00
114555,24/02/2026 17:06,24/02/2026 17:10,Harbor East,Kayak Launch,1011,member,1971,0.00
114556,24/02/2026 17:23,24/02/2026 17:36,Riverside Walk,Cobbler's Row,1010,member,1969,0.00
114557,24/02/2026 17:27,24/02/2026 17:36,Aurora & 40th,Gasometer Park,1167,member,1983,0.00
114558,24/02/2026 18:22,24/02/2026 18:36,Seawall Promenade,Seawall Promenade,1269,member,1992,0.00
114559,24/02/2026 19:43,24/02/2026 19:51,Pier 12,Pier 12,1345,Casual,1994,2.35
114560,24/02/2026 20:02,24/02/2026 20:29,Northgate Transit Hub,Northgate Transit Hub,1293,casual,1986,5.05
114561,24/02/2026 20:13,24/02/2026 20:22,Maple Grove,Gasometer Park,1125,casual,1979,2.50
114562,24/02/2026 23:43,24/02/2026 23:49,Opera House,Gasometer Park,1312,casual,1991,1.90
114563,25/02/2026 00:24,25/02/2026 00:54,University Gate,Northgate Transit Hub,1337,casual,1985,5.50
114564,25/02/2026 02:58,25/02/2026 03:09,Sunset Boulevard,Gasometer Park,1293,member,1984,0.00
114565,25/02/2026 06:07,25/02/2026 06:23,Seawall Promenade,Aurora & 40th,1188,member,1988,0.00
114566,25/02/2026 06:12,25/02/2026 06:29,Riverside Walk,Athletics Center,1057,casual,1989,3.55
114567,25/02/2026 06:38,25/02/2026 06:55,Student Commons,Opera House,1136,member,1999,0.00
114568,25/02/2026 06:51,25/02/2026 07:05,Pier 12,Observatory Hill,1215,Casual,1993,3.10
114569,25/02/2026 06:58,25/02/2026 07:05,Steelworks Gate,Steelworks Gate,1293,member,1985,0.00
114570,25/02/2026 07:22,25/02/2026 07:36,City Hall,City Hall,1047,member,1984,0.00
114571,25/02/2026 07:23,25/02/2026 07:27,Student Commons,student commons,1011,member,1971,0.00
114572,25/02/2026 07:33,25/02/2026 07:38,University Gate,Steelworks Gate,1305,Casual,1985,1.90
114573,25/02/2026 07:50,25/02/2026 07:54,Old Town Square,Birchwood Terrace,1340,MEMBER,,0.00
114574,25/02/2026 08:08,25/02/2026 08:15,Old Town Square,Science Quad,1213,member,1978,0.00
114575,25/02/2026 08:19,25/02/2026 08:28,Opera House,Northgate Transit Hub,1208,member,1992,0.00
114576,25/02/2026 08:23,25/02/2026 08:39,Old Town Square,Student Commons,1058,casual,1968,3.40
114577,25/02/2026 08:36,25/02/2026 08:58,Gasometer Park,Steelworks Gate,1329,casual,1993,4.45
114578,25/02/2026 10:36,25/02/2026 10:45,Rosemont & 5th,Tannery Yard,1012,member,1978,0.00
114579,25/02/2026 11:26,25/02/2026 11:43,Cobbler's Row,Old Town Square,1217,member,1991,0.00
114580,25/02/2026 13:08,25/02/2026 13:23,Sunset Boulevard ,Merchant Hall,1120,member,1992,0.00
114581,25/02/2026 14:43,25/02/2026 14:54,Merchant Hall,Kayak Launch,1197,Casual,1968,2.80
114582,25/02/2026 15:18,25/02/2026 15:56,Warehouse Row,Steelworks Gate,1284,Casual,1964,6.70
114583,25/02/2026 15:45,25/02/2026 16:08,opera house,Opera House,1275,Member,1991,0.00
114584,25/02/2026 15:51,25/02/2026 16:02,Steelworks Gate,Steelworks Gate,1216,Member,1957,0.00
114585,25/02/2026 17:22,25/02/2026 17:33,Merchant Hall,Gasometer Park,1244,member,1978,0.00
114586,25/02/2026 17:34,25/02/2026 17:45,Athletics Center,Warehouse Row,1271,Member,1986,0.00
114587,25/02/2026 17:34,25/02/2026 17:52,Lighthouse Point,Lighthouse Point,1158,casual,,3.70
114588,25/02/2026 17:40,25/02/2026 18:19,Old Town Square,Old Town Square,1029,casual,2000,7.00
114589,25/02/2026 19:08,25/02/2026 19:26,riverside walk,Exchange Street,1164,member,1973,0.00
114590,25/02/2026 19:21,25/02/2026 19:38,Kayak Launch,Kayak Launch,1070,member,1985,0.00
114591,25/02/2026 20:29,25/02/2026 20:36,Merchant Hall,Marina Green,1195,member,1991,0.00
114592,25/02/2026 21:46,25/02/2026 22:06,Harbor East,Lighthouse Point,1311,member,,0.00
114593,25/02/2026 22:55,25/02/2026 23:00,Pier 12,Sunset Boulevard,1192,member,1992,0.00
114594,25/02/2026 23:00,25/02/2026 23:16,Pier 12,Observatory Hill,1015,member,1967,0.00
114595,26/02/2026 06:08,26/02/2026 06:18,City Hall,Rosemont & 5th,1337,casual,1997,2.50
114596,26/02/2026 06:28,26/02/2026 07:00,Central Station,Gasometer Park,1254,member,1987,0.00
114597,26/02/2026 07:12,26/02/2026 07:49,Cobbler's Row,Cobbler's Row,1120,casual,1992,6.70
114598,26/02/2026 07:13,26/02/2026 07:18,Northgate Mall,Gasometer Park,1319,member,1995,0.00
114599,26/02/2026 08:05,26/02/2026 08:14,Marina Green,Northgate Transit Hub,1067,casual,1988,2.50
114600,26/02/2026 08:16,26/02/2026 08:22,Central Station,Warehouse Row,1222,member,1975,0.00
114601,26/02/2026 08:22,26/02/2026 08:34,harbor east,Westfield Green,1044,member,1977,0.00
114602,26/02/2026 08:29,26/02/2026 08:57,Seawall Promenade,Kayak Launch,1215,member,1988,0.00
114603,26/02/2026 08:29,26/02/2026 08:44,Campus North,Marina Green,1277,casual,1984,3.25
114604,26/02/2026 08:32,26/02/2026 08:47,Student Commons,Library Mall,1315,casual,1992,3.40
114605,26/02/2026 08:56,26/02/2026 09:13,Gasometer Park,Old Town Square,1329,casual,1977,3.70
114606,26/02/2026 08:59,26/02/2026 09:14,Central Station,Maple Grove,1087,member,1973,0.00
114607,26/02/2026 09:08,26/02/2026 09:39,Riverside Walk,Gasometer Park,1259,casual,1996,5.80
114608,26/02/2026 09:09,26/02/2026 09:28,Maple Grove,Maple Grove,1206,casual,1992,4.00
114609,26/02/2026 09:24,26/02/2026 09:36,Opera House,Opera House,1307,Member,1980,0.00
114610,26/02/2026 09:53,26/02/2026 10:10,Maple Grove,Gasometer Park,1029,casual,1990,3.70
114611,26/02/2026 10:06,26/02/2026 10:28,Athletics Center,Northgate Transit Hub,1225,casual,2003,4.45
114612,26/02/2026 10:19,26/02/2026 10:41,Central Station,Riverside Walk,1086,casual,1974,4.30
114613,26/02/2026 10:31,26/02/2026 10:52,Birchwood Terrace,Sunset Boulevard,1289,casual,1987,4.30
114614,26/02/2026 10:35,26/02/2026 11:08,Old Town Square,Central Station,1077,member,1994,0.00
114615,26/02/2026 12:47,26/02/2026 12:57,Kayak Launch,Birchwood Terrace,1158,member,1989,0.00
114616,26/02/2026 12:53,26/02/2026 13:11,Grand & 9th,Warehouse Row,1129,member,2005,0.00
114617,26/02/2026 13:02,26/02/2026 13:11,Seawall Promenade,Gasometer Park,1149,member,1994,0.00
114618,26/02/2026 13:20,26/02/2026 13:43,Meridian Tower,Student Commons,1046,member,1995,0.00
114619,26/02/2026 13:49,26/02/2026 13:55,Riverside Walk,Exchange Street,1297,member,2005,0.00
114620,26/02/2026 14:22,26/02/2026 14:42,Pier 12,Aurora & 40th,1272,member,1990,0.00
114621,26/02/2026 15:48,26/02/2026 15:57,Observatory Hill,Central Station,1298,member,1993,0.00
114622,26/02/2026 16:25,26/02/2026 16:33,Marina Green,Marina Green,1129,member,1991,0.00
114623,26/02/2026 16:57,26/02/2026 17:06,Old Mill Crossing,Old Mill Crossing,1164,casual,1972,2.35
114624,26/02/2026 17:02,26/02/2026 17:09,City Hall,Old Town Square,1151,member,1972,0.00
114625,26/02/2026 17:31,26/02/2026 17:35,Gasometer Park ,Athletics Center,1003,member,1982,0.00
114626,26/02/2026 17:56,26/02/2026 18:24,Northgate Transit Hub,Steelworks Gate,1344,casual,1979,5.35
114627,26/02/2026 18:40,26/02/2026 18:54,Northgate Transit Hub,Pier 12,1343,member,1976,0.00
114628,26/02/2026 18:48,26/02/2026 21:33,Kayak Launch,Old Mill Crossing,1169,Casual,1987,25.90
114629,26/02/2026 19:17,26/02/2026 19:32,Cedar Park Loop,Tramline Depot,1300,MEMBER,1999,0.00
114630,26/02/2026 19:54,26/02/2026 20:21,Summit Ridge,Athletics Center,1095,casual,1999,5.05
114631,26/02/2026 20:24,26/02/2026 20:37,Old Town Square,Gasometer Park,1152,member,1980,0.00
114632,26/02/2026 21:07,26/02/2026 21:13,student commons,Warehouse Row,1328,member,1990,0.00
114633,26/02/2026 21:56,26/02/2026 22:06,University Gate,University Gate,1066,member,1988,0.00
114634,26/02/2026 22:22,26/02/2026 22:45,Harbor West,Campus North,1091,casual,1996,4.60
114635,27/02/2026 06:17,27/02/2026 06:28,Cedar Park Loop,University Gate,1271,member,1985,0.00
114636,27/02/2026 06:54,27/02/2026 07:00,Willow Bend,Gasometer Park,1254,member,1972,0.00
114637,27/02/2026 07:30,27/02/2026 07:39,Steelworks Gate,Exchange Street,1052,member,1968,0.00
114638,27/02/2026 08:17,27/02/2026 09:16,Old Town Square,Old Town Square,1093,casual,1974,10.00
114639,27/02/2026 09:45,27/02/2026 10:17,Harbor East,Opera House,1293,member,2003,0.00
114640,27/02/2026 10:33,27/02/2026 11:21,Harbor East,Opera House,1120,casual,1971,8.35
114641,27/02/2026 10:54,27/02/2026 11:02,NORTHGATE TRANSIT HUB,Seawall Promenade,1321,member,,0.00
114642,27/02/2026 11:21,27/02/2026 11:33,Old Town Square,University Gate,1130,member,1996,0.00
114643,27/02/2026 11:31,27/02/2026 11:37,Cobbler's Row,Aurora & 40th,1001,member,1982,0.00
114644,27/02/2026 11:31,27/02/2026 11:37,Old Town Square,Cedar Park Loop,1315,Member,1994,0.00
114645,27/02/2026 12:18,27/02/2026 12:37,Gasometer Park,CITY HALL,1208,member,1971,0.00
114646,27/02/2026 12:58,27/02/2026 13:34,Student Commons,Aurora & 22nd,1268,Casual,1979,6.55
114647,27/02/2026 13:50,27/02/2026 13:59,Athletics Center,Fountain Court,1148,casual,1985,2.35
114648,27/02/2026 15:40,27/02/2026 16:00,Old Town Square,Old Town Square,1086,member,1980,0.00
114649,27/02/2026 15:47,27/02/2026 16:22,Summit Ridge,Athletics Center,1310,casual,1975,6.25
114650,27/02/2026 16:34,27/02/2026 16:48,Old Town Square,Central Station,1020,member,1969,0.00
114651,27/02/2026 16:40,27/02/2026 16:46,Old Town Square,Gasometer Park,1323,casual,1995,2.05
114652,27/02/2026 16:47,27/02/2026 16:58,Marina Green,Exchange Street,1222,member,2000,0.00
114653,27/02/2026 16:50,27/02/2026 17:28,Northgate Transit Hub,City Hall,1311,casual,1965,6.85
114654,27/02/2026 16:58,27/02/2026 17:17,Central Station,Meridian Tower,1107,member,1999,0.00
114655,27/02/2026 17:23,27/02/2026 17:29,Library Mall,Aurora & 22nd,1345,member,1977,0.00
114656,27/02/2026 17:55,27/02/2026 18:29,Riverside Walk,Ferry Meadow,1052,member,1958,0.00
114657,27/02/2026 18:41,27/02/2026 18:50,Old Town Square,Old Town Square,1211,member,1980,0.00
114658,27/02/2026 19:34,27/02/2026 19:50,Cobbler's Row,Old Town Square,1284,member,1965,0.00
114659,27/02/2026 19:41,27/02/2026 20:19,Willow Bend,Willow Bend,1273,casual,1991,6.85
114660,27/02/2026 22:33,27/02/2026 22:45,Union Plaza,Tannery Yard,1087,member,2007,0.00
114661,28/02/2026 07:07,28/02/2026 07:20,Sunset Boulevard,Cathedral Gate,1346,member,2000,0.00
114662,28/02/2026 07:33,28/02/2026 07:55,Opera House,Opera House,1285,casual,1994,4.30
114663,28/02/2026 08:23,28/02/2026 08:56,Old Town Square,Old Town Square,1071,Casual,1978,5.95
114664,28/02/2026 09:04,28/02/2026 09:27,University Gate,Riverside Walk,1011,casual,1997,4.60
114665,28/02/2026 09:32,28/02/2026 09:49,Old Mill Crossing,Student Commons,1228,member,1981,0.00
114666,28/02/2026 10:25,28/02/2026 10:40,Athletics Center,Dockside Market,1247,casual,1986,3.25
114667,28/02/2026 10:29,28/02/2026 11:25,Marina Green,Marina Green,1111,casual,2020,9.55
114668,28/02/2026 11:01,28/02/2026 11:07,Union Plaza,Old Town Square,1316,MEMBER,,0.00
114669,28/02/2026 11:34,28/02/2026 12:11,Steelworks Gate,University Gate,1300,Casual,1999,6.70
114670,28/02/2026 11:56,28/02/2026 12:10,Maple Grove,Harbor West,1287,casual,1991,3.25
114671,28/02/2026 12:01,28/02/2026 13:12,Science Quad,Science Quad,1341,casual,1983,11.65
114672,28/02/2026 12:18,28/02/2026 13:02,Cobbler's Row,Cobbler's Row,1255,casual,1981,7.75
114673,28/02/2026 12:21,28/02/2026 12:57,Dockside Market,Old Mill Crossing,1087,casual,1997,6.55
114674,28/02/2026 12:54,28/02/2026 13:04,Old Town Square,Old Town Square,1328,casual,1960,2.65
114675,28/02/2026 13:08,28/02/2026 13:23,Aurora & 22nd,Seawall Promenade,1044,member,1989,0.00
114676,28/02/2026 13:15,28/02/2026 14:10,Pier 12,Merchant Hall,1101,casual,1980,9.40
114677,28/02/2026 14:13,28/02/2026 14:26,Union Plaza,Old Town Square,1223,member,1997,0.00
114678,28/02/2026 14:58,28/02/2026 15:08,Seawall Promenade,Seawall Promenade,1221,member,1990,0.00
114679,28/02/2026 15:11,28/02/2026 15:21,Athletics Center,Kayak Launch,1231,casual,1989,2.50
114680,28/02/2026 15:32,28/02/2026 15:57,Summit Ridge,Merchant Hall,1065,casual,1985,4.90
114681,28/02/2026 17:30,28/02/2026 17:58,Aurora & 22nd,Dockside Market,1012,casual,1978,5.35
114682,28/02/2026 18:05,28/02/2026 18:40,Meridian Tower,Rosemont & 5th,1028,casual,1995,0.00
114683,28/02/2026 18:56,28/02/2026 19:10,City Hall,City Hall,1315,Casual,1997,3.25
114684,28/02/2026 19:29,28/02/2026 19:40,Union Plaza,Union Plaza,1177,member,1968,0.00
114685,28/02/2026 19:42,28/02/2026 19:56,Northgate Transit Hub,Gasometer Park,1317,member,1984,0.00
114686,28/02/2026 19:42,28/02/2026 19:46,Riverside Walk,Warehouse Row,1130,member,1966,0.00
114687,28/02/2026 19:55,28/02/2026 20:26,Student Commons,University Gate,1060,member,2003,0.00
114688,28/02/2026 20:16,28/02/2026 20:28,Pier 12,Pier 12,1201,casual,1997,2.80
114689,28/02/2026 23:05,28/02/2026 23:30,Gasometer Park,Kayak Launch,1077,casual,1996,4.90
114690,01/03/2026 08:20,01/03/2026 08:30,Old Town Square,Athletics Center,1283,member,,0.00
114691,01/03/2026 09:41,01/03/2026 09:58,Kayak Launch,Harbor West,1234,member,2020,0.00
114692,01/03/2026 10:03,01/03/2026 10:27,Old Town Square,Westfield Green,1035,casual,1981,4.60
114693,01/03/2026 10:16,01/03/2026 10:25,Central Station,opera house,1269,member,1971,0.00
114694,01/03/2026 10:32,01/03/2026 11:20,Old Town Square,Athletics Center,1201,casual,1985,8.20
114695,01/03/2026 11:22,01/03/2026 11:40,steelworks gate,Riverside Walk,1350,casual,1969,3.70
114696,01/03/2026 11:27,01/03/2026 11:35,Gasometer Park,Riverside Walk,1001,member,1975,0.00
114697,01/03/2026 11:36,01/03/2026 12:03,Summit Ridge,Student Commons,1017,casual,1995,5.20
114698,01/03/2026 11:56,01/03/2026 12:26,Athletics Center,Athletics Center,1157,casual,1994,5.50
114699,01/03/2026 12:26,01/03/2026 12:56,Athletics Center,Athletics Center,1311,casual,1978,5.50
114700,01/03/2026 12:30,01/03/2026 12:50,Gasometer Park,Riverside Walk,1004,member,1994,0.00
114701,01/03/2026 13:08,01/03/2026 13:18,Seawall Promenade,Seawall Promenade,1348,member,1997,0.00
114702,01/03/2026 14:22,01/03/2026 16:10,Central Station,Aurora & 40th,1079,casual,,17.20
114703,01/03/2026 15:27,01/03/2026 16:56,Ferry Landing,Steelworks Gate,1177,casual,1992,14.50
114704,01/03/2026 15:27,01/03/2026 15:53,Fountain Court,Fountain Court,1125,member,2002,0.00
114705,01/03/2026 15:39,01/03/2026 15:47,Harbor East,University Gate,1137,Member,1985,0.00
114706,01/03/2026 15:44,01/03/2026 16:30,Grand & 3rd,Grand & 3rd,1144,casual,1973,8.05
114707,01/03/2026 15:54,01/03/2026 16:05,Central Station,Summit Ridge,1077,casual,2003,2.80
114708,01/03/2026 16:37,01/03/2026 16:53,Dockside Market,Dockside Market,1200,Casual,1978,3.40
114709,01/03/2026 16:42,01/03/2026 17:02,Student Commons,Warehouse Row,1012,casual,1961,4.00
114710,01/03/2026 16:53,01/03/2026 17:01,King's Cross Lane,King's Cross Lane,1255,member,1975,0.00
114711,01/03/2026 17:07,01/03/2026 17:24,Rosemont & 5th,Grand & 3rd,1181,member,1986,0.00
114712,01/03/2026 17:16,01/03/2026 17:39,Exchange Street,Sunset Boulevard,1047,casual,1995,4.60
114713,01/03/2026 17:37,01/03/2026 17:56,Old Mill Crossing,Old Mill Crossing,1083,casual,1978,3.85
114714,01/03/2026 18:09,01/03/2026 18:17,Kayak Launch,Student Commons,1064,member,1988,0.00
114715,01/03/2026 18:18,01/03/2026 19:03,Marina Green,Marina Green,1152,casual,1978,7.75
114716,01/03/2026 19:34,01/03/2026 19:58,Old Mill Crossing,Old Mill Crossing,1253,casual,1965,4.75
114717,01/03/2026 19:57,01/03/2026 20:02,Maple Grove,Old Town Square,1152,member,1964,0.00
114718,01/03/2026 20:24,01/03/2026 20:36,Central Station,Poplar Circle,1001,member,1986,0.00
114719,02/03/2026 05:28,02/03/2026 05:38,fountain court,Pier 12,1268,member,1992,0.00
114720,02/03/2026 05:43,02/03/2026 06:29,Northgate Transit Hub,Pier 12 ,1085,casual,1960,7.90
114721,02/03/2026 06:49,02/03/2026 07:22,Dockside Market,Dockside Market,1324,casual,1985,6.10
114722,02/03/2026 07:04,02/03/2026 07:07,Exchange Street,Student Commons,1026,member,1989,0.00
114723,02/03/2026 07:12,02/03/2026 08:04,Athletics Center,Athletics Center,1101,casual,1991,8.80
114724,02/03/2026 07:29,02/03/2026 07:35,Harbor East,Old Town Square,1036,member,1992,0.00
114725,02/03/2026 07:44,02/03/2026 07:48,Aurora & 22nd,City Hall,1027,member,1974,0.00
114726,02/03/2026 07:58,02/03/2026 08:04,Observatory Hill,Seawall Promenade,1061,member,1981,0.00
114727,02/03/2026 08:10,02/03/2026 08:26,City Hall,City Hall,1079,Casual,1979,3.55
114728,02/03/2026 08:21,02/03/2026 08:44,Riverside Walk,Maple Grove,1233,casual,1973,4.45
114729,02/03/2026 08:33,02/03/2026 08:46,Cedar Park Loop,Central Station,1041,Member,1991,0.00
114730,02/03/2026 08:38,02/03/2026 08:57,Observatory Hill,Student Commons,1142,casual,1999,3.85
114731,02/03/2026 08:45,02/03/2026 09:06,Clocktower Plaza,Warehouse Row,1060,member,1981,0.00
114732,02/03/2026 08:47,02/03/2026 09:30,Kayak Launch,Fountain Court,1127,casual,,7.45
114733,02/03/2026 08:52,02/03/2026 09:07,Clocktower Plaza,Clocktower Plaza,1319,casual,1985,3.25
114734,02/03/2026 10:00,02/03/2026 10:07,Pier 12,Riverside Walk,1242,member,1973,0.00
114735,02/03/2026 11:34,02/03/2026 11:39,Rosemont & 5th,Steelworks Gate,1348,Member,1993,0.00
114736,02/03/2026 11:44,02/03/2026 12:05,Riverside Walk,Exchange Street,1272,member,1998,0.00
114737,02/03/2026 14:04,02/03/2026 14:38,Summit Ridge,Harbor East ,1337,member,1989,0.00
114738,02/03/2026 15:02,02/03/2026 14:19,Gasometer Park,Gasometer Park,1195,member,1990,0.00
114739,02/03/2026 15:32,02/03/2026 15:45,Student Commons,Warehouse Row,1272,casual,,2.95
114740,02/03/2026 15:54,02/03/2026 16:01,Clocktower Plaza,Steelworks Gate,1344,member,1991,0.00
114741,02/03/2026 16:16,02/03/2026 16:32,Cobbler's Row,Cobbler's Row,1344,member,2001,0.00
114742,02/03/2026 16:19,02/03/2026 16:36,Cobbler's Row,Birchwood Terrace,1176,casual,1988,3.70
114743,02/03/2026 16:30,02/03/2026 16:49,Union Plaza,Observatory Hill,1259,member,1979,0.00
114744,02/03/2026 16:53,02/03/2026 17:19,Gasometer Park,Grand & 3rd,1311,casual,1968,4.90
114745,02/03/2026 16:57,02/03/2026 17:07,City Hall,Aurora & 22nd,1103,casual,1982,2.50
114746,02/03/2026 17:18,02/03/2026 17:36,Old Town Square,OLD TOWN SQUARE,1081,casual,1984,3.70
114747,02/03/2026 17:50,02/03/2026 17:55,Warehouse Row,Athletics Center,1011,member,1999,0.00
114748,02/03/2026 18:14,02/03/2026 18:22,Sunset Boulevard,Steelworks Gate,1278,Member,1972,0.00
114749,02/03/2026 18:15,02/03/2026 18:27,Kayak Launch,Kayak Launch,1201,casual,1979,2.95
114750,02/03/2026 19:11,02/03/2026 19:19,Steelworks Gate,Seawall Promenade,1019,casual,1980,2.35
114751,02/03/2026 19:39,02/03/2026 20:21,Union Plaza,Union Plaza,1159,casual,1995,7.30
114752,02/03/2026 19:41,02/03/2026 20:04,Summit Ridge,Central Station,1115,casual,1992,4.45
114753,02/03/2026 19:41,02/03/2026 19:51,Birchwood Terrace,Birchwood Terrace,1337,member,1998,0.00
114754,02/03/2026 21:39,02/03/2026 21:45,Summit Ridge,City Hall,1224,member,1977,0.00
114755,03/03/2026 00:28,03/03/2026 01:00,Maple Grove,Steelworks Gate,1068,casual,1957,5.95
114756,03/03/2026 07:13,03/03/2026 07:25,MAPLE GROVE,Gasometer Park,1312,Member,1996,0.00
114757,03/03/2026 07:46,03/03/2026 07:53,Old Town Square,Pier 12,1130,member,2001,0.00
114758,03/03/2026 08:08,03/03/2026 08:18,Old Town Square,Central Station,1154,casual,1988,2.50
114759,03/03/2026 08:08,03/03/2026 08:17,Rosemont & 5th,Rosemont & 5th,1343,member,1991,0.00
114760,03/03/2026 08:16,03/03/2026 09:01,Old Mill Crossing,Old Mill Crossing,1276,casual,1993,7.75
114761,03/03/2026 08:27,03/03/2026 08:48,Old Mill Crossing,Athletics Center,1019,casual,1980,4.15
114762,03/03/2026 08:54,03/03/2026 09:09,Athletics Center,Kayak Launch,1101,member,1995,0.00
114763,03/03/2026 09:18,03/03/2026 09:31,Merchant Hall,Student Commons,1307,member,1977,0.00
114764,03/03/2026 09:32,03/03/2026 09:43,Central Station,Gasometer Park,1223,Member,2003,0.00
114765,03/03/2026 09:46,03/03/2026 10:15,Old Mill Crossing,Summit Ridge,1328,casual,1990,5.50
114766,03/03/2026 10:13,03/03/2026 10:17,Old Town Square,Old Town Square,1157,member,1991,0.00
114767,03/03/2026 11:43,03/03/2026 11:48,Student Commons,Student Commons,1233,member,,0.00
114768,03/03/2026 12:13,03/03/2026 12:35,Westfield Green,Old Town Square,1051,Member,1987,0.00
114769,03/03/2026 12:40,03/03/2026 12:45,Kayak Launch,Kayak Launch,1177,member,1980,0.00
114770,03/03/2026 13:05,03/03/2026 13:23,Cedar Park Loop,Harbor East,1161,member,1989,0.00
114771,03/03/2026 13:43,03/03/2026 13:47,Gasometer Park,Old Town Square,1248,member,1996,0.00
114772,03/03/2026 14:13,03/03/2026 14:27,Harbor West,Harbor West,1084,Member,1973,0.00
114773,03/03/2026 14:38,03/03/2026 14:44,Old Town Square,Tannery Yard,1079,member,1982,0.00
114774,03/03/2026 14:50,03/03/2026 14:56,Kayak Launch,Maple Grove,1024,member,1963,0.00
114775,03/03/2026 16:23,03/03/2026 16:57,Kayak Launch,Gasometer Park,1279,casual,1992,6.10
114776,03/03/2026 16:30,03/03/2026 17:35,Gasometer Park,Gasometer Park,1205,Casual,1989,10.90
114777,03/03/2026 16:32,03/03/2026 16:58,Gasometer Park,Central Station,1010,member,1984,0.00
114778,03/03/2026 16:44,03/03/2026 17:04,Central Station,Riverside Walk,1311,casual,1973,4.00
114779,03/03/2026 16:47,03/03/2026 17:06,Gasometer Park,Poplar Circle,1335,Member,1985,0.00
114780,03/03/2026 16:57,03/03/2026 17:13,steelworks gate,King's Cross Lane,1037,member,1972,0.00
114781,03/03/2026 17:02,03/03/2026 17:16, Riverside Walk,Summit Ridge,1062,Casual,,3.10
114782,03/03/2026 17:06,03/03/2026 17:13,Pier 12,Pier 12,1208,member,1991,0.00
114783,03/03/2026 17:14,03/03/2026 17:44,Aurora & 22nd,Central Station,1145,member,1967,0.00
114784,03/03/2026 17:32,03/03/2026 17:55,Athletics Center,Old Town Square,1165,casual,1972,4.60
114785,03/03/2026 17:39,03/03/2026 17:50,Old Town Square,University Gate ,1209,MEMBER,1982,0.00
114786,03/03/2026 17:54,03/03/2026 19:51,Student Commons,Aurora & 22nd,1031,casual,1974,18.55
114787,03/03/2026 18:03,03/03/2026 18:23,Old Town Square,Pier 12,1238,casual,1966,4.15
114788,03/03/2026 18:03,03/03/2026 18:33,Pier 12,Science Quad,1240,Casual,1972,5.65
114789,03/03/2026 18:13,03/03/2026 18:34,harbor west,Campus North,1190,casual,1994,4.15
114790,03/03/2026 19:14,03/03/2026 19:27,Westfield Green,City Hall,1146,member,1979,0.00
114791,03/03/2026 19:45,03/03/2026 19:52,City Hall,Old Town Square,1174,member,2006,0.00
114792,03/03/2026 20:24,03/03/2026 20:30,Old Town Square,Harbor West,1330,member,2001,0.00
114793,03/03/2026 20:57,03/03/2026 21:10,Central Station,Central Station,1332,member,1989,0.00
114794,04/03/2026 05:15,04/03/2026 05:31,Riverside Walk,Westfield Green,1201,member,1987,0.00
114795,04/03/2026 07:22,04/03/2026 07:26,Pier 12,Athletics Center,1189,member,1988,0.00
114796,04/03/2026 08:11,04/03/2026 08:53,Observatory Hill,Observatory Hill,1248,casual,1984,7.30
114797,04/03/2026 08:44,04/03/2026 08:46,Central Station,Dockside Market,1051,member,1986,0.00
114798,04/03/2026 08:56,04/03/2026 09:03,Athletics Center,Old Town Square,1205,member,1986,0.00
114799,04/03/2026 09:53,04/03/2026 10:27,Old Mill Crossing,Harbor East,1153,Casual,1992,6.10
114800,04/03/2026 10:54,04/03/2026 11:18,Old Mill Crossing,Athletics Center,1036,member,1995,0.00
114801,04/03/2026 11:13,04/03/2026 11:25,Riverside Walk,Central Station,1015,member,1960,0.00
114802,04/03/2026 11:30,04/03/2026 11:40,Aurora & 22nd,Aurora & 22nd,1153,casual,1973,2.65
114803,04/03/2026 12:12,04/03/2026 12:34,OLD MILL CROSSING,Athletics Center,1025,casual,,43.00
114804,04/03/2026 13:23,04/03/2026 13:30,Opera House,Opera House,1113,member,1989,0.00
114805,04/03/2026 13:34,04/03/2026 13:47,Marina Green,Marina Green,1273,MEMBER,2003,0.00
114806,04/03/2026 13:54,04/03/2026 14:22,Student Commons,Harbor East,1142,casual,1979,5.20
114807,04/03/2026 13:58,04/03/2026 14:11,Harbor East,Northgate Mall,1074,member,1977,0.00
114808,04/03/2026 14:22,04/03/2026 14:32,Pier 12,Grand & 9th,1242,member,1986,0.00
114809,04/03/2026 14:45,04/03/2026 15:04,Observatory Hill,Observatory Hill,1018,member,1987,0.00
114810,04/03/2026 15:26,04/03/2026 15:32,Steelworks Gate,Old Town Square,1247,member,1970,0.00
114811,04/03/2026 15:57,04/03/2026 16:23,Steelworks Gate,Observatory Hill,1126,casual,1976,4.90
114812,04/03/2026 16:04,04/03/2026 16:19,Summit Ridge,Summit Ridge,1129,member,1997,0.00
114813,04/03/2026 16:31,04/03/2026 16:48,Seawall Promenade,Marina Green,1285,Casual,1984,3.55
114814,04/03/2026 16:36,04/03/2026 16:45,Meridian Tower,Maple Grove,1297,member,1994,0.00
114815,04/03/2026 16:53,04/03/2026 17:07,Orchard Lane,Student Commons,1072,member,1986,0.00
114816,04/03/2026 17:18,04/03/2026 17:28,King's Cross Lane,University Gate,1062,member,1998,0.00
114817,04/03/2026 17:28,04/03/2026 17:34,Athletics Center,Athletics Center,1024,member,1984,0.00
114818,04/03/2026 17:51,04/03/2026 18:01,Marina Green,Marina Green,1172,member,1988,0.00
114819,04/03/2026 17:57,04/03/2026 18:06,Northgate Mall,Riverside Walk,1044,member,1992,0.00
114820,04/03/2026 18:25,04/03/2026 18:40,Northgate Mall,Harbor East,1092,casual,1978,3.40
114820,04/03/2026 18:25,04/03/2026 18:40,Northgate Mall,Harbor East,1092,casual,1978,3.40
114821,04/03/2026 18:25,04/03/2026 18:37,Gasometer Park,Athletics Center,1086,member,1983,0.00
114822,04/03/2026 18:32,04/03/2026 18:50,Athletics Center,Ferry Meadow,1197,member,1998,0.00
114823,04/03/2026 19:22,04/03/2026 19:45,Gasometer Park,Old Town Square,1264,casual,1990,4.60
114824,04/03/2026 20:33,04/03/2026 20:48,Northgate Transit Hub,Northgate Transit Hub,1350,member,1979,0.00
114825,04/03/2026 20:51,04/03/2026 20:56,Maple Grove,Old Mill Crossing,1149,member,1997,0.00
114826,04/03/2026 22:06,04/03/2026 22:20,Summit Ridge,Pier 12,1318,casual,1990,3.25
114827,04/03/2026 22:34,04/03/2026 22:42,Central Station,Seawall Promenade,1030,member,1990,0.00
114828,05/03/2026 06:13,05/03/2026 06:23,Birchwood Terrace,Tramline Depot,1201,member,1999,0.00
114829,05/03/2026 06:14,05/03/2026 06:27,Warehouse Row,Old Town Square,1038,member,2007,0.00
114830,05/03/2026 06:32,05/03/2026 06:58,Cedar Park Loop,Old Town Square,1044,Casual,1972,4.90
114831,05/03/2026 06:41,05/03/2026 05:44,Cobbler's Row,Tramline Depot,1284,member,1993,0.00
114832,05/03/2026 06:46,05/03/2026 07:14,harbor east,Gasometer Park,1348,casual,,5.20
114833,05/03/2026 07:03,05/03/2026 07:15,King's Cross Lane,King's Cross Lane,1247,member,1996,0.00
114834,05/03/2026 07:04,05/03/2026 07:21,Pier 12,Northgate Mall,1311,member,2000,0.00
114835,05/03/2026 07:11,05/03/2026 07:28,Riverside Walk,Riverside Walk,1262,member,2005,0.00
114836,05/03/2026 07:15,05/03/2026 07:45,Harbor East,Old Town Square,1253,member,1980,0.00
114837,05/03/2026 07:23,05/03/2026 07:34,Kayak Launch,Kayak Launch,1311,member,1986,0.00
114838,05/03/2026 07:51,05/03/2026 08:02,Campus North,Campus North,1277,member,1979,0.00
114839,05/03/2026 08:01,05/03/2026 08:36,Grand & 9th,Campus North,1266,casual,1979,6.40
114840,05/03/2026 08:05,05/03/2026 08:20,Observatory Hill,Foundry District,1208,member,,0.00
114841,05/03/2026 08:44,05/03/2026 09:00,KAYAK LAUNCH,Aurora & 22nd,1004,casual,1995,3.40
114842,05/03/2026 09:15,05/03/2026 09:36,Gasometer Park,Union Plaza,1284,member,1991,0.00
114843,05/03/2026 09:53,05/03/2026 10:09,Dockside Market,University Gate,1024,Member,2001,0.00
114844,05/03/2026 10:10,05/03/2026 10:35,Old Town Square,Old Mill Crossing,1319,member,1994,0.00
114845,05/03/2026 10:31,05/03/2026 10:36,Dockside Market,Rosemont & 5th,1010,member,1978,0.00
114845,05/03/2026 10:31,05/03/2026 10:36,Dockside Market,Rosemont & 5th,1010,member,1978,0.00
114846,05/03/2026 10:53,05/03/2026 11:12,Aurora & 22nd,Aurora & 22nd,1154,Casual,1992,3.85
114847,05/03/2026 11:52,05/03/2026 11:59,kayak launch,KAYAK LAUNCH,1131,member,1998,0.00
114848,05/03/2026 12:20,05/03/2026 12:27,Warehouse Row,Warehouse Row,1268,Member,1975,0.00
114849,05/03/2026 12:31,05/03/2026 12:48,Fountain Court,Fountain Court,1018,member,1985,0.00
114850,05/03/2026 12:42,05/03/2026 13:04,Ferry Meadow,Union Plaza,1026,casual,1998,4.45
114850,05/03/2026 12:42,05/03/2026 13:04,Ferry Meadow,Union Plaza,1026,casual,1998,4.45
114851,05/03/2026 13:00,05/03/2026 13:18,City Hall,Central Station,1150,member,1983,0.00
114852,05/03/2026 13:01,05/03/2026 13:11,Meridian Tower,University Gate,1048,member,1992,0.00
114853,05/03/2026 13:02,05/03/2026 13:26,Aurora & 22nd,Warehouse Row,1070,Casual,1971,4.60
114854,05/03/2026 13:13,05/03/2026 13:18,Kayak Launch,Kayak Launch,1070,Member,1997,0.00
114855,05/03/2026 13:17,05/03/2026 13:32,Science Quad,Aurora & 22nd,1052,member,1970,0.00
114856,05/03/2026 13:27,05/03/2026 13:37,Old Town Square,Old Town Square,1121,member,1976,0.00
114857,05/03/2026 14:09,05/03/2026 14:20,Fountain Court,Cedar Park Loop,1113,member,1999,0.00
114858,05/03/2026 14:11,05/03/2026 14:50,Fountain Court,Cedar Park Loop,1077,casual,1993,6.85
114859,05/03/2026 14:27,05/03/2026 14:49,Steelworks Gate,Central Station,1193,member,,0.00
114860,05/03/2026 14:58,05/03/2026 15:10,Riverside Walk,Gasometer Park,1034,casual,1978,2.95
114861,05/03/2026 16:16,05/03/2026 17:09,Union Plaza,Old Town Square,1237,casual,1987,8.95
114862,05/03/2026 16:35,05/03/2026 16:40,Old Town Square,Riverside Walk,1071,member,1999,0.00
114863,05/03/2026 16:52,05/03/2026 17:55,Old Mill Crossing,Student Commons,1108,casual,1983,10.60
114864,05/03/2026 16:58,05/03/2026 17:06,Rosemont & 5th,Seawall Promenade,1119,member,,0.00
114865,05/03/2026 17:03,05/03/2026 17:26,Tannery Yard,Poplar Circle ,1314,casual,1996,4.45
114866,05/03/2026 17:05,05/03/2026 17:20,Old Town Square,Campus North,1250,member,1982,0.00
114867,05/03/2026 17:23,05/03/2026 17:26,City Hall,Sunset Boulevard,1001,member,2000,0.00
114868,05/03/2026 17:30,05/03/2026 17:40,Riverside Walk,Exchange Street,1120,member,1987,0.00
114869,05/03/2026 17:32,05/03/2026 17:53,Gasometer Park,Riverside Walk,1261,member,1993,0.00
114870,05/03/2026 17:51,05/03/2026 17:58,Maple Grove,Sunset Boulevard,1340,member,1979,0.00
114871,05/03/2026 17:55,05/03/2026 18:28,Clocktower Plaza,Clocktower Plaza,1152,casual,1978,5.95
114872,05/03/2026 18:09,05/03/2026 18:15,Poplar Circle,Kayak Launch,1145,Member,1975,0.00
114873,05/03/2026 18:46,05/03/2026 19:05,Gasometer Park,Gasometer Park,1314,casual,1987,4.00
114874,05/03/2026 18:50,05/03/2026 18:57,Central Station,Northgate Transit Hub,1306,MEMBER,1987,0.00
114875,05/03/2026 19:06,05/03/2026 19:15,Central Station,Student Commons,1006,member,1965,0.00
114876,05/03/2026 19:30,05/03/2026 19:45,Riverside Walk,Student Commons,1029,member,1991,0.00
114877,05/03/2026 19:34,05/03/2026 19:40,City Hall,Old Town Square,1011,member,1987,0.00
114878,05/03/2026 20:18,05/03/2026 20:26,Northgate Transit Hub,Central Station ,1047,Casual,1983,2.20
114879,05/03/2026 20:33,05/03/2026 20:40,Seawall Promenade,Riverside Walk,1192,casual,1996,2.20
114880,05/03/2026 22:42,05/03/2026 23:33,Central Station,Central Station,1070,member,1994,0.60
114881,05/03/2026 23:25,05/03/2026 23:35,Tramline Depot,Opera House,1219,Member,1969,0.00
114882,05/03/2026 23:41,05/03/2026 23:54,Steelworks Gate,Observatory Hill,1231,member,1993,0.00
114883,06/03/2026 07:17,06/03/2026 07:39,Kayak Launch,Rosemont & 5th,1262,Casual,1991,4.30
114884,06/03/2026 08:14,06/03/2026 08:19,Science Quad,Steelworks Gate,1057,member,1972,0.00
114885,06/03/2026 08:20,06/03/2026 08:49,Old Town Square,Old Mill Crossing,1236,casual,1995,5.50
114886,06/03/2026 09:40,06/03/2026 09:53,University Gate,Student Commons,1268,Member,1980,0.00
114887,06/03/2026 10:49,06/03/2026 11:01,Summit Ridge,Dockside Market,1215,casual,1980,2.95
114888,06/03/2026 13:14,06/03/2026 13:18,Gasometer Park,Gasometer Park,1348,member,1990,0.00
114889,06/03/2026 14:45,06/03/2026 14:51,Central Station,Central Station,1158,member,1992,0.00
114890,06/03/2026 15:43,06/03/2026 15:57,Kayak Launch,Birchwood Terrace,1320,member,1993,0.00
114891,06/03/2026 16:58,06/03/2026 17:52,Old Mill Crossing,Athletics Center,1012,casual,1992,9.10
114892,06/03/2026 17:57,06/03/2026 18:04,Riverside Walk,Harbor East,1270,member,1992,0.00
114893,06/03/2026 18:31,06/03/2026 18:50,Science Quad,Floodgate Road,1006,Casual,2004,3.85
114894,06/03/2026 18:32,06/03/2026 18:49,Central Station,Riverside Walk,1025,member,2006,0.00
114895,06/03/2026 19:43,06/03/2026 19:49,Central Station,Old Town Square,1311,casual,1986,2.05
114896,06/03/2026 21:02,06/03/2026 21:26,Central Station,Old Town Square,1155,casual,,4.60
114897,06/03/2026 21:11,06/03/2026 21:24,Old Mill Crossing,Sunset Boulevard,1293,member,1993,0.00
114898,07/03/2026 05:50,07/03/2026 06:16,Old Town Square,Old Town Square,1051,casual,1994,5.05
114899,07/03/2026 08:40,07/03/2026 09:11,Summit Ridge,Gasometer Park,1225,casual,1982,5.65
114900,07/03/2026 09:01,07/03/2026 09:25,Hillcrest Point,Hillcrest Point,1347,Member,,0.00
114901,07/03/2026 09:28,07/03/2026 09:37,Cedar Park Loop,Old Mill Crossing,1175,member,1996,0.00
114902,07/03/2026 09:32,07/03/2026 09:52,Botanic Gardens,Botanic Gardens,1116,member,1998,0.00
114903,07/03/2026 10:09,07/03/2026 10:27,Clocktower Plaza,University Gate,1084,member,1972,0.00
114904,07/03/2026 10:50,07/03/2026 11:03,Northgate Transit Hub,Student Commons,1350,member,1994,0.00
114905,07/03/2026 11:16,07/03/2026 11:41,Northgate Mall,Northgate Mall,1238,casual,2000,4.90
114906,07/03/2026 11:19,07/03/2026 12:06,Riverside Walk,Old Mill Crossing,1219,casual,1999,8.05
114907,07/03/2026 11:32,07/03/2026 11:38,Harbor East,Harbor East,1348,Casual,1985,2.05
114908,07/03/2026 11:42,07/03/2026 12:19,Aurora & 22nd,Aurora & 40th,1144,member,1998,0.00
114909,07/03/2026 12:00,07/03/2026 12:15,Warehouse Row,Warehouse Row,1233,member,,0.00
114910,07/03/2026 12:00,07/03/2026 12:14,Pier 12,Old Town Square,1215,member,1992,0.00
114911,07/03/2026 12:31,07/03/2026 13:04,Union Plaza,Gasometer Park,1022,casual,,5.95
114912,07/03/2026 12:48,07/03/2026 13:05,Athletics Center,Steelworks Gate,1344,casual,1989,3.70
114913,07/03/2026 12:52,07/03/2026 13:08,Old Town Square,Sunset Boulevard,1050,casual,1989,3.40
114914,07/03/2026 12:54,07/03/2026 13:19,Old Town Square,Northgate Mall,1077,casual,1995,4.75
114915,07/03/2026 13:05,07/03/2026 13:34,Student Commons,Steelworks Gate,1190,casual,1989,5.35
114916,07/03/2026 13:11,07/03/2026 13:22,Athletics Center,Steelworks Gate,1271,casual,1989,2.65
114917,07/03/2026 13:31,07/03/2026 13:43,City Hall,Cedar Park Loop,1331,member,1993,0.00
114918,07/03/2026 13:57,07/03/2026 14:14,Poplar Circle,Northgate Transit Hub,1113,casual,1998,3.70
114919,07/03/2026 14:14,07/03/2026 14:44,Old Town Square,Ferry Meadow,1233,casual,1985,5.65
114920,07/03/2026 14:15,07/03/2026 14:25,Warehouse Row,Warehouse Row,1255,member,1984,0.00
114920,07/03/2026 14:15,07/03/2026 14:25,Warehouse Row,Warehouse Row,1255,member,1984,0.00
114921,07/03/2026 14:48,07/03/2026 15:03,Northgate Transit Hub,Gasometer Park,1087,casual,1981,3.25
114922,07/03/2026 15:08,07/03/2026 15:24,Pier 12,Clocktower Plaza,1162,member,1965,0.00
114923,07/03/2026 16:30,07/03/2026 16:48,Kayak Launch,Student Commons,1259,casual,1999,3.85
114924,07/03/2026 16:50,07/03/2026 16:58,Grand & 3rd,Maple Grove,1065,casual,,2.20
114925,07/03/2026 16:58,07/03/2026 17:42,Merchant Hall,Aurora & 40th,1276,casual,1980,7.75
114926,07/03/2026 17:07,07/03/2026 17:26,Floodgate Road,Gasometer Park,1344,member,1989,0.00
114927,07/03/2026 17:55,07/03/2026 18:07,Grand & 9th,Grand & 9th,1086,casual,1997,2.80
114928,07/03/2026 18:17,07/03/2026 18:27,Dockside Market,Dockside Market,1004,Casual,1992,2.50
114929,07/03/2026 18:23,07/03/2026 18:31,Cobbler's Row,Cobbler's Row,1155,casual,2002,2.35
114930,07/03/2026 18:27,07/03/2026 18:33,Student Commons,Riverside Walk,1345,Member,1981,0.00
114931,07/03/2026 18:50,07/03/2026 19:01,Student Commons,Aurora & 22nd,1207,member,1975,0.00
114932,07/03/2026 18:51,07/03/2026 19:05,Union Plaza,old town square,1345,casual,1995,3.25
114933,07/03/2026 19:11,07/03/2026 19:24,Kayak Launch,Steelworks Gate,1155,member,1993,0.00
114934,07/03/2026 20:43,07/03/2026 21:18,Opera House,Pier 12,1299,Casual,1979,6.25
114935,07/03/2026 22:58,07/03/2026 23:20,Northgate Transit Hub,Central Station,1233,casual,,4.30
114936,08/03/2026 00:26,08/03/2026 00:41,Central Station,Opera House,1243,member,1972,0.00
114937,08/03/2026 02:21,08/03/2026 02:37,kayak launch,Meridian Tower,1278,casual,1984,3.40
114938,08/03/2026 02:25,08/03/2026 02:38,Gasometer Park,Riverside Walk,1001,casual,1983,3.10
114939,08/03/2026 09:30,08/03/2026 09:51,Grand & 9th,Aurora & 22nd,1161,casual,1984,4.15
114940,08/03/2026 10:20,08/03/2026 10:43,Union Plaza,Old Mill Crossing,1201,member,1969,0.00
114941,08/03/2026 10:25,08/03/2026 11:07,Harbor East,Old Mill Crossing,1279,casual,1967,7.45
114942,08/03/2026 11:05,08/03/2026 11:11,University Gate,University Gate,1274,member,1976,0.00
114943,08/03/2026 11:06,08/03/2026 11:25,OPERA HOUSE,Steelworks Gate,1001,casual,2004,3.85
114944,08/03/2026 11:07,08/03/2026 11:22,Observatory Hill,Observatory Hill,1279,Member,1990,0.00
114945,08/03/2026 11:53,08/03/2026 11:56,Athletics Center,Harbor West,1046,Casual,1983,1.60
114946,08/03/2026 12:00,08/03/2026 12:19,Northgate Transit Hub,Cedar Park Loop,1174,casual,1992,3.85
114947,08/03/2026 12:04,08/03/2026 12:30,Marina Green,Marina Green,1006,casual,1989,4.90
114948,08/03/2026 12:52,08/03/2026 13:42,Pier 12,Seawall Promenade,1173,casual,1985,8.65
114949,08/03/2026 13:16,08/03/2026 13:37,Steelworks Gate,Heron Park,1347,casual,1995,4.15
114949,08/03/2026 13:16,08/03/2026 13:37,Steelworks Gate,Heron Park,1347,casual,1995,4.15
114950,08/03/2026 13:22,08/03/2026 13:46,Tannery Yard,Gasometer Park,1044,Casual,1995,4.60
114951,08/03/2026 13:37,08/03/2026 13:59,Northgate Transit Hub,Heron Park,1268,casual,1986,4.45
114952,08/03/2026 14:23,08/03/2026 14:28,Gasometer Park,Merchant Hall,1088,member,1995,0.00
114953,08/03/2026 14:40,08/03/2026 15:56,Cedar Park Loop,Athletics Center,1125,casual,1959,12.55
114954,08/03/2026 14:57,08/03/2026 15:04,Old Mill Crossing,Opera House,1151,member,1996,0.00
114955,08/03/2026 15:50,08/03/2026 16:08,Observatory Hill,Seawall Promenade,1028,casual,1970,3.85
114956,08/03/2026 16:29,08/03/2026 16:35,Northgate Mall,Opera House,1327,member,1982,0.00
114957,08/03/2026 17:15,08/03/2026 17:29,Old Town Square,Westfield Green,1350,member,1990,0.00
114958,08/03/2026 17:41,08/03/2026 17:55,Gasometer Park,Student Commons,1213,casual,1968,3.10
114959,08/03/2026 18:32,08/03/2026 18:53,Guildhall Steps,Central Station,1152,casual,1993,4.15
114960,08/03/2026 20:18,08/03/2026 20:32,Maple Grove,University Gate,1262,Casual,,3.10
114961,08/03/2026 20:18,08/03/2026 20:31,Pier 12,Northgate Transit Hub,1249,member,1984,0.00
114962,08/03/2026 22:00,08/03/2026 22:28,Central Station,Steelworks Gate,1195,casual,1982,5.20
114963,09/03/2026 06:47,09/03/2026 06:56,Union Plaza,Pier 12,1154,member,1973,0.00
114964,09/03/2026 07:13,09/03/2026 07:23,Marina Green,Gasometer Park,1024,casual,1991,2.65
114965,09/03/2026 08:01,09/03/2026 08:15,Maple Grove,University Gate,1059,casual,1969,3.10
114966,09/03/2026 08:04,09/03/2026 08:11,Northgate Mall,Fountain Court,1044,member,1993,0.00
114967,09/03/2026 08:12,09/03/2026 08:19,Marina Green,Marina Green,1285,Member,1992,0.00
114968,09/03/2026 08:33,09/03/2026 08:55,Science Quad,Science Quad,1197,casual,1982,4.30
114969,09/03/2026 08:46,09/03/2026 10:15,Northgate Transit Hub,Northgate Transit Hub,1158,casual,1988,14.35
114970,09/03/2026 08:50,09/03/2026 08:58,Gasometer Park,Fountain Court,1019,MEMBER,1985,0.00
114971,09/03/2026 08:56,09/03/2026 10:00,Westfield Green,Student Commons,1103,casual,1977,10.75
114972,09/03/2026 09:02,09/03/2026 09:10,Central Station,Old Mill Crossing,1128,casual,1993,2.20
114973,09/03/2026 09:25,09/03/2026 09:32,Campus North,Campus North,1306,member,1999,0.00
114974,09/03/2026 09:52,09/03/2026 10:09,Athletics Center,Athletics Center,1157,member,1983,0.00
114975,09/03/2026 11:27,09/03/2026 11:32,Athletics Center,Dockside Market,1297,member,1975,0.00
114976,09/03/2026 12:24,09/03/2026 13:08,Old Town Square,Sunset Boulevard,1047,casual,1981,7.75
114977,09/03/2026 12:51,09/03/2026 13:13,Warehouse Row,Gasometer Park,1345,casual,1991,4.45
114978,09/03/2026 14:10,09/03/2026 14:31,Summit Ridge,University Gate,1070,member,1980,0.00
114978,09/03/2026 14:10,09/03/2026 14:31,Summit Ridge,University Gate,1070,member,1980,0.00
114979,09/03/2026 14:24,09/03/2026 15:02,Old Mill Crossing,Cedar Park Loop,1336,casual,1965,6.70
114980,09/03/2026 15:29,09/03/2026 15:36,Central Station,pier 12,1233,MEMBER,1983,0.00
114981,09/03/2026 16:06,09/03/2026 16:16,Dockside Market,Dockside Market,1215,Member,1980,0.00
114982,09/03/2026 17:31,09/03/2026 17:42,Summit Ridge,Summit Ridge,1319,member,1989,0.00
114983,09/03/2026 17:53,09/03/2026 18:15,Old Town Square,Old Town Square,1119,member,1968,0.00
114984,09/03/2026 18:12,09/03/2026 18:19,Westfield Green,Science Quad,1152,Member,1991,0.00
114985,09/03/2026 19:42,09/03/2026 19:49,Poplar Circle,Summit Ridge,1073,casual,1975,2.20
114986,09/03/2026 20:56,09/03/2026 21:23,Guildhall Steps,Old Town Square,1248,Casual,1990,5.05
114987,09/03/2026 21:18,09/03/2026 21:21,Athletics Center,Student Commons,1306,member,1975,0.00
114988,10/03/2026 06:23,10/03/2026 06:41,Harbor West,Riverside Walk,1005,casual,2003,3.70
114989,10/03/2026 06:47,10/03/2026 07:01,Westfield Green,Central Station,1132,member,1997,0.00
114990,10/03/2026 07:40,10/03/2026 08:00,Central Station,Observatory Hill,1046,casual,2003,4.15
114991,10/03/2026 07:40,10/03/2026 08:12,Gasometer Park,Harbor East,1233,casual,1976,5.80
114992,10/03/2026 07:42,10/03/2026 07:47,Warehouse Row,Kayak Launch,1327,member,1995,0.00
114993,10/03/2026 08:18,10/03/2026 08:33,Lighthouse Point,Ferry Meadow,1235,member,1987,0.00
114994,10/03/2026 08:43,10/03/2026 09:42,Botanic Gardens,Botanic Gardens,1307,casual,1981,10.00
114995,10/03/2026 09:05,10/03/2026 09:55,Gasometer Park,Harbor East,1120,casual,1973,8.50
114996,10/03/2026 09:07,10/03/2026 09:22,Northgate Mall,Cedar Park Loop ,1001,casual,1996,3.40
114997,10/03/2026 09:17,10/03/2026 09:28,Merchant Hall,Steelworks Gate,1088,casual,1957,2.65
114998,10/03/2026 09:32,10/03/2026 09:39,Athletics Center,Old Town Square,1285,member,1968,0.00
114999,10/03/2026 10:10,10/03/2026 10:36,University Gate,Observatory Hill,1025,member,1985,0.00
115000,10/03/2026 10:58,10/03/2026 11:11,Gasometer Park,Student Commons,1334,member,,0.00
115001,10/03/2026 12:56,10/03/2026 13:04,student commons,Athletics Center,1186,member,1992,0.00
115002,10/03/2026 13:09,10/03/2026 13:20,Kayak Launch,Guildhall Steps,1233,member,2000,0.00
115003,10/03/2026 13:56,10/03/2026 14:04,Cobbler's Row,Pier 12,1233,member,1991,0.00
115004,10/03/2026 14:25,10/03/2026 14:33,Gasometer Park,Gasometer Park,1265,member,1988,0.00
115005,10/03/2026 15:08,10/03/2026 15:23,Old Town Square,Kayak Launch,1034,member,2020,0.00
115006,10/03/2026 15:25,10/03/2026 15:35,Warehouse Row,Gasometer Park,1116,member,1971,0.00
115007,10/03/2026 15:28,10/03/2026 15:41,Cobbler's Row,Heron Park,1336,MEMBER,1993,0.00
115008,10/03/2026 15:42,10/03/2026 16:02,Observatory Hill,Foundry District,1285,member,1985,0.00
115009,10/03/2026 15:43,10/03/2026 16:01,Athletics Center,Botanic Gardens,1011,casual,1982,3.70
115010,10/03/2026 16:12,10/03/2026 16:25,Summit Ridge,Tramline Depot,1103,member,1995,0.00
115011,10/03/2026 16:51,10/03/2026 17:12,Old Town Square,Steelworks Gate,1167,casual,1992,4.30
115012,10/03/2026 17:19,10/03/2026 17:26,Ferry Meadow,Ferry Meadow,1308,member,1983,0.00
115013,10/03/2026 17:24,10/03/2026 17:28,Harbor East,Pier 12,1297,member,1994,0.00
115014,10/03/2026 17:43,10/03/2026 18:22,Poplar Circle,City Hall,1064,casual,1972,6.85
115015,10/03/2026 18:10,10/03/2026 18:28,Central Station,Merchant Hall,1190,casual,1994,3.70
115016,10/03/2026 18:34,10/03/2026 19:01,Merchant Hall,Cathedral Gate,1256,member,1988,0.00
115017,10/03/2026 19:23,10/03/2026 19:40,Northgate Mall,Northgate Mall,1233,member,1981,0.00
115018,10/03/2026 19:31,10/03/2026 19:45,Gasometer Park,Sunset Boulevard,1154,casual,1978,3.25
115019,10/03/2026 20:39,10/03/2026 20:49,Athletics Center,Maple Grove,1170,member,1967,0.00
115020,10/03/2026 21:07,10/03/2026 21:22,Gasometer Park,Orchard Lane,1285,Member,1970,0.00
115021,10/03/2026 21:47,10/03/2026 22:04,Old Town Square,Old Town Square,1242,casual,1976,3.55
115022,10/03/2026 22:59,10/03/2026 23:18,Old Town Square,Old Town Square,1056,casual,1999,3.85
115023,11/03/2026 02:34,11/03/2026 02:43,Observatory Hill,Athletics Center,1338,member,,0.00
115024,11/03/2026 06:34,11/03/2026 06:59,Student Commons,Marina Green,1152,Casual,,4.75
115025,11/03/2026 06:48,11/03/2026 06:59,Athletics Center,Northgate Transit Hub,1133,member,1989,0.00
115026,11/03/2026 07:06,11/03/2026 07:15,Meridian Tower,Cedar Park Loop,1236,member,1982,0.00
115027,11/03/2026 07:25,11/03/2026 07:40,Marina Green,Central Station,1033,casual,1963,3.25
115028,11/03/2026 07:31,11/03/2026 08:07,Northgate Transit Hub,Merchant Hall,1090,casual,1989,6.55
115029,11/03/2026 09:18,11/03/2026 09:31,Merchant Hall,Merchant Hall,1341,Member,1988,0.00
115030,11/03/2026 09:24,11/03/2026 09:40,Northgate Transit Hub,Kayak Launch,1262,member,1980,0.00
115031,11/03/2026 09:30,11/03/2026 09:59,City Hall,Cobbler's Row,1282,member,1978,0.00
115032,11/03/2026 10:09,11/03/2026 10:14,Aurora & 22nd,Old Town Square,1157,Member,1983,0.00
115033,11/03/2026 10:25,11/03/2026 10:32,Old Town Square,Exchange Street,1164,member,1995,0.00
115034,11/03/2026 10:58,11/03/2026 11:39,Summit Ridge,Harbor West,1331,member,1997,0.00
115035,11/03/2026 11:52,11/03/2026 11:37,Tramline Depot,Dockside Market,1320,member,1990,0.00
115036,11/03/2026 12:14,11/03/2026 12:18,Northgate Transit Hub,City Hall,1026,member,1970,0.00
115037,11/03/2026 12:20,11/03/2026 12:48,Riverside Walk,Exchange Street,1111,member,1988,0.00
115038,11/03/2026 12:26,11/03/2026 12:44,Opera House,Opera House,1324,member,1981,0.00
115038,11/03/2026 12:26,11/03/2026 12:44,Opera House,Opera House,1324,member,1981,0.00
115039,11/03/2026 12:59,11/03/2026 13:21,Harbor East,Gasometer Park,1162,member,2002,0.00
115040,11/03/2026 13:28,11/03/2026 13:33,City Hall,City Hall,1285,Member,1993,0.00
115041,11/03/2026 13:58,11/03/2026 14:12,Old Town Square,Merchant Hall,1276,member,1993,0.00
115042,11/03/2026 14:29,11/03/2026 14:54,Marina Green,old mill crossing,1184,member,2003,0.00
115043,11/03/2026 15:02,11/03/2026 16:24,Central Station,Gasometer Park,1048,casual,1994,13.45
115044,11/03/2026 15:35,11/03/2026 15:50,Student Commons,Central Station,1191,casual,1966,3.40
115045,11/03/2026 16:01,11/03/2026 16:19,Athletics Center,Tannery Yard,1337,member,1992,0.00
115046,11/03/2026 16:10,11/03/2026 16:28,Gasometer Park,Gasometer Park,1152,member,1973,0.00
115047,11/03/2026 16:12,11/03/2026 16:28,Northgate Mall,Sunset Boulevard,1324,casual,1962,3.55
115048,11/03/2026 16:28,11/03/2026 16:58,Old Mill Crossing,Kayak Launch,1013,casual,1995,5.65
115049,11/03/2026 16:56,11/03/2026 17:16,Lighthouse Point,Central Station,1019,member,1959,0.00
115050,11/03/2026 16:56,11/03/2026 17:07,Old Town Square,Cobbler's Row,1060,member,1976,0.00
115051,11/03/2026 17:18,11/03/2026 17:50,Riverside Walk,Gasometer Park,1009,Casual,2002,5.80
115052,11/03/2026 17:57,11/03/2026 18:09,City Hall,Central Station,1044,member,1989,0.00
115053,11/03/2026 18:27,11/03/2026 18:34,Union Plaza,Union Plaza,1219,Member,1997,0.00
115054,11/03/2026 18:32,11/03/2026 18:45,Aurora & 40th,Aurora & 40th,1165,member,1961,0.00
115055,11/03/2026 18:34,11/03/2026 18:46,Seawall Promenade,Seawall Promenade,1253,member,1988,0.00
115056,11/03/2026 18:36,11/03/2026 18:48,Old Town Square,Old Town Square,1252,Member,1984,0.00
115057,11/03/2026 18:39,11/03/2026 18:59,Seawall Promenade,Central Station,1194,member,1990,0.00
115058,11/03/2026 18:46,11/03/2026 18:54,Fountain Court,Old Mill Crossing,1148,member,1988,0.00
115059,12/03/2026 06:18,12/03/2026 06:25,Sunset Boulevard,Sunset Boulevard,1275,member,1972,0.00
115060,12/03/2026 07:11,12/03/2026 07:16,Marina Green,Pier 12,1238,member,1962,0.00
115061,12/03/2026 07:17,12/03/2026 07:23,Old Town Square, Summit Ridge,1158,member,1986,0.00
115062,12/03/2026 07:25,12/03/2026 08:07,Cedar Park Loop,Central Station,1255,casual,1996,7.30
115063,12/03/2026 07:32,12/03/2026 07:46,Orchard Lane,Gasometer Park,1012,member,2006,0.00
115064,12/03/2026 07:34,12/03/2026 07:53,Old Town Square,City Hall,1148,casual,1981,3.85
115065,12/03/2026 07:41,12/03/2026 07:54,King's Cross Lane,King's Cross Lane,1157,member,1997,0.00
115066,12/03/2026 07:49,12/03/2026 08:06,Gasometer Park,Student Commons,1324,casual,1988,3.70
115067,12/03/2026 07:55,12/03/2026 08:08,Northgate Mall,Northgate Mall,1248,member,1986,0.00
115068,12/03/2026 08:37,12/03/2026 09:28,Merchant Hall,University Gate,1010,member,1977,0.70
115069,12/03/2026 08:38,12/03/2026 08:50,Dockside Market,Orchard Lane,1325,member,1967,0.00
115070,12/03/2026 08:39,12/03/2026 08:49,Central Station,Old Town Square,1272,Casual,1976,2.65
115071,12/03/2026 09:24,12/03/2026 09:35,Marina Green,Marina Green,1310,member,1991,0.00
115072,12/03/2026 09:30,12/03/2026 09:37,Opera House,Opera House,1063,member,1997,0.00
115073,12/03/2026 09:53,12/03/2026 10:27,Kayak Launch,Pier 12,1006,casual,1983,6.25
115074,12/03/2026 09:54,12/03/2026 10:02,Old Town Square,Old Mill Crossing,1197,Member,1977,0.00
115075,12/03/2026 11:09,12/03/2026 11:26,Poplar Circle,Poplar Circle,1141,Casual,1975,3.55
115076,12/03/2026 11:14,12/03/2026 11:31,Cedar Park Loop,Marina Green,1228,member,1986,0.00
115077,12/03/2026 12:32,12/03/2026 12:43,Kayak Launch,Pier 12,1152,member,1968,0.00
115078,12/03/2026 12:47,12/03/2026 12:58,Gasometer Park,King's Cross Lane,1227,member,1987,0.00
115079,12/03/2026 12:55,12/03/2026 13:22,Central Station,Central Station,1293,Casual,1993,5.05
115080,12/03/2026 13:05,12/03/2026 13:08,Cedar Park Loop,Old Town Square,1206,member,1982,0.00
115081,12/03/2026 13:11,12/03/2026 13:22,Old Town Square,Old Town Square,1297,member,1989,0.00
115082,12/03/2026 13:48,12/03/2026 13:58,Sunset Boulevard,Westfield Green,1038,member,1992,0.00
115083,12/03/2026 14:48,12/03/2026 14:56,Summit Ridge,University Gate,1120,casual,,2.20
115084,12/03/2026 15:05,12/03/2026 16:01,Gasometer Park,Hillcrest Point,1059,casual,1991,9.40
115085,12/03/2026 15:30,12/03/2026 15:37,Athletics Center,Athletics Center,1170,member,1972,0.00
115086,12/03/2026 15:47,12/03/2026 16:04,Old Town Square,Old Town Square,1051,Member,1999,0.00
115087,12/03/2026 15:53,12/03/2026 15:59,Old Town Square ,Summit Ridge,1250,casual,1975,1.90
115088,12/03/2026 16:07,12/03/2026 16:26,Opera House,Student Commons,1077,casual,1995,3.85
115089,12/03/2026 16:14,12/03/2026 16:24,Fountain Court,Fountain Court,1308,member,1984,0.00
115090,12/03/2026 16:49,12/03/2026 16:55,Maple Grove,Old Mill Crossing,1236,member,1981,0.00
115091,12/03/2026 16:57,12/03/2026 17:14,Steelworks Gate,Exchange Street,1292,member,1974,0.00
115092,12/03/2026 17:02,12/03/2026 17:17,Westfield Green,Central Station,1162,member,1988,0.00
115093,12/03/2026 17:48,12/03/2026 17:01,Pier 12,Northgate Transit Hub ,1172,member,1997,0.00
115094,12/03/2026 17:54,12/03/2026 18:12,Lighthouse Point,Observatory Hill,1317,member,1990,0.00
115094,12/03/2026 17:54,12/03/2026 18:12,Lighthouse Point,Observatory Hill,1317,member,1990,0.00
115095,12/03/2026 18:20,12/03/2026 18:23,Seawall Promenade,Warehouse Row,1281,member,1993,0.00
115096,12/03/2026 18:21,12/03/2026 18:27,Steelworks Gate,Old Town Square,1135,member,1995,0.00
115097,12/03/2026 19:55,12/03/2026 20:09,Northgate Mall,Old Town Square,1206,member,1975,0.00
115098,12/03/2026 20:52,12/03/2026 20:58,Library Mall,Library Mall,1202,member,1984,0.00
115099,12/03/2026 20:56,12/03/2026 21:25,Ferry Landing,Riverside Walk,1312,Casual,1993,5.50
115100,12/03/2026 21:25,12/03/2026 21:33,Central Station,Central Station,1149,member,1965,0.00
115101,12/03/2026 22:39,12/03/2026 22:52,Old Mill Crossing,Riverside Walk,1209,member,2004,0.00
115102,12/03/2026 22:47,12/03/2026 22:55,Riverside Walk,Gasometer Park,1348,member,1994,0.00
115103,13/03/2026 07:07,13/03/2026 08:08,Observatory Hill,Observatory Hill,1025,casual,1980,10.15
115104,13/03/2026 07:19,13/03/2026 07:32,Gasometer Park,Kayak Launch,1038,Member,1987,0.00
115105,13/03/2026 07:32,13/03/2026 08:08,Harbor East,Campus North,1158,member,1979,0.00
115106,13/03/2026 08:41,13/03/2026 08:55,Steelworks Gate,Guildhall Steps,1050,MEMBER,1999,0.00
115107,13/03/2026 09:51,13/03/2026 10:06,Gasometer Park,University Gate,1243,member,1986,0.00
115108,13/03/2026 09:56,13/03/2026 10:04,Pier 12,Pier 12,1011,member,1995,0.00
115109,13/03/2026 10:04,13/03/2026 10:22,Cobbler's Row,Riverside Walk,1269,member,1986,0.00
115110,13/03/2026 11:08,13/03/2026 11:25,Aurora & 22nd,Student Commons,1344,member,1982,0.00
115111,13/03/2026 11:21,13/03/2026 11:36,Old Mill Crossing,Old Mill Crossing,1116,Casual,1997,3.25
115112,13/03/2026 11:59,13/03/2026 12:18,Student Commons,Summit Ridge,1324,member,1983,0.00
115113,13/03/2026 12:18,13/03/2026 12:51,City Hall,Gasometer Park,1066,member,1989,0.00
115114,13/03/2026 13:32,13/03/2026 13:48,Cedar Park Loop,Pier 12,1307,member,1999,0.00
115115,13/03/2026 13:46,13/03/2026 13:53,Riverside Walk,Gasometer Park,1176,member,1991,0.00
115116,13/03/2026 13:48,13/03/2026 14:12,Riverside Walk,Exchange Street,1315,Member,1988,0.00
115117,13/03/2026 13:55,13/03/2026 14:10,Union Plaza,Central Station,1010,member,1968,0.00
115118,13/03/2026 14:16,13/03/2026 14:30,Aurora & 22nd,Northgate Transit Hub,1297,MEMBER,1980,0.00
115119,13/03/2026 14:21,13/03/2026 14:34,Westfield Green,Athletics Center,1046,member,1994,0.00
115120,13/03/2026 14:24,13/03/2026 14:27,HERON PARK,Aurora & 22nd,1005,member,1993,0.00
115121,13/03/2026 14:24,13/03/2026 14:46,Northgate Transit Hub,Old Town Square,1206,casual,1994,4.30
115122,13/03/2026 14:31,13/03/2026 14:45,Opera House,Science Quad,1244,Member,1988,0.00
115123,13/03/2026 14:49,13/03/2026 14:56,willow bend,Northgate Mall,1085,casual,1982,2.05
115124,13/03/2026 15:25,13/03/2026 15:35,Cobbler's Row,Central Station,1201,member,1970,0.00
115125,13/03/2026 15:32,13/03/2026 15:43,Cedar Park Loop,Pier 12,1325,member,1997,0.00
115126,13/03/2026 15:45,13/03/2026 15:57,Northgate Transit Hub,Science Quad,1045,Member,1997,0.00
115127,13/03/2026 16:10,13/03/2026 16:35,Science Quad,Old Town Square,1066,casual,1966,4.90
115128,13/03/2026 16:28,13/03/2026 16:58,Pier 12,Athletics Center,1023,casual,1986,5.65
115129,13/03/2026 16:46,13/03/2026 16:58,Sunset Boulevard,Athletics Center,1201,member,1983,0.00
115130,13/03/2026 16:50,13/03/2026 16:58,Summit Ridge,Aurora & 22nd,1152,member,1979,0.00
115131,13/03/2026 17:10,13/03/2026 17:42,Harbor West,Harbor West,1028,member,1968,0.00
115132,13/03/2026 17:14,13/03/2026 17:28,Aurora & 22nd,King's Cross Lane,1233,member,1975,0.00
115133,13/03/2026 18:29,13/03/2026 18:36,Gasometer Park,Steelworks Gate,1064,member,1993,0.00
115134,13/03/2026 19:50,13/03/2026 20:00,Gasometer Park,Exchange Street,1064,member,1995,0.00
115135,13/03/2026 20:08,13/03/2026 20:20,Athletics Center,Athletics Center,1013,member,1982,0.00
115136,13/03/2026 20:37,13/03/2026 20:49,Athletics Center,Cobbler's Row,1219,member,1979,0.00
115137,13/03/2026 20:45,13/03/2026 20:54,Student Commons,Ferry Meadow,1107,member,1963,0.00
115138,13/03/2026 20:56,13/03/2026 21:05,Gasometer Park,Steelworks Gate,1268,member,1983,0.00
115139,13/03/2026 21:48,13/03/2026 22:02,Summit Ridge,Gasometer Park,1327,casual,2004,3.25
115140,13/03/2026 22:50,13/03/2026 23:14,Seawall Promenade ,Steelworks Gate,1280,member,1992,0.00
115141,14/03/2026 06:46,14/03/2026 07:15,Kayak Launch,Fountain Court,1303,casual,1995,5.35
115142,14/03/2026 07:57,14/03/2026 08:07,Aurora & 22nd,Student Commons,1345,member,1994,0.00
115143,14/03/2026 08:01,14/03/2026 08:07,Union Plaza,Exchange Street,1125,member,1999,0.00
115144,14/03/2026 08:18,14/03/2026 08:45,University Gate,Botanic Gardens,1074,member,1981,0.00
115145,14/03/2026 09:01,14/03/2026 09:06,Dockside Market,Dockside Market,1306,member,1973,0.00
115146,14/03/2026 09:03,14/03/2026 09:12,Poplar Circle,University Gate,1218,member,,0.00
115147,14/03/2026 09:37,14/03/2026 10:32,Old Town Square,Rosemont & 5th,1102,Casual,1992,9.40
115148,14/03/2026 09:49,14/03/2026 10:23,Seawall Promenade,Gasometer Park,1009,member,1981,0.00
115149,14/03/2026 10:20,14/03/2026 10:29,City Hall,Cedar Park Loop,1060,member,1980,0.00
115150,14/03/2026 10:21,14/03/2026 11:10,Aurora & 22nd,Harbor East,1136,casual,1975,8.35
115151,14/03/2026 11:15,14/03/2026 11:54,City Hall, Steelworks Gate,1111,MEMBER,1995,0.00
115152,14/03/2026 11:16,14/03/2026 11:30,Old Town Square,Old Town Square,1194,casual,1977,3.25
115153,14/03/2026 12:08,14/03/2026 13:07,Gasometer Park,Opera House,1350,casual,2000,10.00
115154,14/03/2026 12:46,14/03/2026 13:07,Old Mill Crossing,Harbor East,1145,member,1974,0.00
115155,14/03/2026 12:48,14/03/2026 12:56,Aurora & 22nd,Grand & 3rd,1136,casual,1979,2.20
115156,14/03/2026 13:32,14/03/2026 13:36,Athletics Center,Guildhall Steps,1059,casual,1972,1.60
115157,14/03/2026 13:42,14/03/2026 13:58,University Gate,Gasometer Park,1308,member,1967,0.00
115158,14/03/2026 14:06,14/03/2026 14:13,Science Quad,University Gate,1035,member,1991,0.00
115159,14/03/2026 14:07,14/03/2026 14:37,Old Town Square,Old Town Square,1034,casual,2001,5.50
115160,14/03/2026 14:26,14/03/2026 14:36,Old Mill Crossing,Northgate Transit Hub,1141,casual,1993,2.50
115161,14/03/2026 14:32,14/03/2026 14:45,Birchwood Terrace,Northgate Transit Hub,1044,member,1988,0.00
115162,14/03/2026 14:41,14/03/2026 14:54,Harbor West,Harbor West,1315,casual,1996,3.10
115163,14/03/2026 15:16,14/03/2026 16:13,Old Town Square,Botanic Gardens,1341,casual,1957,9.55
115164,14/03/2026 16:31,14/03/2026 16:47,Athletics Center,Aurora & 22nd,1306,Casual,1992,3.40
115165,14/03/2026 16:42,14/03/2026 16:47,Northgate Transit Hub,University Gate,1300,member,1981,0.00
115166,14/03/2026 16:43,14/03/2026 17:02,Pier 12,Pier 12,1172,member,,0.00
115167,14/03/2026 17:04,14/03/2026 17:13,Maple Grove,University Gate,1051,casual,1982,2.50
115168,14/03/2026 17:40,14/03/2026 18:00,Aurora & 22nd,Aurora & 22nd,1026,member,1959,0.00
115169,14/03/2026 19:07,14/03/2026 19:17,Kayak Launch,University Gate,1327,member,1996,0.00
115170,14/03/2026 19:19,14/03/2026 19:27,Orchard Lane,Northgate Transit Hub,1030,member,1993,0.00
115171,14/03/2026 19:28,14/03/2026 19:48,Tramline Depot,Tramline Depot,1048,member,1992,0.00
115172,14/03/2026 19:41,14/03/2026 20:02,Rosemont & 5th,Sunset Boulevard,1233,Casual,,4.15
115173,14/03/2026 23:13,14/03/2026 23:19,Athletics Center,Gasometer Park,1335,member,1988,0.00
115174,14/03/2026 23:44,14/03/2026 23:58,Northgate Mall,Student Commons,1165,member,1991,0.00
115175,15/03/2026 05:38,15/03/2026 06:17,gasometer park,Ferry Meadow,1278,member,1983,0.00
115176,15/03/2026 07:11,15/03/2026 07:17,Cobbler's Row,Maple Grove,1312,member,1978,0.00
115177,15/03/2026 08:06,15/03/2026 08:24,Aurora & 22nd,Student Commons,1188,casual,1959,3.85
115178,15/03/2026 08:51,15/03/2026 08:58,Cobbler's Row,Poplar Circle,1272,member,1989,0.00
115179,15/03/2026 09:29,15/03/2026 09:45,Orchard Lane,Athletics Center,1144,Casual,1988,3.55
115180,15/03/2026 10:02,15/03/2026 10:22,Cedar Park Loop,Northgate Mall,1145,member,1983,0.00
115181,15/03/2026 10:22,15/03/2026 10:35,Ferry Landing,City Hall,1248,member,1988,0.00
115182,15/03/2026 11:21,15/03/2026 11:32,Summit Ridge,Summit Ridge,1300,MEMBER,1987,0.00
115183,15/03/2026 11:26,15/03/2026 11:32,Science Quad,Old Town Square,1060,member,1985,0.00
115184,15/03/2026 11:43,15/03/2026 12:56,Union Plaza,Central Station,1333,casual,1988,11.95
115185,15/03/2026 12:15,15/03/2026 13:34,Dockside Market,Dockside Market,1340,casual,2001,13.00
115186,15/03/2026 12:27,15/03/2026 12:44,Clocktower Plaza,Clocktower Plaza,1106,casual,1994,3.55
115187,15/03/2026 13:20,15/03/2026 13:34,Sunset Boulevard,Central Station,1234,Casual,1971,3.10
115188,15/03/2026 13:27,15/03/2026 13:46,Meridian Tower,Student Commons,1164,casual,1999,3.85
115189,15/03/2026 14:03,15/03/2026 14:31,Cedar Park Loop,Central Station,1044,casual,1978,5.35
115190,15/03/2026 14:06,15/03/2026 14:12,University Gate,Central Station,1306,member,1995,0.00
115191,15/03/2026 14:18,15/03/2026 14:28,Science Quad,Harbor West,1186,casual,2005,2.50
115192,15/03/2026 14:28,15/03/2026 14:44,Old Town Square,Old Town Square,1326,casual,1976,3.40
115193,15/03/2026 14:35,15/03/2026 14:52,Gasometer Park,King's Cross Lane,1350,member,1982,0.00
115194,15/03/2026 15:42,15/03/2026 15:56,Kayak Launch,Student Commons,1273,member,1992,0.00
115195,15/03/2026 15:46,15/03/2026 16:03,Gasometer Park,Gasometer Park,1308,casual,1963,3.55
115196,15/03/2026 15:55,15/03/2026 16:05,Cedar Park Loop,Central Station,1283,Member,1980,0.00
115197,15/03/2026 16:30,15/03/2026 16:42,Gasometer Park,Student Commons,1217,casual,1974,2.80
115198,15/03/2026 16:36,15/03/2026 16:50,Student Commons,Marina Green,1165,member,1976,0.00
115199,15/03/2026 17:14,15/03/2026 17:42,Summit Ridge,Summit Ridge,1034,casual,1991,5.20
115200,15/03/2026 17:21,15/03/2026 18:06,Cedar Park Loop,Union Plaza,1235,casual,1967,7.75
115201,15/03/2026 17:29,15/03/2026 18:12,Poplar Circle,Dockside Market,1233,casual,1979,7.45
115202,15/03/2026 17:56,15/03/2026 18:29,Old Town Square,Old Town Square,1099,Casual,1997,5.95
115203,15/03/2026 19:28,15/03/2026 19:40,Kayak Launch,Central Station,1099,member,1974,0.00
115204,15/03/2026 19:46,15/03/2026 19:57,Botanic Gardens ,Dockside Market,1160,member,1976,0.00
115205,15/03/2026 19:59,15/03/2026 20:15,Gasometer Park,Gasometer Park,1154,casual,1986,3.55
115206,15/03/2026 20:26,15/03/2026 20:32,Maple Grove,University Gate,1278,member,1980,0.00
115207,15/03/2026 20:31,15/03/2026 20:41,University Gate,Harbor West,1154,casual,1982,2.65
115208,15/03/2026 21:16,15/03/2026 22:01,Cedar Park Loop,Cedar Park Loop,1201,Casual,2003,7.90
115209,15/03/2026 21:20,15/03/2026 21:32,Weaver Street,Weaver Street,1288,member,1978,0.00
115210,15/03/2026 23:26,15/03/2026 23:35,Cobbler's Row,Cobbler's Row,1233,member,1991,0.00
115211,16/03/2026 05:35,16/03/2026 05:43,Cobbler's Row,Meridian Tower,1010,member,1992,0.00
115212,16/03/2026 06:38,16/03/2026 06:59,Tannery Yard,Harbor East,1206,member,1987,0.00
115213,16/03/2026 06:57,16/03/2026 07:06,Botanic Gardens,Science Quad,1216,member,1958,0.00
115214,16/03/2026 07:07,16/03/2026 07:35,Steelworks Gate,Seawall Promenade,1206,casual,1986,5.20
115215,16/03/2026 07:26,16/03/2026 07:44,Pier 12,Athletics Center,1002,casual,1974,3.85
115216,16/03/2026 08:06,16/03/2026 08:18,Kayak Launch,Pier 12,1286,member,1973,0.00
115217,16/03/2026 08:11,16/03/2026 08:27,Steelworks Gate,Meridian Tower,1163,member,1975,0.00
115218,16/03/2026 08:40,16/03/2026 08:46,Observatory Hill,Sunset Boulevard,1226,member,1975,0.00
115219,16/03/2026 08:57,16/03/2026 09:13,Cedar Park Loop,Central Station,1124,casual,1983,3.40
115220,16/03/2026 09:18,16/03/2026 09:35,Sunset Boulevard,Poplar Circle,1095,member,1992,0.00
115221,16/03/2026 09:19,16/03/2026 09:50,Dockside Market,Opera House,1217,casual,1987,5.65
115222,16/03/2026 09:37,16/03/2026 09:43,Union Plaza,Union Plaza,1204,member,1969,0.00
115223,16/03/2026 09:55,16/03/2026 10:04,Steelworks Gate,Harbor East,1297,member,1995,0.00
115224,16/03/2026 09:56,16/03/2026 10:01,Riverside Walk,Northgate Mall,1158,member,1988,0.00
115225,16/03/2026 11:07,16/03/2026 11:12,Athletics Center,Cobbler's Row,1202,member,1985,0.00
115226,16/03/2026 12:33,16/03/2026 13:03,Steelworks Gate,Student Commons,1241,casual,1980,5.65
115227,16/03/2026 12:58,16/03/2026 13:16,Ferry Meadow,Old Mill Crossing,1158,casual,2000,3.70
115228,16/03/2026 13:17,16/03/2026 13:20,Maple Grove,University Gate,1258,member,1986,0.00
115229,16/03/2026 13:24,16/03/2026 13:35,Old Town Square,Old Town Square,1327,Member,1969,0.00
115230,16/03/2026 15:12,16/03/2026 15:25,Observatory Hill,Warehouse Row,1265,casual,1978,3.10
115230,16/03/2026 15:12,16/03/2026 15:25,Observatory Hill,Warehouse Row,1265,casual,1978,3.10
115231,16/03/2026 15:27,16/03/2026 15:31,Warehouse Row,Warehouse Row,1249,MEMBER,,0.00
115232,16/03/2026 15:31,16/03/2026 15:37,Cobbler's Row,Cobbler's Row,1225,member,2007,0.00
115233,16/03/2026 15:55,16/03/2026 16:05,Meridian Tower,Gasometer Park,1213,MEMBER,1980,0.00
115234,16/03/2026 15:59,16/03/2026 16:16,Riverside Walk,Exchange Street,1260,member,1998,0.00
115235,16/03/2026 15:59,16/03/2026 16:05,Steelworks Gate,Steelworks Gate,1258,member,1984,0.00
115236,16/03/2026 16:07,16/03/2026 17:07,Warehouse Row,Warehouse Row,1152,casual,1979,10.15
115237,16/03/2026 16:27,16/03/2026 16:37,Riverside Walk,Exchange Street,1206,member,1985,0.00
115238,16/03/2026 17:41,16/03/2026 18:12,City Hall,Pier 12,1077,casual,1982,0.00
115239,16/03/2026 17:45,16/03/2026 18:02,Warehouse Row,Exchange Street,1114,member,1974,0.00
115240,16/03/2026 18:17,16/03/2026 18:28,Tannery Yard,Northgate Mall ,1284,MEMBER,1960,0.00
115241,16/03/2026 18:31,16/03/2026 18:43,Opera House,Opera House,1039,member,1995,0.00
115242,16/03/2026 19:29,16/03/2026 19:41,Hillcrest Point,Old Town Square,1071,member,1975,0.00
115243,16/03/2026 21:54,16/03/2026 22:00,Science Quad,City Hall,1201,Member,,0.00
115244,17/03/2026 05:09,17/03/2026 05:23,Central Station,Steelworks Gate,1271,MEMBER,,0.00
115245,17/03/2026 06:04,17/03/2026 06:12,Cedar Park Loop,Fountain Court,1011,member,1973,0.00
115246,17/03/2026 06:36,17/03/2026 06:41,Gasometer Park,Birchwood Terrace,1011,member,1988,0.00
115247,17/03/2026 06:47,17/03/2026 06:57,Ferry Landing,Student Commons,1289,member,1992,0.00
115248,17/03/2026 07:04,17/03/2026 07:13,Willow Bend,Maple Grove,1048,casual,1972,2.50
115249,17/03/2026 07:07,17/03/2026 07:15,Ferry Landing,Ferry Landing,1283,member,1976,0.00
115250,17/03/2026 07:40,17/03/2026 08:00,Gasometer Park,Kayak Launch,1072,casual,1995,4.15
115251,17/03/2026 07:42,17/03/2026 08:01,Old Town Square,Old Town Square,1121,member,1972,0.00
115252,17/03/2026 08:20,17/03/2026 08:32,Seawall Promenade,Old Town Square,1327,member,1986,0.00
115253,17/03/2026 08:24,17/03/2026 08:50,Athletics Center,Old Town Square,1150,casual,1993,4.90
115254,17/03/2026 08:27,17/03/2026 08:39,LIGHTHOUSE POINT,Observatory Hill,1192,casual,1998,2.95
115255,17/03/2026 08:27,17/03/2026 08:37,Student Commons,Gasometer Park,1315,member,1983,0.00
115256,17/03/2026 08:28,17/03/2026 08:40,Floodgate Road,Floodgate Road,1322,member,1974,0.00
115257,17/03/2026 08:34,17/03/2026 08:49,Old Mill Crossing,Old Mill Crossing,1257,member,1984,0.00
115258,17/03/2026 08:58,17/03/2026 09:21,Seawall Promenade,Dockside Market,1327,casual,1980,4.60
115259,17/03/2026 09:26,17/03/2026 09:47,Student Commons,Gasometer Park,1216,member,1978,0.00
115260,17/03/2026 09:27,17/03/2026 10:17,Athletics Center,University Gate,1197,casual,1985,8.65
115261,17/03/2026 10:36,17/03/2026 10:45,City Hall ,Kayak Launch,1299,casual,1995,2.50
115262,17/03/2026 11:31,17/03/2026 11:58,Grand & 3rd,Campus North,1231,Casual,1995,5.20
115263,17/03/2026 12:00,17/03/2026 13:23,Pier 12,Observatory Hill,1161,casual,1988,13.45
115263,17/03/2026 12:00,17/03/2026 13:23,Pier 12,Observatory Hill,1161,casual,1988,13.45
115264,17/03/2026 12:02,17/03/2026 12:15,Birchwood Terrace,Northgate Transit Hub,1268,member,1990,0.00
115265,17/03/2026 12:03,17/03/2026 12:27,Cedar Park Loop,Grand & 9th,1110,casual,1988,4.60
115266,17/03/2026 14:03,17/03/2026 14:08,Westfield Green,Student Commons,1350,Member,1986,0.00
115267,17/03/2026 14:24,17/03/2026 14:27,Kayak Launch,kayak launch,1083,member,1979,0.00
115268,17/03/2026 15:08,17/03/2026 15:24,Aurora & 22nd ,University Gate,1044,member,1975,0.00
115269,17/03/2026 15:56,17/03/2026 16:10,Exchange Street,Exchange Street,1253,casual,2000,3.10
115270,17/03/2026 15:57,17/03/2026 17:12,Birchwood Terrace,Old Town Square,1280,Casual,1991,12.40
115271,17/03/2026 16:09,17/03/2026 16:25,Old Mill Crossing,Central Station,1262,casual,1989,3.40
115272,17/03/2026 16:11,17/03/2026 16:23,Riverside Walk,Cedar Park Loop,1240,member,1996,0.00
115273,17/03/2026 16:50,17/03/2026 16:56,Exchange Street,Exchange Street,1252,member,1994,0.00
115274,17/03/2026 16:59,17/03/2026 17:03,Gasometer Park,Steelworks Gate,1209,member,2002,0.00
115275,17/03/2026 17:28,17/03/2026 17:41,Riverside Walk,Exchange Street,1226,MEMBER,1992,0.00
115276,17/03/2026 17:40,17/03/2026 17:55,Warehouse Row,Warehouse Row,1044,casual,1990,3.40
115277,17/03/2026 17:42,17/03/2026 17:53,Campus North,Old Town Square,1103,casual,1995,2.80
115278,17/03/2026 18:10,17/03/2026 18:34,Student Commons,City Hall,1338,casual,,4.60
115279,17/03/2026 18:48,17/03/2026 18:58,Campus North,Gasometer Park,1241,MEMBER,1977,0.00
115280,17/03/2026 18:56,17/03/2026 19:08,Old Mill Crossing,Cobbler's Row,1202,casual,1991,2.95
115281,17/03/2026 19:03,17/03/2026 19:07,Union Plaza,Union Plaza,1319,Member,1987,0.00
115282,17/03/2026 19:50,17/03/2026 20:00,Pier 12,Botanic Gardens,1206,member,1990,0.00
115283,17/03/2026 20:26,17/03/2026 20:48,Gasometer Park,Meridian Tower,1281,casual,1996,4.45
115284,18/03/2026 07:04,18/03/2026 07:08,Central Station,Riverside Walk,1052,member,1990,0.00
115285,18/03/2026 07:21,18/03/2026 07:29,Old Mill Crossing,City Hall,1090,member,1972,0.00
115286,18/03/2026 07:51,18/03/2026 08:02,Riverside Walk,Kayak Launch,1174,casual,1988,2.80
115287,18/03/2026 07:56,18/03/2026 08:20,Opera House,Observatory Hill,1011,casual,1988,4.60
115288,18/03/2026 08:00,18/03/2026 08:07,Northgate Transit Hub,Aurora & 22nd,1032,member,1986,0.00
115289,18/03/2026 08:28,18/03/2026 08:37,Union Plaza,Northgate Transit Hub,1087,member,1980,0.00
115290,18/03/2026 09:16,18/03/2026 09:39,Poplar Circle,Opera House,1227,member,1988,0.00
115291,18/03/2026 12:30,18/03/2026 12:48,Harbor East,Northgate Mall,1150,casual,1981,3.70
115292,18/03/2026 13:23,18/03/2026 13:51,Rosemont & 5th,Riverside Walk,1272,casual,,5.35
115293,18/03/2026 14:54,18/03/2026 15:08,Aurora & 22nd,Steelworks Gate,1324,member,1984,0.00
115294,18/03/2026 16:53,18/03/2026 17:21,Botanic Gardens,Botanic Gardens,1180,member,1975,0.00
115295,18/03/2026 16:53,18/03/2026 17:07,Harbor West,Pier 12,1084,member,1986,0.00
115296,18/03/2026 16:58,18/03/2026 17:05,Summit Ridge,Cobbler's Row,1337,member,1996,0.00
115297,18/03/2026 17:13,18/03/2026 17:34,Merchant Hall,Cathedral Gate,1273,casual,2000,4.15
115298,18/03/2026 17:55,18/03/2026 18:01,University Gate,Cobbler's Row,1284,member,1985,0.00
115299,18/03/2026 18:04,18/03/2026 18:13,Pier 12,Pier 12,1262,casual,1999,2.35
115300,18/03/2026 18:07,18/03/2026 18:17,Cedar Park Loop,Central Station,1067,casual,1967,2.65
115301,18/03/2026 18:33,18/03/2026 18:49,Northgate Transit Hub,City Hall,1127,member,1985,0.00
115302,18/03/2026 19:13,18/03/2026 19:46,Steelworks Gate,Student Commons,1135,member,,0.00
115303,18/03/2026 19:50,18/03/2026 19:56,Harbor East,Harbor East,1116,MEMBER,1987,0.00
115304,18/03/2026 19:52,18/03/2026 19:59,Riverside Walk,Cobbler's Row,1169,Member,1986,0.00
115305,18/03/2026 19:59,18/03/2026 20:11,Library Mall,Botanic Gardens,1248,member,1993,0.00
115306,18/03/2026 20:22,18/03/2026 20:43,Fountain Court,Pier 12,1013,member,1965,0.00
115307,19/03/2026 00:02,19/03/2026 00:29,Sunset Boulevard,Old Town Square,1116,casual,1981,5.20
115308,19/03/2026 01:19,19/03/2026 01:49,Athletics Center,Maple Grove,1072,casual,1994,5.50
115309,19/03/2026 05:19,19/03/2026 05:24,Guildhall Steps,Guildhall Steps,1124,member,1973,0.00
115310,19/03/2026 07:05,19/03/2026 07:22,Old Town Square,Aurora & 40th,1254,casual,1992,3.70
115311,19/03/2026 07:20,19/03/2026 07:43,Guildhall Steps,Guildhall Steps,1329,member,1980,0.00
115312,19/03/2026 07:31,19/03/2026 07:43,Northgate Mall,Observatory Hill,1206,MEMBER,1988,0.00
115313,19/03/2026 08:18,19/03/2026 08:43,Summit Ridge,Pier 12,1068,casual,1998,4.75
115314,19/03/2026 08:22,19/03/2026 08:35,Observatory Hill,Harbor East,1207,member,1959,0.00
115315,19/03/2026 08:30,19/03/2026 08:46,Riverside Walk,Exchange Street,1142,member,1989,0.00
115316,19/03/2026 08:31,19/03/2026 08:41,Cedar Park Loop,Cedar Park Loop,1141,Member,1987,0.00
115317,19/03/2026 08:32,19/03/2026 08:48,Gasometer Park,Gasometer Park,1311,Casual,1987,3.55
115318,19/03/2026 08:43,19/03/2026 09:22,Gasometer Park,Old Town Square,1031,casual,1990,6.85
115319,19/03/2026 13:28,19/03/2026 13:35,Maple Grove,Riverside Walk,1216,Member,1966,0.00
115320,19/03/2026 14:20,19/03/2026 14:50,Athletics Center,Athletics Center,1013,casual,2002,5.50
115321,19/03/2026 14:34,19/03/2026 14:39,Seawall Promenade,Old Town Square,1340,MEMBER,1994,0.00
115322,19/03/2026 14:53,19/03/2026 15:45,Hillcrest Point,Hillcrest Point,1044,Casual,1975,8.80
115323,19/03/2026 15:25,19/03/2026 15:51,University Gate,Central Station,1149,casual,1995,5.05
115324,19/03/2026 17:09,19/03/2026 17:20,Opera House,King's Cross Lane,1212,member,1966,0.00
115325,19/03/2026 17:09,19/03/2026 17:15,Fountain Court,City Hall,1231,MEMBER,1988,0.00
115326,19/03/2026 17:11,19/03/2026 17:17,University Gate,Student Commons,1213,member,1975,0.00
115327,19/03/2026 17:17,19/03/2026 17:26,Aurora & 22nd,Campus North,1341,member,1979,0.00
115328,19/03/2026 17:17,19/03/2026 17:29,Grand & 9th,Old Mill Crossing,1319,member,1993,0.00
115329,19/03/2026 17:23,19/03/2026 17:30,Maple Grove,Science Quad,1331,member,1984,0.00
115330,19/03/2026 17:43,19/03/2026 17:51,Gasometer Park,Old Town Square,1314,member,1979,0.00
115331,19/03/2026 18:01,19/03/2026 18:41,King's Cross Lane,Northgate Transit Hub,1031,member,1985,0.00
115332,19/03/2026 18:15,19/03/2026 18:39,Northgate Mall,northgate mall,1155,casual,1987,4.75
115333,19/03/2026 18:30,19/03/2026 18:38,GRAND & 3RD,Aurora & 22nd,1247,member,1992,0.00
115334,19/03/2026 19:12,19/03/2026 19:40,Athletics Center,Student Commons,1041,casual,1996,5.20
115335,19/03/2026 19:12,19/03/2026 19:23,Gasometer Park,kayak launch,1233,member,1983,0.00
115336,19/03/2026 19:17,19/03/2026 19:31,Aurora & 40th,Meridian Tower,1338,casual,1992,3.10
115337,19/03/2026 19:22,19/03/2026 19:44,Harbor East,Riverside Walk,1070,casual,1981,4.45
115338,19/03/2026 19:29,19/03/2026 19:43,Willow Bend,Marina Green,1243,member,1986,0.00
115339,19/03/2026 19:37,19/03/2026 20:40,Union Plaza,Union Plaza,1107,casual,1978,10.60
115340,19/03/2026 19:37,19/03/2026 19:53,Steelworks Gate,Central Station,1058,Casual,1993,3.40
115341,19/03/2026 20:42,19/03/2026 20:46,Seawall Promenade,Seawall Promenade,1024,member,1986,0.00
115342,19/03/2026 23:54,20/03/2026 00:12,Opera House,Opera House,1144,member,2000,0.00
115343,20/03/2026 05:38,20/03/2026 05:59,Old Town Square,Old Town Square,1215,member,1974,0.00
115344,20/03/2026 06:07,20/03/2026 06:18,Central Station,Kayak Launch,1236,member,1988,0.00
115345,20/03/2026 07:33,20/03/2026 07:41,Cedar Park Loop,Central Station,1213,member,1974,0.00
115346,20/03/2026 07:33,20/03/2026 07:49,Meridian Tower,Athletics Center,1117,member,1973,0.00
115347,20/03/2026 07:48,20/03/2026 07:59,City Hall,Pier 12,1276,member,1996,0.00
115348,20/03/2026 07:50,20/03/2026 08:15,Athletics Center,Clocktower Plaza,1327,casual,1998,4.75
115349,20/03/2026 08:11,20/03/2026 08:22,Old Mill Crossing,Riverside Walk,1046,casual,1995,2.65
115350,20/03/2026 08:39,20/03/2026 08:49,Grand & 3rd,grand & 3rd,1110,MEMBER,1991,0.00
115351,20/03/2026 08:40,20/03/2026 08:57,Fountain Court,Kayak Launch,1248,casual,2001,3.55
115352,20/03/2026 08:44,20/03/2026 08:48,Cobbler's Row,Old Town Square,1236,member,1964,0.00
115353,20/03/2026 09:01,20/03/2026 09:23,Lighthouse Point,Pier 12,1236,member,1970,0.00
115354,20/03/2026 09:10,20/03/2026 09:18,Cedar Park Loop,Student Commons,1101,member,1981,0.00
115355,20/03/2026 09:16,20/03/2026 09:21,Union Plaza,Cobbler's Row,1058,member,1977,0.00
115356,20/03/2026 09:47,20/03/2026 09:56,Clocktower Plaza,Kayak Launch,1188,Member,1966,0.00
115357,20/03/2026 10:06,20/03/2026 10:18,Summit Ridge,Old Town Square,1185,member,1974,0.00
115358,20/03/2026 10:11,20/03/2026 10:38,Northgate Mall,Old Town Square,1261,Member,2003,0.00
115359,20/03/2026 10:46,20/03/2026 11:01,Old Mill Crossing,Kayak Launch,1201,casual,1979,3.40
115360,20/03/2026 11:10,20/03/2026 11:19,Cathedral Gate,Athletics Center,1063,member,1965,0.00
115361,20/03/2026 11:19,20/03/2026 11:48,Grand & 9th,Old Town Square,1268,casual,1990,5.50
115362,20/03/2026 12:13,20/03/2026 12:27,Observatory Hill,Dockside Market,1116,member,1986,0.00
115363,20/03/2026 12:30,20/03/2026 12:36,Student Commons,Observatory Hill,1345,Member,1993,0.00
115364,20/03/2026 13:17,20/03/2026 13:21,Summit Ridge,Old Town Square,1100,member,1998,0.00
115365,20/03/2026 13:20,20/03/2026 13:26,Warehouse Row,Warehouse Row,1024,member,2000,0.00
115366,20/03/2026 14:10,20/03/2026 14:23,Riverside Walk,UNION PLAZA,1101,member,1982,0.00
115367,20/03/2026 14:12,20/03/2026 14:26,Sunset Boulevard,Riverside Walk,1260,Member,1960,0.00
115368,20/03/2026 14:25,20/03/2026 14:35,Summit Ridge,Kayak Launch,1074,member,1994,0.00
115369,20/03/2026 14:56,20/03/2026 15:06,Student Commons,Athletics Center,1316,casual,,2.50
115370,20/03/2026 15:34,20/03/2026 15:57,Exchange Street,Old Mill Crossing,1175,casual,,4.60
115371,20/03/2026 15:36,20/03/2026 16:16,Summit Ridge ,Old Mill Crossing,1327,member,1998,0.00
115372,20/03/2026 15:41,20/03/2026 15:59,Athletics Center,Old Mill Crossing,1233,casual,1963,3.70
115373,20/03/2026 16:12,20/03/2026 16:25,Pier 12,Seawall Promenade,1029,member,1966,0.00
115374,20/03/2026 16:34,20/03/2026 16:43,Cathedral Gate,Student Commons,1225,Member,1992,0.00
115375,20/03/2026 16:58,20/03/2026 17:04,Opera House,Opera House,1176,member,1987,0.00
115376,20/03/2026 17:09,20/03/2026 17:47,Student Commons,Maple Grove,1233,casual,1987,6.70
115377,20/03/2026 17:25,20/03/2026 17:47,Cobbler's Row,Student Commons,1174,member,1978,0.00
115378,20/03/2026 17:29,20/03/2026 17:45,Tramline Depot,Tramline Depot,1099,member,1965,0.00
115379,20/03/2026 17:36,20/03/2026 18:58,UNIVERSITY GATE,Dockside Market,1005,casual,1975,13.30
115380,20/03/2026 17:39,20/03/2026 18:34,University Gate,Northgate Transit Hub,1209,casual,1967,9.25
115381,20/03/2026 18:15,20/03/2026 18:29,Ferry Meadow,Central Station,1327,member,1994,0.00
115382,20/03/2026 19:48,20/03/2026 20:04,Tannery Yard,University Gate,1132,member,1987,0.00
115383,20/03/2026 20:02,20/03/2026 20:08,Northgate Transit Hub,Sunset Boulevard,1176,member,1985,0.00
115384,20/03/2026 20:05,20/03/2026 20:11,Kayak Launch,Westfield Green,1329,member,1983,0.00
115385,20/03/2026 20:30,20/03/2026 20:45,Summit Ridge,Summit Ridge,1049,casual,1991,3.25
115386,20/03/2026 21:10,20/03/2026 21:20,Aurora & 22nd,Aurora & 22nd,1345,member,2020,0.00
115387,20/03/2026 21:16,20/03/2026 21:32,Gasometer Park,Harbor East,1122,member,1976,0.00
115388,20/03/2026 21:22,20/03/2026 21:41,Westfield Green,Dockside Market,1148,member,1977,0.00
115389,20/03/2026 21:25,20/03/2026 21:29,Observatory Hill,Old Town Square,1044,member,1993,0.00
115390,20/03/2026 21:45,20/03/2026 21:57,Observatory Hill,Student Commons,1233,member,1992,0.00
115391,20/03/2026 22:34,20/03/2026 22:51,Science Quad,King's Cross Lane,1155,member,2000,0.00
115392,21/03/2026 09:31,21/03/2026 09:39,Cobbler's Row,Central Station,1322,member,1975,0.00
115393,21/03/2026 09:52,21/03/2026 10:00,Grand & 3rd,Grand & 3rd,1051,member,1971,0.00
115394,21/03/2026 10:26,21/03/2026 10:29,Riverside Walk,Exchange Street,1001,member,1984,0.00
115395,21/03/2026 12:07,21/03/2026 12:17,Student Commons,Student Commons,1152,Casual,2004,2.65
115396,21/03/2026 12:30,21/03/2026 12:49,Ferry Landing,Meridian Tower,1038,casual,2001,3.85
115397,21/03/2026 12:32,21/03/2026 12:37,Aurora & 40th,Student Commons,1165,member,1963,0.00
115398,21/03/2026 12:37,21/03/2026 13:15,University Gate,Kayak Launch,1340,casual,1983,6.70
115399,21/03/2026 13:10,21/03/2026 13:25,Cedar Park Loop,Poplar Circle,1212,member,2005,0.00
115400,21/03/2026 13:35,21/03/2026 14:00,Library Mall,Library Mall,1045,casual,,4.90
115401,21/03/2026 14:53,21/03/2026 15:09,Kayak Launch,Northgate Transit Hub,1316,member,2002,0.00
115402,21/03/2026 15:21,21/03/2026 15:28,Ferry Landing,Kayak Launch,1131,member,1991,0.00
115403,21/03/2026 17:27,21/03/2026 17:33,City Hall,Student Commons,1220,member,1996,0.00
115404,21/03/2026 18:39,21/03/2026 18:56, Campus North,Weaver Street,1208,casual,1994,3.55
115405,21/03/2026 20:13,21/03/2026 20:27,Riverside Walk,Student Commons,1345,casual,1977,3.25
115406,22/03/2026 07:43,22/03/2026 07:54,Observatory Hill,Observatory Hill,1170,Member,1991,0.00
115407,22/03/2026 10:33,22/03/2026 10:40,Old Town Square,Aurora & 22nd,1079,member,1986,0.00
115408,22/03/2026 10:38,22/03/2026 10:59,Student Commons,Library Mall,1339,casual,1991,4.30
115409,22/03/2026 11:09,22/03/2026 11:35,Steelworks Gate,Steelworks Gate,1350,casual,1984,4.90
115410,22/03/2026 11:21,22/03/2026 11:37,Heron Park,University Gate,1347,member,1986,0.00
115411,22/03/2026 11:49,22/03/2026 12:01,Gasometer Park,Old Town Square,1116,Member,,0.00
115412,22/03/2026 12:00,22/03/2026 12:30,Northgate Transit Hub,Old Town Square,1044,Casual,1967,5.65
115413,22/03/2026 14:20,22/03/2026 14:29,Central Station,Central Station,1327,member,1982,0.00
115414,22/03/2026 14:40,22/03/2026 14:56,Summit Ridge,Science Quad,1149,member,1972,0.00
115415,22/03/2026 14:57,22/03/2026 15:09,Tramline Depot,Central Station,1140,Casual,1978,2.95
115416,22/03/2026 15:55,22/03/2026 16:05,Kayak Launch,Kayak Launch,1010,member,1991,0.00
115417,22/03/2026 19:22,22/03/2026 19:32,Old Town Square,Old Town Square,1105,casual,1964,2.50
115418,22/03/2026 21:39,22/03/2026 22:23,Old Town Square,Gasometer Park,1010,casual,1981,7.75
115419,22/03/2026 22:00,22/03/2026 22:23,Union Plaza,Northgate Mall,1120,member,1996,0.00
115420,23/03/2026 06:16,23/03/2026 06:36,Old Town Square,Old Town Square,1285,Member,1977,0.00
115421,23/03/2026 06:27,23/03/2026 06:33,Old Mill Crossing,Old Mill Crossing,1153,member,1997,0.00
115422,23/03/2026 06:43,23/03/2026 07:00,Old Town Square,Old Town Square,1150,member,1999,0.00
115423,23/03/2026 07:14,23/03/2026 07:42,Tramline Depot,Marina Green,1265,casual,2001,5.35
115424,23/03/2026 07:24,23/03/2026 07:33,Harbor West,Pier 12,1273,member,1973,0.00
115425,23/03/2026 07:28,23/03/2026 07:41,Ferry Meadow,Pier 12,1142,member,1976,0.00
115426,23/03/2026 08:00,23/03/2026 07:53,Dockside Market,Cobbler's Row,1230,MEMBER,1977,0.00
115427,23/03/2026 08:01,23/03/2026 08:06,University Gate,University Gate,1257,member,1998,0.00
115428,23/03/2026 08:06,23/03/2026 08:20,Riverside Walk,Central Station,1290,member,1986,0.00
115429,23/03/2026 08:17,23/03/2026 08:27,Botanic Gardens,Central Station,1275,Casual,1984,2.50
115430,23/03/2026 08:23,23/03/2026 09:08,Harbor East,Old Town Square,1273,Casual,2000,7.90
115431,23/03/2026 08:50,23/03/2026 09:17,Athletics Center,Gasometer Park,1006,casual,1992,5.20
115432,23/03/2026 08:56,23/03/2026 09:02,Gasometer Park,Old Mill Crossing,1052,member,1979,0.00
115433,23/03/2026 09:23,23/03/2026 09:36,Marina Green,Pier 12,1001,Casual,1994,2.95
115434,23/03/2026 10:16,23/03/2026 10:29,University Gate,Cedar Park Loop,1280,casual,1972,2.95
115435,23/03/2026 10:17,23/03/2026 10:32,Northgate Transit Hub,Student Commons,1283,member,1994,0.00
115436,23/03/2026 11:00,23/03/2026 11:15,Seawall Promenade,Seawall Promenade,1315,casual,1998,3.25
115437,23/03/2026 11:13,23/03/2026 11:53,Central Station,Central Station,1269,casual,1994,7.15
115438,23/03/2026 11:13,23/03/2026 11:18,Gasometer Park,Westfield Green,1157,Member,1994,0.00
115439,23/03/2026 11:42,23/03/2026 12:23,City Hall,Athletics Center,1208,casual,1994,7.30
115440,23/03/2026 11:46,23/03/2026 12:16,Central Station,Aurora & 22nd,1062,Member,1988,0.00
115441,23/03/2026 12:26,23/03/2026 12:42,Old Town Square,Science Quad,1013,member,1996,0.00
115442,23/03/2026 13:39,23/03/2026 13:49,Old Town Square,Old Town Square,1128,member,1978,0.00
115443,23/03/2026 13:40,23/03/2026 13:52,Summit Ridge,Summit Ridge,1034,MEMBER,2001,0.00
115444,23/03/2026 14:20,23/03/2026 15:02,Northgate Transit Hub,City Hall,1038,Casual,1984,7.30
115445,23/03/2026 16:00,23/03/2026 16:07,Grand & 9th,Grand & 9th,1347,member,1991,0.00
115446,23/03/2026 16:34,23/03/2026 16:56,Kayak Launch,Kayak Launch,1190,casual,1970,4.30
115447,23/03/2026 16:35,23/03/2026 17:03,Dockside Market,Student Commons,1252,member,1967,0.00
115448,23/03/2026 16:36,23/03/2026 16:58,Dockside Market,Dockside Market,1044,casual,1997,4.30
115449,23/03/2026 16:38,23/03/2026 16:43,City Hall,City Hall,1145,member,1996,0.00
115450,23/03/2026 17:00,23/03/2026 17:16,Central Station,Central Station,1256,member,1972,0.00
115451,23/03/2026 17:04,23/03/2026 18:10,Ferry Landing,Kayak Launch,1112,casual,1973,10.90
115452,23/03/2026 17:24,23/03/2026 17:40,Seawall Promenade,Riverside Walk,1251,member,1990,0.00
115453,23/03/2026 17:24,23/03/2026 17:30,Gasometer Park,Seawall Promenade,1011,member,1993,0.00
115454,23/03/2026 17:27,23/03/2026 17:38,Central Station,Central Station,1173,member,1997,0.00
115455,23/03/2026 17:34,23/03/2026 18:04,Grand & 9th,Grand & 9th,1044,member,1962,0.00
115456,23/03/2026 17:37,23/03/2026 17:52,Merchant Hall,Aurora & 40th,1087,casual,1966,3.25
115457,23/03/2026 17:43,23/03/2026 18:11,Student Commons,Riverside Walk,1186,member,1989,0.00
115458,23/03/2026 18:05,23/03/2026 18:30,Kayak Launch,Kayak Launch,1259,member,2003,0.00
115459,23/03/2026 18:26,23/03/2026 17:23,Harbor East,Athletics Center,1060,member,1970,0.00
115460,23/03/2026 18:30,23/03/2026 19:16,Harbor East,Gasometer Park,1080,member,1967,0.10
115461,23/03/2026 18:35,23/03/2026 18:48,City Hall,Aurora & 22nd ,1243,member,,0.00
115462,23/03/2026 18:39,23/03/2026 18:49,Kayak Launch,Old Town Square,1170,member,1993,0.00
115463,23/03/2026 18:48,23/03/2026 18:54,Sunset Boulevard,Grand & 3rd,1233,member,1996,0.00
115464,23/03/2026 19:26,23/03/2026 19:38,Seawall Promenade,Seawall Promenade,1144,member,1966,0.00
115465,23/03/2026 19:36,23/03/2026 20:05,Cobbler's Row,Cobbler's Row ,1231,casual,1996,5.35
115466,23/03/2026 19:36,23/03/2026 19:56,Botanic Gardens,Ferry Landing,1134,member,1991,0.00
115467,23/03/2026 19:51,23/03/2026 19:56,Rosemont & 5th,Rosemont & 5th,1048,member,,0.00
115468,24/03/2026 06:11,24/03/2026 07:01,Kayak Launch,Grand & 9th,1332,casual,1963,8.65
115469,24/03/2026 07:10,24/03/2026 07:18,Old Town Square,Cathedral Gate,1019,member,1984,0.00
115470,24/03/2026 07:24,24/03/2026 07:37,Old Town Square,Union Plaza,1163,member,1982,0.00
115471,24/03/2026 07:45,24/03/2026 07:57,Warehouse Row,Pier 12,1095,casual,1976,2.95
115472,24/03/2026 08:21,24/03/2026 08:47,Cedar Park Loop,Harbor West,1150,Casual,1992,4.90
115473,24/03/2026 08:38,24/03/2026 08:46,Ferry Meadow,Aurora & 22nd,1249,casual,1978,2.35
115474,24/03/2026 08:49,24/03/2026 09:00,Orchard Lane,Central Station,1097,member,1991,0.00
115475,24/03/2026 09:19,24/03/2026 09:25,Central Station,University Gate,1222,member,1983,0.00
115476,24/03/2026 09:36,24/03/2026 09:56,Old Town Square,Steelworks Gate,1158,member,1967,0.00
115477,24/03/2026 10:15,24/03/2026 10:22,Westfield Green,Grand & 3rd,1010,casual,1992,2.20
115478,24/03/2026 11:26,24/03/2026 11:32,Gasometer Park,Old Town Square,1252,member,1978,0.00
115479,24/03/2026 11:33,24/03/2026 11:52,Old Town Square,Central Station,1347,casual,1986,3.85
115480,24/03/2026 11:39,24/03/2026 11:48,Summit Ridge,Pier 12,1340,member,1987,0.00
115481,24/03/2026 12:38,24/03/2026 12:52,Campus North,Tramline Depot,1107,member,1991,0.00
115482,24/03/2026 13:36,24/03/2026 14:34,Birchwood Terrace,Harbor East,1251,Casual,1987,9.70
115483,24/03/2026 14:08,24/03/2026 14:23,Northgate Transit Hub,Northgate Transit Hub,1222,member,2001,0.00
115484,24/03/2026 14:41,24/03/2026 14:51,Sunset Boulevard,City Hall,1185,member,1986,0.00
115485,24/03/2026 14:43,24/03/2026 15:01,Heron Park,Heron Park,1171,Casual,2005,3.70
115486,24/03/2026 14:51,24/03/2026 15:25,Aurora & 40th,Kayak Launch,1038,casual,1987,6.25
115487,24/03/2026 15:23,24/03/2026 15:28,Campus North,Campus North,1139,member,1994,0.00
115488,24/03/2026 16:06,24/03/2026 16:25,Sunset Boulevard,University Gate,1062,casual,1986,4.00
115489,24/03/2026 16:32,24/03/2026 16:48,Poplar Circle,Steelworks Gate,1350,casual,1990,3.55
115490,24/03/2026 16:45,24/03/2026 17:00,Gasometer Park,Gasometer Park,1343,member,1991,0.00
115491,24/03/2026 16:54,24/03/2026 17:13,Pier 12,Aurora & 22nd,1216,member,1970,0.00
115492,24/03/2026 17:00,24/03/2026 17:12,Cedar Park Loop,Riverside Walk,1186,MEMBER,1992,0.00
115493,24/03/2026 17:01,24/03/2026 17:13,Riverside Walk,Northgate Transit Hub,1240,member,1991,0.00
115494,24/03/2026 17:14,24/03/2026 17:44,Northgate Mall,Northgate Mall,1262,member,1985,0.00
115495,24/03/2026 17:17,24/03/2026 17:22,Aurora & 22nd,Harbor East,1341,member,1998,0.00
115496,24/03/2026 17:28,24/03/2026 18:18,Westfield Green,Steelworks Gate,1087,casual,1965,8.50
115497,24/03/2026 17:43,24/03/2026 17:58,Riverside Walk,Marina Green,1027,member,1993,0.00
115498,24/03/2026 17:46,24/03/2026 17:51,City Hall,City Hall,1304,member,1986,0.00
115499,24/03/2026 17:52,24/03/2026 17:57,Maple Grove,University Gate,1046,casual,2001,1.90
115500,24/03/2026 18:35,24/03/2026 19:16,TANNERY YARD,Tannery Yard,1097,casual,1994,7.15
115501,24/03/2026 18:43,24/03/2026 19:04,Athletics Center,Athletics Center,1158,casual,1965,4.15
115502,24/03/2026 20:05,24/03/2026 20:37,Athletics Center,Athletics Center,1084,member,1982,0.00
115503,24/03/2026 20:06,24/03/2026 20:12,Summit Ridge,Kayak Launch,1065,member,1996,0.00
115504,24/03/2026 20:11,24/03/2026 20:21,Gasometer Park,Old Town Square,1172,member,2003,0.00
115505,24/03/2026 21:22,24/03/2026 21:30,Summit Ridge,Science Quad,1213,member,,0.00
115506,24/03/2026 21:29,24/03/2026 23:07,Athletics Center,Athletics Center,1153,casual,1975,15.85
115507,24/03/2026 22:19,24/03/2026 22:26,Kayak Launch,Kayak Launch,1153,member,1985,0.00
115508,24/03/2026 22:22,24/03/2026 20:53,Northgate Mall,Gasometer Park,1152,member,2000,0.00
115509,25/03/2026 06:16,25/03/2026 06:43,Northgate Transit Hub,Gasometer Park,1243,member,1988,0.00
115510,25/03/2026 06:21,25/03/2026 06:35,Opera House,City Hall,1307,Member,1991,0.00
115511,25/03/2026 07:39,25/03/2026 07:51,Riverside Walk,Willow Bend,1297,MEMBER,1991,0.00
115512,25/03/2026 07:51,25/03/2026 08:04,Cobbler's Row,Meridian Tower,1197,Member,,0.00
115513,25/03/2026 08:16,25/03/2026 08:37,Merchant Hall,Sunset Boulevard,1027,member,1986,0.00
115514,25/03/2026 08:44,25/03/2026 11:44,Old Mill Crossing,Athletics Center,1012,Casual,1964,28.00
115515,25/03/2026 08:56,25/03/2026 09:40,Cedar Park Loop,Maple Grove,1019,casual,1993,7.60
115516,25/03/2026 09:10,25/03/2026 09:23,Central Station,Central Station,1200,member,1976,0.00
115517,25/03/2026 09:34,25/03/2026 09:39,Gasometer Park,Library Mall,1083,member,1975,0.00
115518,25/03/2026 09:49,25/03/2026 10:07,Old Town Square,Riverside Walk,1201,casual,1965,3.70
115519,25/03/2026 10:28,25/03/2026 10:46,Aurora & 40th,Gasometer Park,1277,member,1989,0.00
115520,25/03/2026 10:42,25/03/2026 10:50,Athletics Center,Athletics Center,1262,member,1981,0.00
115521,25/03/2026 11:05,25/03/2026 12:32,Kayak Launch,Maple Grove,1077,casual,1970,14.20
115522,25/03/2026 12:18,25/03/2026 12:36,Athletics Center,Harbor East,1046,member,1995,0.00
115523,25/03/2026 12:32,25/03/2026 12:51,Old Town Square,Old Town Square,1011,casual,1969,3.85
115524,25/03/2026 13:00,25/03/2026 13:05,Grand & 3rd,Grand & 3rd,1228,member,1997,0.00
115525,25/03/2026 13:37,25/03/2026 13:48,Riverside Walk,Riverside Walk,1248,member,2006,0.00
115526,25/03/2026 13:44,25/03/2026 13:53,Steelworks Gate,Dockside Market,1263,member,1990,0.00
115527,25/03/2026 14:33,25/03/2026 14:37,Old Town Square,Old Town Square,1197,Member,1980,0.00
115528,25/03/2026 15:24,25/03/2026 15:34,Kayak Launch,Warehouse Row,1201,member,1961,0.00
115529,25/03/2026 15:36,25/03/2026 15:46,Old Town Square,Old Town Square,1024,member,1968,0.00
115530,25/03/2026 15:38,25/03/2026 15:54,Lighthouse Point,Marina Green,1208,member,1987,0.00
115531,25/03/2026 15:43,25/03/2026 16:02,City Hall,Pier 12,1264,member,1986,0.00
115532,25/03/2026 15:52,25/03/2026 15:58,Cobbler's Row,Cobbler's Row,1031,member,1987,0.00
115533,25/03/2026 16:00,25/03/2026 16:13,Tannery Yard,Northgate Transit Hub,1094,MEMBER,1975,0.00
115534,25/03/2026 16:09,25/03/2026 16:20,Union Plaza,Old Town Square,1114,member,2006,0.00
115535,25/03/2026 16:11,25/03/2026 16:30,Old Mill Crossing,Old Mill Crossing,1348,casual,2003,3.85
115536,25/03/2026 16:31,25/03/2026 16:41,Kayak Launch,Gasometer Park,1054,casual,1997,2.65
115537,25/03/2026 16:50,25/03/2026 17:14,Dockside Market,Orchard Lane,1120,member,1995,0.00
115538,25/03/2026 16:53,25/03/2026 16:59,Pier 12,Campus North,1133,Casual,1993,1.90
115539,25/03/2026 17:15,25/03/2026 17:23,Exchange Street,Old Mill Crossing,1192,member,1999,0.00
115540,25/03/2026 17:18,25/03/2026 17:33,Floodgate Road,Fountain Court,1273,casual,1979,3.25
115541,25/03/2026 17:45,25/03/2026 18:04,Observatory Hill,Cedar Park Loop,1213,casual,1991,3.85
115542,25/03/2026 17:51,25/03/2026 17:57,Athletics Center,Cobbler's Row,1085,member,1979,0.00
115543,25/03/2026 18:38,25/03/2026 18:53,Central Station,Central Station,1327,Member,1978,0.00
115544,25/03/2026 19:15,25/03/2026 19:58,University Gate,Central Station,1153,casual,1971,7.45
115545,25/03/2026 20:23,25/03/2026 20:32,Central Station,Merchant Hall,1038,member,2004,0.00
115546,25/03/2026 21:11,25/03/2026 21:17,Pier 12,Pier 12,1288,Member,1991,0.00
115547,26/03/2026 07:04,26/03/2026 07:35,Science Quad,Cedar Park Loop,1199,casual,1995,5.80
115548,26/03/2026 07:06,26/03/2026 07:13,Gasometer Park,Cobbler's Row,1215,member,1986,0.00
115549,26/03/2026 07:22,26/03/2026 07:48,Union Plaza,Old Town Square,1213,casual,1994,4.90
115550,26/03/2026 08:03,26/03/2026 08:41,University Gate,University Gate,1312,casual,1978,6.85
115551,26/03/2026 08:05,26/03/2026 08:43,Harbor East,Merchant Hall,1238,member,1978,0.00
115552,26/03/2026 08:45,26/03/2026 08:51,Sunset Boulevard,City Hall,1213,casual,1976,1.90
115553,26/03/2026 08:50,26/03/2026 08:57,Maple Grove,University Gate,1334,member,1983,0.00
115554,26/03/2026 08:54,26/03/2026 09:03,Riverside Walk,Exchange Street,1033,casual,1995,2.50
115555,26/03/2026 08:54,26/03/2026 09:07,Athletics Center,Cedar Park Loop,1026,casual,1967,2.95
115556,26/03/2026 09:38,26/03/2026 09:53,Kayak Launch,Marina Green,1259,member,1980,0.00
115557,26/03/2026 09:50,26/03/2026 10:10,Rosemont & 5th,Warehouse Row,1260,casual,1989,4.15
115558,26/03/2026 11:42,26/03/2026 11:55,Summit Ridge,Old Mill Crossing,1233,member,1973,0.00
115559,26/03/2026 12:24,26/03/2026 12:33,Union Plaza,Fountain Court,1157,member,1978,0.00
115560,26/03/2026 13:01,26/03/2026 13:32,Old Town Square,Sunset Boulevard,1093,member,2001,0.00
115561,26/03/2026 13:58,26/03/2026 14:19,Warehouse Row,Warehouse Row,1094,member,1967,0.00
115562,26/03/2026 15:20,26/03/2026 15:37,Pier 12,Pier 12,1224,Casual,1989,3.70
115563,26/03/2026 15:20,26/03/2026 15:39,University Gate,Grand & 3rd,1174,member,1996,0.00
115564,26/03/2026 15:35,26/03/2026 15:45,Summit Ridge,Old Mill Crossing,1151,casual,1973,2.50
115565,26/03/2026 15:59,26/03/2026 16:22,Guildhall Steps,Grand & 3rd,1348,casual,1977,4.60
115566,26/03/2026 16:55,26/03/2026 17:05,Steelworks Gate,Lighthouse Point,1238,casual,1997,2.65
115567,26/03/2026 16:58,26/03/2026 17:14,Seawall Promenade,Pier 12,1328,member,1983,0.00
115568,26/03/2026 17:07,26/03/2026 17:23,Grand & 9th,Merchant Hall,1074,member,2005,0.00
115569,26/03/2026 17:44,26/03/2026 17:49,Seawall Promenade,Seawall Promenade,1201,Member,1991,0.00
115570,26/03/2026 17:48,26/03/2026 18:10,Aurora & 22nd,Aurora & 22nd,1174,member,1993,0.00
115571,26/03/2026 17:53,26/03/2026 18:00,Gasometer Park,Warehouse Row,1225,casual,1988,2.05
115572,26/03/2026 18:37,26/03/2026 18:54,Pier 12,Aurora & 22nd,1297,MEMBER,1995,0.00
115573,26/03/2026 18:41,26/03/2026 18:58,Old Town Square,Science Quad,1242,member,2020,0.00
115574,26/03/2026 18:42,26/03/2026 18:49,Harbor East,Warehouse Row,1343,Member,1968,0.00
115575,26/03/2026 18:42,26/03/2026 19:08,Pier 12,Athletics Center,1327,member,1981,0.00
115576,26/03/2026 18:43,26/03/2026 19:04,Cedar Park Loop,Central Station,1025,casual,1982,4.15
115577,26/03/2026 18:44,26/03/2026 19:29,Athletics Center,Gasometer Park,1245,casual,1976,7.90
115578,26/03/2026 18:52,26/03/2026 19:40,Cedar Park Loop,Northgate Transit Hub,1162,casual,,8.20
115579,26/03/2026 19:05,26/03/2026 19:44,Central Station,Central Station,1272,casual,1991,6.85
115580,26/03/2026 19:15,26/03/2026 19:33,Summit Ridge,Cobbler's Row,1050,member,1988,0.00
115581,26/03/2026 19:26,26/03/2026 19:55,Cobbler's Row,Old Town Square,1159,member,1989,0.00
115582,26/03/2026 20:39,26/03/2026 20:52,Old Town Square,Warehouse Row,1250,casual,1980,3.10
115583,26/03/2026 22:35,26/03/2026 22:45,Central Station,Central Station,1256,casual,1992,2.50
115584,27/03/2026 02:27,27/03/2026 02:37,Old Mill Crossing,Aurora & 40th,1006,member,1993,0.00
115585,27/03/2026 05:07,27/03/2026 05:17,Willow Bend,Old Town Square,1264,member,1984,0.00
115586,27/03/2026 05:21,27/03/2026 05:52,Central Station,Old Mill Crossing,1143,casual,1981,5.65
115587,27/03/2026 06:56,27/03/2026 07:35,Old Town Square,OLD TOWN SQUARE,1022,casual,1993,7.00
115588,27/03/2026 07:24,27/03/2026 07:32,Science Quad,Ferry Landing,1084,member,1977,0.00
115589,27/03/2026 07:29,27/03/2026 07:41,Cedar Park Loop,Maple Grove,1283,casual,1996,2.95
115590,27/03/2026 07:53,27/03/2026 07:56,Old Town Square,Old Town Square,1097,member,1994,0.00
115591,27/03/2026 08:15,27/03/2026 08:45,Summit Ridge,Northgate Transit Hub,1345,member,1988,0.00
115592,27/03/2026 09:04,27/03/2026 09:17,Kayak Launch,Central Station,1342,member,1994,0.00
115593,27/03/2026 09:48,27/03/2026 10:22,Athletics Center,Gasometer Park,1148,Casual,1964,6.10
115594,27/03/2026 10:29,27/03/2026 10:41,Old Town Square,University Gate,1227,member,1994,0.00
115595,27/03/2026 11:10,27/03/2026 11:17,Aurora & 40th,Aurora & 40th,1325,member,1980,0.00
115596,27/03/2026 11:14,27/03/2026 11:25,Summit Ridge,Union Plaza,1341,member,1982,0.00
115597,27/03/2026 11:29,27/03/2026 11:46,Meridian Tower,Cedar Park Loop,1306,casual,1985,3.70
115598,27/03/2026 12:13,27/03/2026 12:30,Central Station,Student Commons,1027,casual,,3.70
115599,27/03/2026 12:33,27/03/2026 12:50,Old Town Square,Cathedral Gate,1176,casual,1995,3.70
115600,27/03/2026 12:45,27/03/2026 12:54,Riverside Walk,Northgate Mall,1155,member,1995,0.00
115601,27/03/2026 13:42,27/03/2026 14:47, Student Commons,Sunset Boulevard,1165,casual,1981,10.90
115602,27/03/2026 13:55,27/03/2026 14:02,Riverside Walk,King's Cross Lane,1330,casual,1995,2.05
115603,27/03/2026 14:20,27/03/2026 14:24,Athletics Center,Athletics Center,1143,member,1994,0.00
115604,27/03/2026 14:44,27/03/2026 14:59,Lighthouse Point,Clocktower Plaza,1337,member,1966,0.00
115605,27/03/2026 14:51,27/03/2026 15:00,Central Station,Old Town Square,1172,member,1996,0.00
115606,27/03/2026 14:53,27/03/2026 15:23,Pier 12,Pier 12,1259,member,1978,0.00
115607,27/03/2026 15:11,27/03/2026 15:26,Old Town Square,Dockside Market,1150,member,,0.00
115608,27/03/2026 16:07,27/03/2026 16:25,Athletics Center,Orchard Lane,1247,casual,1986,3.85
115609,27/03/2026 16:18,27/03/2026 16:28,Rosemont & 5th,Gasometer Park,1211,member,1994,0.00
115610,27/03/2026 17:11,27/03/2026 17:26,Pier 12,Tannery Yard,1348,member,,0.00
115611,27/03/2026 17:15,27/03/2026 17:33,Marina Green,Marina Green,1316,casual,1993,3.70
115612,27/03/2026 17:20,27/03/2026 17:25,Cedar Park Loop,Seawall Promenade,1241,member,1988,0.00
115613,27/03/2026 18:01,27/03/2026 18:28,Cobbler's Row,Cobbler's Row,1246,casual,1981,5.05
115614,27/03/2026 18:44,27/03/2026 18:50,Grand & 9th,Grand & 9th,1200,member,1972,0.00
115615,27/03/2026 19:00,27/03/2026 19:07,old town square,Old Town Square,1004,member,1979,0.00
115616,27/03/2026 19:15,27/03/2026 19:41,Observatory Hill,Student Commons,1070,casual,1974,5.05
115617,27/03/2026 19:55,27/03/2026 20:20,City Hall,City Hall,1015,casual,1990,4.90
115618,27/03/2026 20:38,27/03/2026 20:46,Ferry Meadow,Ferry Meadow,1093,member,1989,0.00
115619,27/03/2026 22:48,27/03/2026 22:51,Grand & 9th,Grand & 9th,1208,member,1990,0.00
115620,28/03/2026 08:46,28/03/2026 09:49,Steelworks Gate,Gasometer Park,1013,casual,1984,10.60
115621,28/03/2026 09:01,28/03/2026 09:12,Old Town Square,Old Town Square,1120,member,1989,0.00
115622,28/03/2026 09:15,28/03/2026 09:27,Science Quad,Science Quad,1063,casual,2020,2.95
115623,28/03/2026 09:39,28/03/2026 09:47,Guildhall Steps,Kayak Launch,1136,member,1985,0.00
115624,28/03/2026 09:47,28/03/2026 09:54,Old Town Square,Central Station,1208,member,2020,0.00
115625,28/03/2026 10:41,28/03/2026 11:19,Old Town Square,Old Town Square,1232,member,1997,0.00
115626,28/03/2026 11:05,28/03/2026 11:17,Campus North,Aurora & 22nd,1311,member,,0.00
115627,28/03/2026 11:22,28/03/2026 10:50,Westfield Green,Dockside Market,1011,MEMBER,2003,0.00
115628,28/03/2026 11:29,28/03/2026 11:59,Cobbler's Row,Gasometer Park,1272,Casual,1992,5.50
115629,28/03/2026 11:36,28/03/2026 11:44,Northgate Transit Hub,City Hall,1350,member,2002,0.00
115630,28/03/2026 11:54,28/03/2026 12:11,Central Station,Central Station,1073,casual,1996,3.55
115630,28/03/2026 11:54,28/03/2026 12:11,Central Station,Central Station,1073,casual,1996,3.55
115631,28/03/2026 12:14,28/03/2026 12:53,Northgate Transit Hub,Old Town Square,1123,casual,1979,7.00
115632,28/03/2026 12:31,28/03/2026 12:43,Opera House,Opera House,1327,member,1971,0.00
115633,28/03/2026 13:24,28/03/2026 14:12,Summit Ridge,Cedar Park Loop,1244,Casual,1980,8.35
115634,28/03/2026 13:49,28/03/2026 14:47,Maple Grove,Cobbler's Row,1192,casual,1980,9.85
115635,28/03/2026 14:01,28/03/2026 14:15,Cobbler's Row,Cobbler's Row,1024,member,2001,0.00
115636,28/03/2026 14:35,28/03/2026 14:43,Northgate Transit Hub,City Hall,1297,member,2000,0.00
115637,28/03/2026 14:38,28/03/2026 14:54,Observatory Hill,Gasometer Park,1290,casual,1993,3.55
115638,28/03/2026 14:40,28/03/2026 14:53,Westfield Green,Grand & 3rd,1010,casual,2002,2.95
115639,28/03/2026 15:01,28/03/2026 15:12,Pier 12,Harbor West,1069,member,1994,0.00
115640,28/03/2026 15:14,28/03/2026 15:19,University Gate,Athletics Center,1092,MEMBER,1976,0.00
115641,28/03/2026 15:23,28/03/2026 15:39,Central Station,Maple Grove,1086,member,1991,0.00
115642,28/03/2026 15:26,28/03/2026 15:46,Steelworks Gate,Steelworks Gate,1273,casual,1980,4.00
115643,28/03/2026 16:05,28/03/2026 16:16,Harbor East,Aurora & 22nd,1183,Casual,2002,2.65
115644,28/03/2026 16:23,28/03/2026 16:28,Athletics Center,Old Town Square,1259,member,1974,0.00
115645,28/03/2026 16:40,28/03/2026 17:58,Merchant Hall,Cathedral Gate,1006,casual,1969,12.85
115646,28/03/2026 17:01,28/03/2026 17:07,Poplar Circle,Old Town Square,1331,member,1987,0.00
115647,28/03/2026 17:11,28/03/2026 17:23,Old Town Square,University Gate ,1285,casual,1976,2.80
115648,28/03/2026 17:14,28/03/2026 17:52,City Hall,Old Town Square,1016,casual,1987,6.70
115649,28/03/2026 17:45,28/03/2026 18:07,Central Station,Ferry Landing,1297,casual,1969,4.45
115650,28/03/2026 17:50,28/03/2026 18:03,Science Quad,Riverside Walk,1028,member,1979,0.00
115651,28/03/2026 20:12,28/03/2026 20:22,Student Commons,Harbor West,1149,member,1999,0.00
115652,28/03/2026 21:46,28/03/2026 21:57,Steelworks Gate,Observatory Hill,1215,member,1990,0.00
115653,29/03/2026 00:06,29/03/2026 00:56,Central Station,Botanic Gardens,1142,casual,1972,8.65
115654,29/03/2026 06:50,29/03/2026 07:04,Riverside Walk,Summit Ridge,1245,Casual,1999,3.10
115655,29/03/2026 10:27,29/03/2026 10:31,Athletics Center,Dockside Market,1223,member,1990,0.00
115656,29/03/2026 11:16,29/03/2026 11:20,Summit Ridge,Botanic Gardens,1315,Member,,0.00
115657,29/03/2026 11:31,29/03/2026 12:03,Observatory Hill,Opera House,1320,casual,1991,5.80
115658,29/03/2026 11:34,29/03/2026 11:46,City Hall,Gasometer Park,1031,member,1986,0.00
115659,29/03/2026 11:59,29/03/2026 12:27,Old Town Square,Gasometer Park,1108,casual,1986,5.20
115660,29/03/2026 12:23,29/03/2026 12:43,Merchant Hall,Student Commons,1138,casual,2005,4.15
115661,29/03/2026 12:27,29/03/2026 12:46,Central Station,Central Station,1183,casual,1970,3.85
115662,29/03/2026 13:29,29/03/2026 13:44,Pier 12,Athletics Center,1055,casual,1997,3.40
115663,29/03/2026 13:47,29/03/2026 14:56,Summit Ridge,Student Commons,1012,casual,1978,11.35
115664,29/03/2026 13:51,29/03/2026 14:44,Northgate Mall,Summit Ridge,1155,casual,1975,8.95
115665,29/03/2026 14:39,29/03/2026 15:14,Old Mill Crossing,Lighthouse Point,1250,casual,1988,6.25
115666,29/03/2026 14:48,29/03/2026 16:26,Sunset Boulevard,Gasometer Park,1086,casual,1990,15.85
115667,29/03/2026 15:02,29/03/2026 15:10,Central Station,Northgate Mall,1209,casual,1979,2.35
115668,29/03/2026 15:05,29/03/2026 15:59,Gasometer Park,Merchant Hall,1338,casual,2001,9.10
115669,29/03/2026 15:05,29/03/2026 15:22,Kayak Launch,Kayak Launch,1028,member,1970,0.00
115670,29/03/2026 15:27,29/03/2026 15:43,Harbor West,Harbor East,1259,member,2002,0.00
115671,29/03/2026 15:41,29/03/2026 16:14,Gasometer Park,Kayak Launch,1114,Member,1981,0.00
115672,29/03/2026 15:47,29/03/2026 15:56,Cobbler's Row,Summit Ridge,1133,casual,1984,2.35
115673,29/03/2026 16:17,29/03/2026 18:40,Summit Ridge,Summit Ridge,1153,Casual,1997,22.60
115673,29/03/2026 16:17,29/03/2026 18:40,Summit Ridge,Summit Ridge,1153,Casual,1997,22.60
115674,29/03/2026 16:18,29/03/2026 16:43,Old Town Square,Steelworks Gate,1350,Casual,1988,4.75
115675,29/03/2026 16:22,29/03/2026 16:43,Old Mill Crossing,Campus North,1262,member,1995,0.00
115676,29/03/2026 16:34,29/03/2026 17:46,Harbor East,Cobbler's Row,1114,casual,1976,11.80
115676,29/03/2026 16:34,29/03/2026 17:46,Harbor East,Cobbler's Row,1114,casual,1976,11.80
115677,29/03/2026 16:49,29/03/2026 18:21,Pier 12,Pier 12,1077,casual,1991,14.80
115678,29/03/2026 17:54,29/03/2026 18:01,Summit Ridge,Student Commons,1213,member,1997,0.00
115679,29/03/2026 17:57,29/03/2026 18:04,Athletics Center,Old Town Square,1117,member,1989,0.00
115680,29/03/2026 19:44,29/03/2026 19:57,Opera House,Student Commons,1269,casual,1987,2.95
115681,29/03/2026 19:55,29/03/2026 19:59,Northgate Mall,Gasometer Park,1129,member,1988,0.00
115682,29/03/2026 23:24,29/03/2026 23:32,Gasometer Park,Old Town Square,1261,member,1988,0.00
115683,30/03/2026 00:03,30/03/2026 00:11,Tannery Yard,Marina Green,1083,member,1975,0.00
115684,30/03/2026 07:03,30/03/2026 07:11,Old Town Square, Gasometer Park,1099,member,1995,0.00
115685,30/03/2026 07:29,30/03/2026 09:45,Central Station,Willow Bend,1281,casual,1989,21.40
115686,30/03/2026 07:39,30/03/2026 07:53,Floodgate Road,Westfield Green,1249,member,1987,0.00
115687,30/03/2026 07:53,30/03/2026 08:02,Northgate Mall,Northgate Mall,1067,member,1990,0.00
115688,30/03/2026 07:56,30/03/2026 08:30,Steelworks Gate,Westfield Green,1236,casual,1993,6.25
115689,30/03/2026 07:57,30/03/2026 08:08,Maple Grove,Old Town Square,1208,member,1960,0.00
115690,30/03/2026 08:29,30/03/2026 08:54,City Hall,Seawall Promenade,1152,member,1981,0.00
115691,30/03/2026 08:47,30/03/2026 08:57,Merchant Hall,Meridian Tower,1315,member,2001,0.00
115692,30/03/2026 09:00,30/03/2026 09:22,Old Town Square,Old Town Square,1223,Casual,2003,4.45
115693,30/03/2026 09:02,30/03/2026 09:32,Lighthouse Point,Riverside Walk,1284,member,1992,0.00
115694,30/03/2026 09:13,30/03/2026 09:28,Poplar Circle,Gasometer Park,1303,Member,1965,0.00
115695,30/03/2026 09:23,30/03/2026 09:43,Kayak Launch,Old Town Square,1221,casual,1958,4.00
115696,30/03/2026 09:57,30/03/2026 10:17,Cobbler's Row,Kayak Launch,1213,casual,1980,4.15
115697,30/03/2026 10:11,30/03/2026 10:16,Summit Ridge,Summit Ridge,1248,member,1970,0.00
115698,30/03/2026 11:28,30/03/2026 11:51,Grand & 3rd,Student Commons,1338,casual,1993,4.45
115699,30/03/2026 11:54,30/03/2026 12:23,Summit Ridge,Summit Ridge,1335,member,1966,0.00
115700,30/03/2026 12:44,30/03/2026 13:14,Old Town Square,Old Town Square,1256,member,1965,0.00
115701,30/03/2026 13:14,30/03/2026 13:30,Northgate Mall,Lighthouse Point,1192,member,1987,0.00
115702,30/03/2026 13:40,30/03/2026 13:49,Aurora & 22nd,Aurora & 22nd,1216,MEMBER,1986,0.00
115703,30/03/2026 14:22,30/03/2026 14:38,Steelworks Gate,Student Commons,1044,casual,1978,3.55
115704,30/03/2026 14:35,30/03/2026 15:14,Northgate Transit Hub,Gasometer Park,1341,casual,1979,6.85
115705,30/03/2026 15:01,30/03/2026 15:17,Student Commons,Riverside Walk,1040,casual,1992,3.55
115706,30/03/2026 15:08,30/03/2026 15:14,Old Town Square,Northgate Transit Hub,1034,member,1987,0.00
115707,30/03/2026 15:28,30/03/2026 15:39,Athletics Center,Union Plaza,1278,member,1990,0.00
115708,30/03/2026 16:25,30/03/2026 16:48,Old Town Square,Central Station,1010,casual,1973,4.60
115709,30/03/2026 16:31,30/03/2026 16:46,Willow Bend,Student Commons,1235,Casual,1985,3.25
115710,30/03/2026 17:05,30/03/2026 17:17,Gasometer Park,Gasometer Park,1306,member,1999,0.00
115711,30/03/2026 17:25,30/03/2026 17:32,Ferry Meadow,Ferry Meadow,1061,MEMBER,1974,0.00
115712,30/03/2026 17:37,30/03/2026 17:56,Botanic Gardens,Grand & 9th,1185,casual,1994,4.00
115713,30/03/2026 18:12,30/03/2026 19:05,Union Plaza,Old Town Square,1012,casual,1998,9.10
115714,30/03/2026 18:30,30/03/2026 18:38,Cedar Park Loop,Old Town Square,1072,member,1992,0.00
115715,30/03/2026 18:36,30/03/2026 18:41,Maple Grove,Old Town Square,1184,Member,1995,0.00
115716,30/03/2026 18:39,30/03/2026 18:46,Riverside Walk,Sunset Boulevard,1316,Member,1990,0.00
115717,30/03/2026 18:57,30/03/2026 19:09,Aurora & 22nd,Aurora & 22nd,1173,member,1987,0.00
115718,30/03/2026 19:22,30/03/2026 19:33,Ferry Meadow,Floodgate Road,1243,member,1991,0.00
115719,30/03/2026 19:24,30/03/2026 19:31,Central Station,Central Station,1019,member,1984,0.00
115720,30/03/2026 19:27,30/03/2026 19:37,Old Town Square,Exchange Street,1158,casual,1981,2.50
115721,30/03/2026 20:00,30/03/2026 20:09,Gasometer Park,Gasometer Park,1093,member,1975,0.00
115722,30/03/2026 21:00,30/03/2026 21:08,Central Station,Cedar Park Loop,1300,member,1957,0.00
115723,30/03/2026 21:15,30/03/2026 21:29,Athletics Center,Kayak Launch,1261,member,1989,0.00
115724,31/03/2026 00:18,31/03/2026 00:29,Maple Grove,Riverside Walk,1231,member,1979,0.00
115725,31/03/2026 00:20,31/03/2026 00:31,Pier 12,Pier 12,1197,member,1993,0.00
115726,31/03/2026 06:06,31/03/2026 06:16,City Hall,City Hall,1315,member,1987,0.00
115727,31/03/2026 07:08,31/03/2026 07:14,Central Station,Old Town Square,1249,Member,1995,0.00
115728,31/03/2026 07:10,31/03/2026 07:21,Old Mill Crossing,Science Quad,1103,member,1967,0.00
115729,31/03/2026 07:17,31/03/2026 07:36,Warehouse Row,Gasometer Park,1103,casual,1984,3.85
115730,31/03/2026 07:26,31/03/2026 07:37,Westfield Green,Cobbler's Row,1345,Member,1986,0.00
115731,31/03/2026 08:52,31/03/2026 08:57,Grand & 3rd,central station,1023,member,1983,0.00
115732,31/03/2026 08:55,31/03/2026 09:15,Kayak Launch,Kayak Launch,1183,member,1967,0.00
115733,31/03/2026 09:20,31/03/2026 09:26,Kayak Launch,Kayak Launch,1104,member,1978,0.00
115734,31/03/2026 09:31,31/03/2026 09:36,Steelworks Gate,Riverside Walk,1233,Member,1971,0.00
115735,31/03/2026 09:40,31/03/2026 09:47,Ferry Meadow,Ferry Meadow,1312,member,1968,0.00
115736,31/03/2026 09:51,31/03/2026 10:24,Old Town Square,Pier 12,1041,Casual,1989,5.95
115737,31/03/2026 11:17,31/03/2026 11:29,Library Mall,Central Station,1038,Member,1993,0.00
115738,31/03/2026 12:21,31/03/2026 12:30,Old Town Square,Old Town Square,1166,casual,1974,2.50
115739,31/03/2026 13:06,31/03/2026 13:18,Sunset Boulevard,Sunset Boulevard,1252,member,1993,0.00
115740,31/03/2026 13:37,31/03/2026 13:52,Gasometer Park,Old Mill Crossing,1203,member,1999,0.00
115741,31/03/2026 13:43,31/03/2026 13:51,Lighthouse Point,Maple Grove,1262,member,1990,0.00
115742,31/03/2026 14:03,31/03/2026 14:16,Riverside Walk,Cedar Park Loop,1337,member,1984,0.00
115743,31/03/2026 14:19,31/03/2026 14:30,Gasometer Park,Gasometer Park,1273,member,1978,0.00
115744,31/03/2026 15:02,31/03/2026 15:25,Aurora & 40th,Dockside Market,1219,Casual,1976,4.60
115745,31/03/2026 15:37,31/03/2026 15:49,Student Commons,Northgate Transit Hub,1095,member,1961,0.00
115746,31/03/2026 15:47,31/03/2026 15:52,Student Commons,Exchange Street,1237,Member,1990,0.00
115747,31/03/2026 16:03,31/03/2026 16:20,Student Commons,Aurora & 40th,1281,casual,1991,3.55
115748,31/03/2026 16:12,31/03/2026 16:28,Student Commons,Aurora & 40th,1007,member,1992,0.00
115749,31/03/2026 16:17,31/03/2026 16:28,Old Town Square,Union Plaza,1059,member,1960,0.00
115750,31/03/2026 16:25,31/03/2026 16:41,Kayak Launch,Athletics Center,1342,casual,1995,3.55
115751,31/03/2026 16:54,31/03/2026 17:01,Student Commons,Old Town Square,1268,member,1971,0.00
115752,31/03/2026 16:59,31/03/2026 17:05,Cobbler's Row,University Gate,1254,member,1999,0.00
115753,31/03/2026 17:20,31/03/2026 17:26,old town square,Gasometer Park,1268,member,1999,0.00
115754,31/03/2026 17:29,31/03/2026 17:34,Kayak Launch,Kayak Launch,1325,member,2000,
115755,31/03/2026 19:01,31/03/2026 19:22,Central Station,Maple Grove,1106,casual,1993,4.15
115756,31/03/2026 19:15,31/03/2026 19:21,Harbor East,Kayak Launch,1306,member,1990,0.00
115757,31/03/2026 19:36,31/03/2026 19:53,Tannery Yard,University Gate,1298,member,,0.00
115758,31/03/2026 20:45,31/03/2026 21:25,Steelworks Gate,City Hall,1142,casual,1991,7.15
115759,01/04/2026 03:51,01/04/2026 03:57,Athletics Center,Sunset Boulevard,1242,Casual,1995,2.05
115760,01/04/2026 05:21,01/04/2026 05:48,Pier 12,Warehouse Row,1143,casual,1997,5.05
115761,01/04/2026 06:00,01/04/2026 06:26,Kayak Launch,Kayak Launch,1044,member,1988,0.00
115762,01/04/2026 06:46,01/04/2026 06:55,Heron Park,Heron Park,1001,casual,1990,2.35
115763,01/04/2026 07:57,01/04/2026 08:07,Dockside Market,Cobbler's Row,1327,member,1987,0.00
115764,01/04/2026 08:20,01/04/2026 09:29,Merchant Hall,Gasometer Park,1010,casual,1994,11.35
115765,01/04/2026 08:41,01/04/2026 09:04,Athletics Center,Union Plaza,1144,Member,1900,0.00
115766,01/04/2026 08:50,01/04/2026 09:00,Athletics Center,Maple Grove,1298,Casual,1988,2.65
115767,01/04/2026 09:00,01/04/2026 11:54,University Gate,Gasometer Park,1217,casual,1968,27.10
115768,01/04/2026 09:01,01/04/2026 09:15,Gasometer Park,Gasometer Park,1083,casual,1981,3.10
115769,01/04/2026 09:03,01/04/2026 09:19,Central Station,Observatory Hill,1047,Casual,1967,3.55
115770,01/04/2026 09:44,01/04/2026 09:51,Lighthouse Point,Warehouse Row,1281,member,1994,
115771,01/04/2026 09:49,01/04/2026 10:20,Science Quad,Science Quad ,1208,casual,1962,5.65
115772,01/04/2026 09:51,01/04/2026 10:11,Summit Ridge,Rosemont & 5th,1158,member,1986,0.00
115773,01/04/2026 09:53,01/04/2026 09:59,Pier 12,Cobbler's Row,1083,member,1997,0.00
115774,01/04/2026 10:35,01/04/2026 10:38,Old Town Square,Hillcrest Point,1163,member,1991,0.00
115775,01/04/2026 11:31,01/04/2026 11:38,Dockside Market,Steelworks Gate,1201,member,1966,0.00
115776,01/04/2026 11:37,01/04/2026 12:02,Student Commons,Floodgate Road,1153,casual,1988,4.90
115777,01/04/2026 11:57,01/04/2026 12:26,Athletics Center,Gasometer Park,1052,casual,1969,5.35
115778,01/04/2026 12:02,01/04/2026 12:18,Westfield Green,Riverside Walk,1057,casual,1972,3.40
115779,01/04/2026 13:22,01/04/2026 13:36,Old Mill Crossing,Old Mill Crossing,1224,member,1990,0.00
115780,01/04/2026 13:31,01/04/2026 13:47,Warehouse Row,Warehouse Row,1166,member,1976,0.00
115781,01/04/2026 13:48,01/04/2026 14:07,Gasometer Park,Old Town Square,1204,member,1995,0.00
115782,01/04/2026 14:21,01/04/2026 14:35,Riverside Walk,Maple Grove,1192,casual,2000,3.10
115783,01/04/2026 14:56,01/04/2026 15:14,Sunset Boulevard,Riverside Walk,1315,member,1966,0.00
115784,01/04/2026 15:27,01/04/2026 15:35,Dockside Market,Dockside Market,1038,member,2002,0.00
115785,01/04/2026 15:30,01/04/2026 15:44,Seawall Promenade,Seawall Promenade,1122,casual,1980,3.25
115786,01/04/2026 15:35,01/04/2026 15:59,Old Town Square,Westfield Green,1070,member,1981,0.00
115787,01/04/2026 15:44,01/04/2026 16:14,Steelworks Gate,Campus North,1260,casual,1977,5.50
115788,01/04/2026 16:35,01/04/2026 16:48,Seawall Promenade,Student Commons,1306,member,1974,0.00
115789,01/04/2026 17:07,01/04/2026 17:15,Ferry Landing,Old Town Square,1010,member,1987,0.00
115790,01/04/2026 17:08,01/04/2026 17:26,Dockside Market,Kayak Launch,1273,member,1996,0.00
115791,01/04/2026 17:12,01/04/2026 18:22,Athletics Center,Athletics Center,1236,casual,1983,11.65
115792,01/04/2026 17:25,01/04/2026 17:54,Opera House,Opera House,1238,Member,1982,0.00
115793,01/04/2026 17:37,01/04/2026 17:56,Observatory Hill,Northgate Mall,1111,member,1968,0.00
115794,01/04/2026 18:04,01/04/2026 18:23,Guildhall Steps,Central Station,1206,member,1982,0.00
115795,01/04/2026 18:12,01/04/2026 18:20,Marina Green,Aurora & 22nd,1223,member,1984,0.00
115796,01/04/2026 18:14,01/04/2026 18:18,Opera House,Opera House,1208,member,1991,0.00
115797,01/04/2026 18:18,01/04/2026 18:21,Rosemont & 5th,Central Station,1233,Member,1997,0.00
115798,01/04/2026 18:27,01/04/2026 18:38,Aurora & 22nd,Aurora & 22nd,1001,member,2006,0.00
115799,01/04/2026 18:31,01/04/2026 18:37,Central Station,King's Cross Lane,1070,member,1983,0.00
115800,01/04/2026 18:35,01/04/2026 19:15,Northgate Transit Hub,Tramline Depot,1337,casual,1997,7.15
115801,01/04/2026 18:39,01/04/2026 18:53,Maple Grove,Maple Grove,1177,member,2001,0.00
115802,01/04/2026 18:41,01/04/2026 18:49,Birchwood Terrace,Old Town Square,1131,member,1998,0.00
115803,01/04/2026 18:51,01/04/2026 19:19,University Gate,Old Mill Crossing,1306,casual,1977,5.35
115804,01/04/2026 19:02,01/04/2026 19:48,Riverside Walk,Exchange Street,1274,casual,1966,7.90
115805,01/04/2026 19:52,01/04/2026 20:07,Exchange Street,Central Station,1302,member,2007,0.00
115806,01/04/2026 19:54,01/04/2026 20:07,Cobbler's Row,Tannery Yard,1149,member,2003,0.00
115807,01/04/2026 19:58,01/04/2026 20:09,Riverside Walk,Aurora & 22nd,1328,casual,1979,2.65
115808,01/04/2026 20:10,01/04/2026 21:20,Grand & 9th,Lighthouse Point,1058,casual,1969,11.65
115809,02/04/2026 00:38,02/04/2026 00:48,King's Cross Lane,Union Plaza,1283,member,1971,0.00
115810,02/04/2026 06:33,02/04/2026 06:52,Kayak Launch,Gasometer Park,1025,member,1977,0.00
115811,02/04/2026 06:49,02/04/2026 06:55,Athletics Center,Merchant Hall,1232,member,2004,0.00
115812,02/04/2026 07:02,02/04/2026 07:09,Student Commons,Pier 12,1306,casual,1983,2.20
115813,02/04/2026 07:14,02/04/2026 07:22,Guildhall Steps,Sunset Boulevard,1109,member,1973,0.00
115814,02/04/2026 07:20,02/04/2026 07:40,student commons,Old Mill Crossing,1297,casual,1982,4.15
115815,02/04/2026 07:31,02/04/2026 08:13,Orchard Lane,Aurora & 22nd,1019,casual,1982,7.45
115816,02/04/2026 07:36,02/04/2026 07:42,Marina Green,Aurora & 22nd,1324,member,1981,0.00
115817,02/04/2026 07:45,02/04/2026 07:55,Maple Grove,University Gate,1264,member,1985,0.00
115818,02/04/2026 07:48,02/04/2026 08:26,Northgate Transit Hub,Exchange Street,1201,casual,1994,6.85
115819,02/04/2026 07:54,02/04/2026 08:12,Clocktower Plaza,Student Commons,1195,member,1990,0.00
115820,02/04/2026 08:01,02/04/2026 08:09,Central Station,Summit Ridge,1276,member,1973,0.00
115821,02/04/2026 08:14,02/04/2026 08:18,Old Mill Crossing,Pier 12,1192,member,1993,0.00
115822,02/04/2026 08:29,02/04/2026 08:37,Merchant Hall,Old Town Square,1013,member,1983,0.00
115823,02/04/2026 08:38,02/04/2026 08:48,Fountain Court,City Hall,1133,member,1986,0.00
115824,02/04/2026 08:58,02/04/2026 09:04,Kayak Launch,Kayak Launch,1130,casual,1977,1.90
115825,02/04/2026 09:06,02/04/2026 09:25,Steelworks Gate,Athletics Center,1146,member,1997,0.00
115826,02/04/2026 10:27,02/04/2026 10:35,Athletics Center,Athletics Center,1064,member,1993,0.00
115827,02/04/2026 10:36,02/04/2026 10:43,Harbor East,Tannery Yard,1327,member,,0.00
115828,02/04/2026 10:40,02/04/2026 11:03,Gasometer Park,Gasometer Park,1221,member,1979,0.00
115829,02/04/2026 10:44,02/04/2026 10:48,University Gate,Old Town Square,1192,member,1996,0.00
115830,02/04/2026 12:54,02/04/2026 13:10,Exchange Street,Old Town Square,1306,Member,1999,0.00
115831,02/04/2026 13:11,02/04/2026 13:42,Kayak Launch,Gasometer Park,1214,casual,1986,5.80
115832,02/04/2026 13:38,02/04/2026 13:43,Maple Grove,Central Station,1004,member,1989,0.00
115833,02/04/2026 13:52,02/04/2026 14:18,Student Commons,Cedar Park Loop,1289,Casual,1964,4.90
115834,02/04/2026 14:32,02/04/2026 14:59,Riverside Walk,Ferry Landing,1307,casual,1977,5.20
115835,02/04/2026 14:46,02/04/2026 14:57,Athletics Center,Cobbler's Row,1217,member,1970,0.00
115836,02/04/2026 15:32,02/04/2026 15:49,Student Commons,Weaver Street,1277,member,1983,0.00
115837,02/04/2026 15:32,02/04/2026 15:52,Science Quad,Old Town Square,1066,casual,1978,4.15
115838,02/04/2026 15:40,02/04/2026 15:52,Gasometer Park,Student Commons,1306,member,,0.00
115839,02/04/2026 15:40,02/04/2026 16:15,Marina Green,Central Station,1004,casual,1979,6.25
115840,02/04/2026 15:42,02/04/2026 15:46,Student Commons,Dockside Market,1290,member,1996,0.00
115841,02/04/2026 16:07,02/04/2026 16:36,Gasometer Park,Old Town Square,1142,casual,1971,5.35
115842,02/04/2026 16:46,02/04/2026 17:27,Rosemont & 5th,Exchange Street,1019,casual,1981,7.30
115843,02/04/2026 16:51,02/04/2026 17:01,Athletics Center,Athletics Center,1268,Member,1976,0.00
115844,02/04/2026 17:08,02/04/2026 17:43,Harbor West,Harbor West,1132,casual,1986,6.40
115845,02/04/2026 17:08,02/04/2026 17:28,Cathedral Gate,Aurora & 22nd,1092,member,,0.00
115846,02/04/2026 17:18,02/04/2026 17:26,Kayak Launch,Kayak Launch,1332,member,1982,0.00
115847,02/04/2026 17:21,02/04/2026 17:37,Botanic Gardens,Gasometer Park,1137,member,1972,0.00
115848,02/04/2026 17:38,02/04/2026 17:58,Student Commons,Library Mall,1325,casual,1993,4.15
115849,02/04/2026 17:52,02/04/2026 18:16,Hillcrest Point,Old Town Square,1249,casual,2002,4.75
115850,02/04/2026 18:05,02/04/2026 18:24,Opera House,Student Commons,1293,casual,1985,3.85
115851,02/04/2026 18:11,02/04/2026 18:21,Central Station,Orchard Lane,1231,member,1996,0.00
115852,02/04/2026 18:25,02/04/2026 18:30,Lighthouse Point,Student Commons,1005,member,1962,0.00
115853,02/04/2026 18:59,02/04/2026 19:10,Floodgate Road,Campus North,1154,member,1984,0.00
115854,02/04/2026 19:13,02/04/2026 19:39,Northgate Transit Hub,Floodgate Road,1051,casual,1991,4.90
115855,02/04/2026 19:14,02/04/2026 19:25,Athletics Center,City Hall,1300,member,1976,0.00
115856,02/04/2026 19:19,02/04/2026 19:29,Central Station,Riverside Walk,1150,casual,1984,2.50
115857,02/04/2026 19:27,02/04/2026 19:51,Riverside Walk,Opera House,1321,member,1995,0.00
115858,02/04/2026 19:38,02/04/2026 19:51,Northgate Transit Hub,Harbor East,1215,member,1981,0.00
115859,02/04/2026 19:42,02/04/2026 19:49,Birchwood Terrace,Northgate Transit Hub,1320,member,1991,0.00
115860,02/04/2026 19:53,02/04/2026 20:04,Steelworks Gate,Steelworks Gate,1215,casual,1967,2.80
115861,02/04/2026 20:19,02/04/2026 20:34,Orchard Lane,Orchard Lane,1206,Casual,1973,3.25
115862,02/04/2026 20:56,02/04/2026 21:14,Riverside Walk,Cobbler's Row,1247,casual,1982,3.85
115863,02/04/2026 21:28,02/04/2026 21:35,Gasometer Park,Gasometer Park,1190,member,1970,0.00
115864,02/04/2026 22:59,02/04/2026 23:15,Seawall Promenade,Student Commons,1345,member,1977,0.00
115865,03/04/2026 06:47,03/04/2026 06:59,Pier 12,Athletics Center,1010,Member,1961,0.00
115866,03/04/2026 07:01,03/04/2026 07:12,Student Commons,City Hall,1249,member,1983,0.00
115867,03/04/2026 07:03,03/04/2026 07:09,Old Town Square,Old Town Square,1101,member,1974,0.00
115868,03/04/2026 07:36,03/04/2026 07:51,Marina Green,Harbor East,1157,member,1992,0.00
115869,03/04/2026 07:46,03/04/2026 07:53,Gasometer Park,Gasometer Park,1269,member,1991,0.00
115870,03/04/2026 08:30,03/04/2026 08:55,Central Station,Kayak Launch,1337,casual,1993,4.90
115871,03/04/2026 09:30,03/04/2026 09:45,Opera House,Opera House,1061,member,1993,0.00
115872,03/04/2026 10:27,03/04/2026 10:48,Student Commons,Library Mall,1273,member,1993,0.00
115873,03/04/2026 10:34,03/04/2026 10:41,Birchwood Terrace,Harbor West,1093,member,1995,0.00
115874,03/04/2026 10:35,03/04/2026 11:24,University Gate,Student Commons,1277,casual,1996,8.50
115875,03/04/2026 10:41,03/04/2026 10:43,Old Town Square,Northgate Transit Hub,1347,member,1978,0.00
115876,03/04/2026 12:03,03/04/2026 12:08,Student Commons,Floodgate Road,1133,member,1988,0.00
115877,03/04/2026 12:05,03/04/2026 12:13,Kayak Launch,Cedar Park Loop,1144,member,1974,0.00
115878,03/04/2026 12:08,03/04/2026 12:19,City Hall,Cedar Park Loop,1128,member,1984,0.00
115879,03/04/2026 12:32,03/04/2026 12:40,Athletics Center,Athletics Center,1004,member,1987,0.00
115880,03/04/2026 12:38,03/04/2026 12:58,Harbor East,Warehouse Row,1125,casual,1981,4.00
115881,03/04/2026 13:40,03/04/2026 13:55,University Gate,Cobbler's Row,1302,Member,1977,0.00
115882,03/04/2026 14:07,03/04/2026 14:23,Kayak Launch,Kayak Launch,1132,MEMBER,1972,0.00
115883,03/04/2026 15:23,03/04/2026 15:28,Athletics Center,Old Town Square,1086,member,1990,0.00
115884,03/04/2026 15:50,03/04/2026 16:09,University Gate,Old Town Square,1213,member,1980,0.00
115885,03/04/2026 16:07,03/04/2026 16:14,Pier 12,Botanic Gardens,1338,member,1975,0.00
115886,03/04/2026 16:07,03/04/2026 16:17,grand & 3rd,Aurora & 22nd,1060,casual,1986,2.65
115887,03/04/2026 16:39,03/04/2026 16:55,City Hall,Gasometer Park,1275,member,1992,0.00
115888,03/04/2026 16:50,03/04/2026 17:05,Harbor East,Observatory Hill,1254,casual,1900,3.40
115889,03/04/2026 17:18,03/04/2026 17:38,Central Station,Central Station,1289,casual,1996,4.15
115890,03/04/2026 17:37,03/04/2026 17:57,Hillcrest Point,Student Commons,1271,member,1983,0.00
115891,03/04/2026 17:47,03/04/2026 18:01,Gasometer Park,Pier 12,1049,MEMBER,1988,0.00
115892,03/04/2026 17:58,03/04/2026 18:05,Cobbler's Row,Exchange Street,1120,member,1971,0.00
115893,03/04/2026 18:00,03/04/2026 18:04,Gasometer Park,Summit Ridge,1274,member,1989,0.00
115894,03/04/2026 18:07,03/04/2026 17:40,Steelworks Gate,Steelworks Gate ,1172,casual,1997,4.60
115895,03/04/2026 18:13,03/04/2026 18:54,Central Station,Harbor East,1201,casual,1992,7.15
115896,03/04/2026 18:36,03/04/2026 18:39,Student Commons,Warehouse Row,1225,member,1976,
115897,03/04/2026 18:45,03/04/2026 18:55,Tannery Yard,Orchard Lane,1268,member,1994,0.00
115898,03/04/2026 18:54,03/04/2026 19:17,Science Quad,Old Town Square,1319,casual,1980,4.45
115899,03/04/2026 18:59,03/04/2026 19:06,City Hall,Observatory Hill,1023,member,1987,0.00
115900,03/04/2026 19:03,03/04/2026 19:08,Westfield Green,Grand & 3rd,1348,member,1976,0.00
115901,03/04/2026 19:11,03/04/2026 19:17,Gasometer Park,Kayak Launch,1083,member,1964,0.00
115902,03/04/2026 19:18,03/04/2026 20:32,Kayak Launch,Kayak Launch,1303,casual,1986,12.25
115903,03/04/2026 19:26,03/04/2026 19:42,Fountain Court,Cobbler's Row,1085,casual,1988,3.40
115904,03/04/2026 19:52,03/04/2026 20:04,Dockside Market,Kayak Launch,1343,Member,2001,0.00
115905,03/04/2026 20:22,03/04/2026 20:41,Seawall Promenade,Merchant Hall,1249,member,1981,0.00
115906,03/04/2026 20:22,03/04/2026 20:48,Kayak Launch,Athletics Center,1137,casual,1994,4.90
115907,03/04/2026 21:25,03/04/2026 21:33,Gasometer Park,Seawall Promenade,1290,casual,1982,2.35
115908,03/04/2026 21:52,03/04/2026 22:04,Central Station,Riverside Walk,1264,member,1981,0.00
115909,03/04/2026 23:56,04/04/2026 00:08,Harbor West,Westfield Green,1327,member,1993,0.00
115910,04/04/2026 02:26,04/04/2026 02:32,Dockside Market,Pier 12,1208,Casual,1970,2.05
115911,04/04/2026 04:20,04/04/2026 04:35,Gasometer Park,Northgate Transit Hub,1158,member,1996,0.00
115912,04/04/2026 07:42,04/04/2026 08:03,Library Mall,Aurora & 40th,1311,casual,1989,4.30
115913,04/04/2026 07:48,04/04/2026 07:57,Dockside Market,Student Commons,1012,MEMBER,1982,0.00
115914,04/04/2026 08:14,04/04/2026 08:34,Athletics Center,Student Commons,1213,casual,1997,4.00
115915,04/04/2026 08:45,04/04/2026 08:59,Athletics Center,Athletics Center,1223,member,1993,0.00
115916,04/04/2026 09:54,04/04/2026 10:21,Library Mall,Central Station,1092,casual,1995,5.05
115917,04/04/2026 10:18,04/04/2026 10:29,Old Town Square,Central Station,1066,casual,1966,2.80
115918,04/04/2026 10:21,04/04/2026 11:02,LIGHTHOUSE POINT,Cedar Park Loop,1327,casual,1900,7.15
115919,04/04/2026 10:28,04/04/2026 10:49,Aurora & 40th,Ferry Meadow,1272,member,1993,0.00
115920,04/04/2026 10:56,04/04/2026 11:09,Opera House,Kayak Launch,1011,member,2006,0.00
115921,04/04/2026 11:05,04/04/2026 11:32,Guildhall Steps,Old Mill Crossing ,1158,casual,2001,5.20
115922,04/04/2026 11:06,04/04/2026 11:17,Marina Green,Marina Green,1142,member,1980,0.00
115923,04/04/2026 11:15,04/04/2026 11:42,Gasometer Park,Gasometer Park,1185,Casual,1982,5.05
115924,04/04/2026 11:16,04/04/2026 11:29,Aurora & 40th,Northgate Mall,1040,member,1982,0.00
115925,04/04/2026 11:26,04/04/2026 12:00,Old Town Square,Dockside Market,1286,member,2001,0.00
115926,04/04/2026 11:47,04/04/2026 11:56,Birchwood Terrace,University Gate,1234,Member,1990,0.00
115927,04/04/2026 12:01,04/04/2026 12:18,Gasometer Park,Gasometer Park,1213,casual,1991,3.70
115928,04/04/2026 12:02,04/04/2026 12:19,Seawall Promenade,Seawall Promenade,1061,casual,1991,3.55
115929,04/04/2026 12:14,04/04/2026 12:32,Central Station,Central Station,1090,member,1969,0.00
115930,04/04/2026 12:33,04/04/2026 12:52,Old Town Square,Old Town Square,1070,casual,1970,4.00
115931,04/04/2026 12:36,04/04/2026 13:00,Maple Grove,Maple Grove,1306,casual,1991,4.60
115932,04/04/2026 13:20,04/04/2026 13:51,Athletics Center,Student Commons,1155,casual,,5.65
115933,04/04/2026 13:31,04/04/2026 13:58,Old Town Square,Central Station,1317,casual,1998,5.20
115934,04/04/2026 13:38,04/04/2026 13:49,Harbor West,Harbor West,1278,casual,1994,2.80
115935,04/04/2026 13:39,04/04/2026 13:46,Old Town Square,University Gate,1157,member,2007,0.00
115936,04/04/2026 13:41,04/04/2026 14:10,Gasometer Park,Gasometer Park,1329,member,1980,0.00
115937,04/04/2026 14:01,04/04/2026 14:20,City Hall,Harbor East,1005,casual,1985,3.85
115938,04/04/2026 14:12,04/04/2026 14:22,Botanic Gardens,Pier 12,1153,casual,1990,2.65
115939,04/04/2026 14:19,04/04/2026 14:45,Gasometer Park,Gasometer Park,1103,casual,1972,5.05
115940,04/04/2026 14:35,04/04/2026 15:13,Aurora & 22nd,Cobbler's Row,1303,Casual,1996,6.70
115941,04/04/2026 15:14,04/04/2026 15:24,Gasometer Park,Birchwood Terrace,1201,casual,1990,2.65
115942,04/04/2026 15:14,04/04/2026 15:24,City Hall,Observatory Hill,1328,member,1991,0.00
115943,04/04/2026 15:36,04/04/2026 16:04,Cedar Park Loop,Fountain Court,1067,casual,1990,5.20
115944,04/04/2026 15:58,04/04/2026 16:17,Gasometer Park,Union Plaza,1231,member,1978,0.00
115945,04/04/2026 16:21,04/04/2026 16:29,Gasometer Park,Old Town Square,1175,member,1993,0.00
115946,04/04/2026 16:28,04/04/2026 17:13,Northgate Transit Hub,City Hall,1028,casual,1968,7.75
115947,04/04/2026 16:31,04/04/2026 16:36,Cedar Park Loop,Gasometer Park,1045,member,1971,0.00
115948,04/04/2026 16:33,04/04/2026 17:04,Central Station,Central Station,1206,casual,1981,5.80
115949,04/04/2026 16:34,04/04/2026 16:40,Meridian Tower,Warehouse Row,1201,member,1970,0.00
115950,04/04/2026 16:38,04/04/2026 16:44,Botanic Gardens,Kayak Launch,1299,member,1976,0.00
115951,04/04/2026 17:19,04/04/2026 17:28,University Gate,Steelworks Gate,1069,Casual,1977,2.35
115952,04/04/2026 17:49,04/04/2026 18:02,Gasometer Park,Old Town Square,1266,casual,1972,2.95
115953,04/04/2026 18:03,04/04/2026 18:30,Northgate Transit Hub,Westfield Green,1273,casual,1984,5.20
115954,04/04/2026 18:46,04/04/2026 18:55,Sunset Boulevard,Sunset Boulevard,1151,member,1986,0.00
115955,04/04/2026 19:05,04/04/2026 19:15,Grand & 9th,Grand & 9th,1149,member,2000,0.00
115956,04/04/2026 19:33,04/04/2026 19:51,Marina Green,Opera House,1284,casual,1996,3.70
115957,04/04/2026 19:36,04/04/2026 19:52,Sunset Boulevard,Old Town Square,1319,member,1993,0.00
115958,04/04/2026 20:42,04/04/2026 20:45,Opera House,Seawall Promenade,1163,member,1991,0.00
115959,04/04/2026 20:48,04/04/2026 20:56,Marina Green,Willow Bend,1153,Casual,1963,2.20
115960,05/04/2026 06:30,05/04/2026 06:50,Riverside Walk,Steelworks Gate,1260,casual,1994,4.00
115961,05/04/2026 07:29,05/04/2026 08:49,Merchant Hall,Westfield Green,1002,casual,1976,13.15
115962,05/04/2026 07:52,05/04/2026 08:00,Grand & 9th,Science Quad,1293,member,1970,0.00
115963,05/04/2026 09:00,05/04/2026 12:00,Gasometer Park,Gasometer Park,1046,Casual,1996,28.00
115964,05/04/2026 11:32,05/04/2026 11:42,University Gate,University Gate,1298,member,2000,0.00
115965,05/04/2026 12:04,05/04/2026 12:13,Athletics Center,Summit Ridge,1236,member,2004,0.00
115966,05/04/2026 12:32,05/04/2026 12:47,University Gate,Opera House,1216,casual,1994,3.25
115967,05/04/2026 12:39,05/04/2026 12:59,Student Commons,Cedar Park Loop,1213,member,2001,0.00
115968,05/04/2026 12:53,05/04/2026 13:14,Riverside Walk,EXCHANGE STREET,1278,casual,1994,4.15
115969,05/04/2026 13:43,05/04/2026 13:49,Harbor East,University Gate,1295,Member,2003,0.00
115970,05/04/2026 15:26,05/04/2026 15:35,Student Commons,Central Station,1252,member,1971,0.00
115971,05/04/2026 16:44,05/04/2026 16:55,Westfield Green,Old Town Square,1306,member,1981,0.00
115972,05/04/2026 17:20,05/04/2026 17:43,Athletics Center,University Gate,1350,member,1985,0.00
115973,05/04/2026 18:00,05/04/2026 18:52,Gasometer Park,Lighthouse Point,1202,casual,1999,8.95
115974,05/04/2026 20:24,05/04/2026 20:43,Summit Ridge,Weaver Street,1343,member,1976,0.00
115975,05/04/2026 21:14,05/04/2026 21:21,University Gate,Cobbler's Row,1174,Member,1987,0.00
115976,06/04/2026 01:44,06/04/2026 01:50,Gasometer Park,University Gate,1175,member,1965,0.00
115977,06/04/2026 06:20,06/04/2026 06:32,Tannery Yard,Library Mall,1279,member,1994,0.00
115978,06/04/2026 06:40,06/04/2026 07:02,Tannery Yard,Cobbler's Row,1334,member,1990,0.00
115979,06/04/2026 06:48,06/04/2026 06:54,Merchant Hall,Merchant Hall,1216,member,1997,0.00
115980,06/04/2026 07:31,06/04/2026 07:42,Grand & 3rd,Old Town Square,1119,Casual,1973,2.80
115981,06/04/2026 07:35,06/04/2026 07:52,Student Commons,Student Commons,1012,MEMBER,1982,0.00
115982,06/04/2026 07:49,06/04/2026 08:39,Cedar Park Loop,Central Station,1025,casual,1965,8.50
115983,06/04/2026 08:14,06/04/2026 08:28,Westfield Green,City Hall,1158,member,1997,0.00
115984,06/04/2026 08:18,06/04/2026 08:34,Summit Ridge,Summit Ridge,1025,casual,1992,3.40
115985,06/04/2026 09:22,06/04/2026 09:35,Science Quad,Maple Grove,1268,member,1978,0.00
115986,06/04/2026 09:53,06/04/2026 10:12,Old Town Square,Marina Green,1285,member,1968,0.00
115987,06/04/2026 10:29,06/04/2026 10:45,Gasometer Park,Pier 12,1144,member,2002,0.00
115988,06/04/2026 10:55,06/04/2026 11:28,Fountain Court,Fountain Court,1235,casual,1995,5.95
115989,06/04/2026 11:05,06/04/2026 11:29,Harbor East,Cobbler's Row,1225,member,1986,0.00
115990,06/04/2026 11:25,06/04/2026 11:40,Dockside Market,Central Station,1305,member,1964,0.00
115991,06/04/2026 11:51,06/04/2026 12:00,Summit Ridge,Student Commons,1345,member,1993,0.00
115992,06/04/2026 12:18,06/04/2026 12:28,Harbor East,Old Town Square,1284,member,1991,0.00
115993,06/04/2026 12:19,06/04/2026 12:40,Grand & 3rd,University Gate,1148,casual,1974,4.15
115994,06/04/2026 13:14,06/04/2026 13:17,Harbor East,Old Town Square,1074,member,1988,0.00
115995,06/04/2026 13:53,06/04/2026 14:17,Gasometer Park,Gasometer Park,1055,member,,0.00
115996,06/04/2026 14:11,06/04/2026 14:26,Seawall Promenade,Union Plaza ,1312,member,1987,0.00
115997,06/04/2026 15:20,06/04/2026 15:35,Student Commons,Athletics Center,1047,member,2002,0.00
115998,06/04/2026 15:29,06/04/2026 15:57,Sunset Boulevard,Warehouse Row,1288,Casual,1996,5.20
115999,06/04/2026 15:31,06/04/2026 16:01,Gasometer Park,Observatory Hill,1101,casual,1980,5.65
116000,06/04/2026 15:34,06/04/2026 16:05,Science Quad,Gasometer Park,1188,casual,2000,5.65
116001,06/04/2026 15:49,06/04/2026 16:02,Opera House,Riverside Walk,1048,member,1972,0.00
116002,06/04/2026 15:50,06/04/2026 16:02,Meridian Tower,Steelworks Gate,1174,casual,1956,2.95
116003,06/04/2026 15:58,06/04/2026 16:03,Westfield Green,Dockside Market,1315,casual,1990,1.90
116004,06/04/2026 16:01,06/04/2026 16:32,Central Station,Central Station,1192,Member,1987,0.00
116005,06/04/2026 16:10,06/04/2026 16:26,Gasometer Park,Grand & 9th,1047,casual,1985,3.55
116006,06/04/2026 16:12,06/04/2026 16:23,Pier 12,Pier 12,1158,casual,1993,2.65
116007,06/04/2026 16:19,06/04/2026 16:27,Athletics Center,Athletics Center,1293,member,2001,0.00
116008,06/04/2026 16:33,06/04/2026 16:43,Riverside Walk,Old Town Square,1278,casual,1990,2.65
116009,06/04/2026 16:51,06/04/2026 17:11,Northgate Mall,Northgate Mall,1078,casual,1986,4.00
116010,06/04/2026 17:19,06/04/2026 17:47,Kayak Launch,Kayak Launch,1256,Casual,1995,5.20
116011,06/04/2026 17:23,06/04/2026 17:37,Central Station,Riverside Walk,1350,casual,,3.25
116012,06/04/2026 17:47,06/04/2026 18:03,Tannery Yard,Riverside Walk,1337,casual,1994,3.55
116013,06/04/2026 18:10,06/04/2026 18:23,Dockside Market,Harbor West,1311,member,1981,0.00
116014,06/04/2026 18:54,06/04/2026 19:03,Central Station,Westfield Green,1168,member,1979,0.00
116015,06/04/2026 19:33,06/04/2026 19:48,Student Commons,Maple Grove,1213,member,2000,0.00
116016,06/04/2026 20:25,06/04/2026 20:32,Old Town Square,Kayak Launch,1255,member,1983,0.00
116017,06/04/2026 20:59,06/04/2026 21:17,Athletics Center,Gasometer Park,1005,member,1971,0.00
116018,06/04/2026 22:52,06/04/2026 23:04,Northgate Mall,Sunset Boulevard,1128,member,1987,0.00
116019,06/04/2026 23:10,06/04/2026 23:33,Riverside Walk,Exchange Street,1013,casual,1991,4.45
116020,06/04/2026 23:25,06/04/2026 23:58,Lighthouse Point,Lighthouse Point,1125,casual,1978,6.10
116021,07/04/2026 01:38,07/04/2026 01:45,University Gate,Seawall Promenade,1190,member,1985,0.00
116022,07/04/2026 07:00,07/04/2026 07:20,Old Mill Crossing,Floodgate Road,1327,casual,2003,4.00
116023,07/04/2026 07:11,07/04/2026 07:32,Aurora & 22nd,Aurora & 22nd,1130,casual,1967,4.30
116024,07/04/2026 07:13,07/04/2026 07:26,Harbor West,Grand & 3rd ,1307,member,1977,0.00
116025,07/04/2026 07:19,07/04/2026 07:27,Student Commons,Old Town Square,1344,member,1996,0.00
116026,07/04/2026 07:27,07/04/2026 07:36,Pier 12, Guildhall Steps,1247,casual,1975,2.35
116027,07/04/2026 07:45,07/04/2026 07:55,Old Mill Crossing,Old Mill Crossing,1197,member,1969,
116028,07/04/2026 07:46,07/04/2026 08:15,City Hall,Central Station,1281,casual,1986,5.35
116029,07/04/2026 07:49,07/04/2026 07:59,Cobbler's Row,Northgate Transit Hub,1221,member,1991,0.00
116030,07/04/2026 07:54,07/04/2026 08:01,Old Mill Crossing,Old Town Square,1268,member,1975,0.00
116031,07/04/2026 08:14,07/04/2026 08:22,Sunset Boulevard,Sunset Boulevard,1209,member,1963,0.00
116032,07/04/2026 08:19,07/04/2026 08:25,Central Station,Merchant Hall,1150,Member,1980,0.00
116033,07/04/2026 08:30,07/04/2026 08:46,Old Mill Crossing,Opera House,1312,casual,1988,3.40
116034,07/04/2026 08:34,07/04/2026 08:53,Pier 12,Opera House,1315,member,1990,0.00
116035,07/04/2026 08:45,07/04/2026 09:12,Aurora & 22nd,Science Quad,1207,casual,1998,5.05
116036,07/04/2026 08:46,07/04/2026 08:54,Seawall Promenade,Observatory Hill,1163,casual,1978,2.35
116037,07/04/2026 09:14,07/04/2026 09:52,Dockside Market,HARBOR WEST,1213,casual,1990,6.85
116038,07/04/2026 09:29,07/04/2026 09:43,Summit Ridge,Opera House,1010,member,1979,0.00
116039,07/04/2026 09:41,07/04/2026 09:54,Old Mill Crossing,Old Mill Crossing,1297,casual,1992,2.95
116040,07/04/2026 09:48,07/04/2026 10:22,Central Station,Birchwood Terrace,1333,casual,1983,6.25
116041,07/04/2026 09:52,07/04/2026 10:13,Westfield Green,Grand & 3rd,1212,member,1971,0.00
116042,07/04/2026 10:04,07/04/2026 10:30,Lighthouse Point,Lighthouse Point,1215,member,1990,0.00
116043,07/04/2026 11:04,07/04/2026 11:58,Kayak Launch,Kayak Launch,1262,casual,1983,9.25
116044,07/04/2026 12:35,07/04/2026 12:51,Aurora & 22nd,Old Mill Crossing,1329,Member,1987,0.00
116045,07/04/2026 12:44,07/04/2026 12:53,Athletics Center,Botanic Gardens,1240,member,2006,0.00
116046,07/04/2026 12:50,07/04/2026 13:08,Kayak Launch,Gasometer Park,1144,member,1962,0.00
116047,07/04/2026 12:58,07/04/2026 14:28,Kayak Launch,Kayak Launch,1042,casual,1978,14.65
116048,07/04/2026 13:09,07/04/2026 13:36,Riverside Walk,Old Mill Crossing,1003,Casual,1980,5.05
116049,07/04/2026 13:19,07/04/2026 14:17,Guildhall Steps,Guildhall Steps,1100,casual,1982,9.70
116050,07/04/2026 13:19,07/04/2026 13:37,Student Commons,Maple Grove,1144,MEMBER,1991,0.00
116051,07/04/2026 13:29,07/04/2026 13:51,Old Town Square,Old Town Square,1280,Casual,1973,4.30
116052,07/04/2026 13:46,07/04/2026 13:58,Gasometer Park,Kayak Launch,1206,member,1960,0.00
116053,07/04/2026 13:48,07/04/2026 14:10,Sunset Boulevard,Athletics Center,1063,casual,2000,4.45
116054,07/04/2026 13:56,07/04/2026 14:20,Cobbler's Row,Lighthouse Point,1162,casual,1977,4.60
116055,07/04/2026 14:00,07/04/2026 14:16,Old Town Square,Botanic Gardens,1209,member,1996,0.00
116056,07/04/2026 14:14,07/04/2026 14:31,Heron Park,City Hall,1052,member,1985,0.00
116057,07/04/2026 14:19,07/04/2026 15:08,Harbor East,Aurora & 22nd,1137,casual,1978,8.35
116058,07/04/2026 14:20,07/04/2026 14:35,Old Town Square,Science Quad,1146,member,1986,0.00
116059,07/04/2026 14:27,07/04/2026 15:03,Central Station,Heron Park,1024,Casual,1980,6.40
116060,07/04/2026 14:29,07/04/2026 14:53,Old Town Square,Harbor East,1017,Casual,2000,4.75
116061,07/04/2026 14:46,07/04/2026 14:59,Old Town Square,Old Town Square,1306,member,1987,0.00
116062,07/04/2026 14:50,07/04/2026 15:11,Aurora & 40th,Ferry Meadow,1328,member,2001,0.00
116063,07/04/2026 15:25,07/04/2026 15:31,Old Town Square,Fountain Court,1233,member,1957,0.00
116064,07/04/2026 15:35,07/04/2026 15:50,Kayak Launch,Kayak Launch,1123,casual,1971,3.40
116065,07/04/2026 15:40,07/04/2026 15:47,Maple Grove,Northgate Mall,1144,member,1976,0.00
116066,07/04/2026 15:49,07/04/2026 15:56,Westfield Green,Botanic Gardens,1233,member,1959,0.00
116067,07/04/2026 16:12,07/04/2026 16:29,Harbor West,Harbor West,1273,member,1987,0.00
116068,07/04/2026 16:15,07/04/2026 16:55,Central Station,Aurora & 22nd,1252,Casual,1993,7.15
116069,07/04/2026 17:11,07/04/2026 17:29,Riverside Walk,Exchange Street,1048,casual,1983,3.70
116070,07/04/2026 17:23,07/04/2026 17:33,Science Quad,Birchwood Terrace,1028,member,1990,0.00
116071,07/04/2026 17:24,07/04/2026 18:04,Union Plaza,Observatory Hill,1016,Casual,1997,7.15
116072,07/04/2026 17:26,07/04/2026 17:37,Old Town Square,Observatory Hill,1133,member,1985,0.00
116073,07/04/2026 17:44,07/04/2026 18:00,Summit Ridge,Exchange Street,1242,casual,1981,3.55
116074,07/04/2026 17:44,07/04/2026 17:54,University Gate,Dockside Market,1024,member,1969,0.00
116075,07/04/2026 18:27,07/04/2026 18:33,Aurora & 40th,Poplar Circle,1243,Member,1982,0.00
116076,07/04/2026 18:35,07/04/2026 18:58,Opera House,Tannery Yard,1193,member,1990,0.00
116076,07/04/2026 18:35,07/04/2026 18:58,Opera House,Tannery Yard,1193,member,1990,0.00
116077,07/04/2026 18:39,07/04/2026 18:55,Steelworks Gate,Athletics Center,1324,member,1993,0.00
116078,07/04/2026 18:45,07/04/2026 18:54,Northgate Transit Hub,City Hall,1266,member,1972,
116079,07/04/2026 19:27,07/04/2026 19:46,Aurora & 22nd,Old Mill Crossing,1034,member,1991,0.00
116080,07/04/2026 19:33,07/04/2026 19:54,Cedar Park Loop,Old Town Square,1122,casual,,4.15
116081,07/04/2026 19:34,07/04/2026 20:27,Northgate Transit Hub,city hall,1264,member,,0.80
116082,07/04/2026 21:37,07/04/2026 21:47,Opera House,Opera House,1094,Member,1978,0.00
116083,07/04/2026 22:37,07/04/2026 22:59,Student Commons,Library Mall,1327,casual,1967,4.30
116084,07/04/2026 22:48,07/04/2026 22:54,Northgate Mall,Heron Park,1254,member,1991,0.00
116085,07/04/2026 23:00,08/04/2026 00:42,Old Town Square,Fountain Court,1314,casual,1986,16.30
116086,07/04/2026 23:51,07/04/2026 23:57,OLD TOWN SQUARE,Old Town Square,1079,Member,2000,0.00
116087,08/04/2026 06:45,08/04/2026 06:52,Observatory Hill ,Observatory Hill ,1051,member,1974,0.00
116088,08/04/2026 07:05,08/04/2026 07:27,City Hall,Harbor East,1089,casual,1991,4.30
116089,08/04/2026 07:07,08/04/2026 07:17,Old Mill Crossing,Old Mill Crossing,1002,member,1979,0.00
116090,08/04/2026 07:32,08/04/2026 08:09,Meridian Tower,Summit Ridge,1250,casual,1965,6.70
116091,08/04/2026 08:38,08/04/2026 08:46,Old Town Square,Central Station,1116,member,1986,0.00
116092,08/04/2026 08:50,08/04/2026 09:15,Cedar Park Loop,Tramline Depot,1324,Member,1975,0.00
116093,08/04/2026 08:52,08/04/2026 09:03,Exchange Street,Cedar Park Loop,1259,member,1993,0.00
116094,08/04/2026 09:39,08/04/2026 11:44,Old Mill Crossing,Old Mill Crossing,1204,casual,2001,19.75
116095,08/04/2026 10:16,08/04/2026 10:28,Old Mill Crossing,Pier 12,1284,member,1999,0.00
116096,08/04/2026 11:08,08/04/2026 11:17,Science Quad,City Hall,1066,member,1984,0.00
116097,08/04/2026 12:40,08/04/2026 12:49,Central Station,Central Station,1001,casual,1976,2.35
116098,08/04/2026 12:43,08/04/2026 12:50,Birchwood Terrace,King's Cross Lane,1292,member,1994,0.00
116099,08/04/2026 13:33,08/04/2026 14:12,Tannery Yard,Tannery Yard,1273,casual,1993,7.00
116100,08/04/2026 13:56,08/04/2026 14:06,Aurora & 40th,University Gate,1110,member,1975,0.00
116101,08/04/2026 14:05,08/04/2026 14:14,Old Town Square,Kayak Launch,1226,member,1988,0.00
116102,08/04/2026 14:05,08/04/2026 14:46,University Gate,KAYAK LAUNCH,1154,casual,1970,7.15
116103,08/04/2026 14:25,08/04/2026 14:29,Cobbler's Row,Cobbler's Row,1011,member,1989,0.00
116104,08/04/2026 15:38,08/04/2026 15:43,cedar park loop,Cedar Park Loop,1120,member,1976,0.00
116105,08/04/2026 16:15,08/04/2026 17:04,Gasometer Park,Botanic Gardens,1204,casual,1971,8.50
116106,08/04/2026 16:35,08/04/2026 16:46,Cathedral Gate,Central Station,1136,member,1969,0.00
116107,08/04/2026 16:44,08/04/2026 17:56,Old Town Square,Cathedral Gate,1325,casual,1993,11.95
116108,08/04/2026 17:15,08/04/2026 17:29,Floodgate Road,Old Town Square,1277,Member,1987,0.00
116109,08/04/2026 17:36,08/04/2026 17:45,Northgate Transit Hub,Harbor West,1101,member,1988,0.00
116110,08/04/2026 17:44,08/04/2026 17:56,Student Commons,Student Commons,1268,member,1991,0.00
116111,08/04/2026 17:53,08/04/2026 18:03,Riverside Walk,OLD TOWN SQUARE,1311,member,1967,0.00
116112,08/04/2026 17:57,08/04/2026 18:23,Kayak Launch,Sunset Boulevard,1222,casual,,4.90
116113,08/04/2026 18:01,08/04/2026 18:25,Clocktower Plaza,Athletics Center,1242,casual,2006,4.60
116114,08/04/2026 18:07,08/04/2026 18:24,Aurora & 22nd,Student Commons,1120,member,1981,0.00
116115,08/04/2026 18:22,08/04/2026 18:28,Kayak Launch,Kayak Launch,1152,member,1998,0.00
116116,08/04/2026 18:30,08/04/2026 17:54,Maple Grove,cedar park loop,1325,casual,1976,7.00
116117,08/04/2026 18:48,08/04/2026 19:02,Aurora & 22nd,Foundry District,1130,member,1974,0.00
116118,08/04/2026 18:48,08/04/2026 19:13,University Gate,University Gate,1278,member,1975,0.00
116119,08/04/2026 18:53,08/04/2026 19:01,Kayak Launch,Summit Ridge,1208,member,1994,0.00
116120,08/04/2026 18:58,08/04/2026 18:31,City Hall,Harbor West,1157,casual,1967,5.50
116121,08/04/2026 19:04,08/04/2026 19:22,Grand & 3rd,Grand & 3rd,1103,casual,1974,3.85
116122,08/04/2026 19:12,08/04/2026 19:18,Old Town Square,University Gate,1348,Member,1979,0.00
116123,08/04/2026 19:23,08/04/2026 19:34,Steelworks Gate,Observatory Hill,1279,casual,1986,2.65
116124,08/04/2026 19:27,08/04/2026 19:51,Northgate Transit Hub,Warehouse Row,1310,casual,1992,4.75
116125,08/04/2026 19:43,08/04/2026 19:52,Foundry District,Weaver Street,1003,casual,1981,2.50
116126,08/04/2026 19:45,08/04/2026 20:03,Old Town Square,Heron Park,1238,Casual,1993,3.85
116127,08/04/2026 19:56,08/04/2026 20:19,Gasometer Park,Gasometer Park,1154,member,1988,0.00
116128,08/04/2026 21:27,08/04/2026 21:35,Old Mill Crossing,Seawall Promenade,1101,member,1999,0.00
116129,08/04/2026 21:49,08/04/2026 22:00,Student Commons,Gasometer Park,1299,casual,1975,2.80
116130,09/04/2026 05:00,09/04/2026 05:27,Gasometer Park,Gasometer Park,1038,Member,1987,
116131,09/04/2026 05:01,09/04/2026 05:10,Gasometer Park,Harbor East,1264,member,1972,0.00
116132,09/04/2026 05:08,09/04/2026 05:41,Campus North,Campus North,1235,casual,1980,5.95
116133,09/04/2026 05:20,09/04/2026 05:38,Summit Ridge,Fountain Court,1338,casual,1977,3.70
116134,09/04/2026 05:25,09/04/2026 05:34,Athletics Center,Cobbler's Row,1177,member,1984,0.00
116135,09/04/2026 06:20,09/04/2026 06:45,Gasometer Park,Poplar Circle ,1044,member,1995,0.00
116136,09/04/2026 06:58,09/04/2026 07:08,Tramline Depot,Exchange Street,1236,Member,1999,0.00
116137,09/04/2026 07:07,09/04/2026 07:32,Warehouse Row,Warehouse Row,1157,member,1985,0.00
116138,09/04/2026 08:01,09/04/2026 08:18,Opera House,Aurora & 22nd,1038,member,1995,0.00
116139,09/04/2026 08:51,09/04/2026 09:05,Student Commons,Poplar Circle,1077,member,1988,0.00
116140,09/04/2026 08:54,09/04/2026 09:09,Seawall Promenade,Campus North,1093,member,1996,0.00
116141,09/04/2026 08:55,09/04/2026 09:43,Cobbler's Row,Cobbler's Row,1106,casual,,8.35
116142,09/04/2026 09:19,09/04/2026 09:40,Opera House,Pier 12,1347,member,1992,0.00
116143,09/04/2026 10:05,09/04/2026 10:13,Northgate Mall,Northgate Mall,1209,casual,1985,2.20
116144,09/04/2026 10:30,09/04/2026 10:36,Pier 12,Observatory Hill,1024,member,1985,0.00
116145,09/04/2026 10:42,09/04/2026 10:51,Old Town Square,Old Town Square,1328,member,1982,0.00
116146,09/04/2026 11:38,09/04/2026 11:42,Riverside Walk,Exchange Street,1267,member,1989,
116147,09/04/2026 12:02,09/04/2026 12:10,City Hall,Central Station,1208,Member,2000,0.00
116148,09/04/2026 12:29,09/04/2026 12:51,Science Quad,Ferry Meadow,1018,casual,1992,4.45
116149,09/04/2026 12:45,09/04/2026 13:05,Gasometer Park,Gasometer Park,1193,casual,1992,4.15
116150,09/04/2026 12:59,09/04/2026 13:13,Seawall Promenade,Seawall Promenade,1233,member,1991,0.00
116151,09/04/2026 13:15,09/04/2026 13:41,Kayak Launch,Kayak Launch,1048,casual,1978,5.05
116152,09/04/2026 14:01,09/04/2026 14:24,Observatory Hill,Student Commons,1016,member,1985,0.00
116153,09/04/2026 14:04,09/04/2026 14:31,Harbor East,Old Town Square,1233,member,1987,0.00
116154,09/04/2026 14:13,09/04/2026 14:18,Old Mill Crossing,Student Commons,1185,member,1993,0.00
116155,09/04/2026 14:17,09/04/2026 14:32,Gasometer Park,opera house,1297,casual,1996,3.40
116155,09/04/2026 14:17,09/04/2026 14:32,Gasometer Park,opera house,1297,casual,1996,3.40
116156,09/04/2026 15:02,09/04/2026 15:09,Student Commons,Kayak Launch,1083,member,1959,0.00
116157,09/04/2026 16:04,09/04/2026 16:16,Steelworks Gate,Gasometer Park,1033,Member,1957,0.00
116158,09/04/2026 16:17,09/04/2026 16:27,Old Town Square,Merchant Hall,1011,Member,2002,0.00
116159,09/04/2026 16:36,09/04/2026 17:00,Meridian Tower,Northgate Mall,1177,casual,1977,4.60
116160,09/04/2026 16:40,09/04/2026 17:09,Gasometer Park,Poplar Circle,1030,casual,1981,5.35
116161,09/04/2026 16:41,09/04/2026 16:54,Cobbler's Row,Cobbler's Row,1108,Member,1970,0.00
116162,09/04/2026 17:00,09/04/2026 17:16,Science Quad,Aurora & 22nd,1134,member,1972,0.00
116163,09/04/2026 17:12,09/04/2026 17:23,University Gate,University Gate ,1171,casual,1996,2.65
116164,09/04/2026 17:12,09/04/2026 17:21,Kayak Launch,Observatory Hill,1215,casual,,2.35
116165,09/04/2026 17:35,09/04/2026 17:43,Steelworks Gate,Hillcrest Point,1293,member,1989,0.00
116166,09/04/2026 17:47,09/04/2026 17:56,Foundry District,Warehouse Row,1204,MEMBER,1983,0.00
116166,09/04/2026 17:47,09/04/2026 17:56,Foundry District,Warehouse Row,1204,MEMBER,1983,0.00
116167,09/04/2026 18:13,09/04/2026 18:22,Foundry District,Foundry District,1192,Member,1990,0.00
116168,09/04/2026 18:13,09/04/2026 18:22,Central Station,Riverside Walk,1297,MEMBER,1982,0.00
116169,09/04/2026 18:35,09/04/2026 19:00,Athletics Center,union plaza,1208,casual,1995,4.75
116170,09/04/2026 18:51,09/04/2026 19:42,Marina Green,Aurora & 40th,1087,casual,1991,8.80
116171,09/04/2026 18:54,09/04/2026 19:07,King's Cross Lane,Northgate Transit Hub,1308,member,1985,0.00
116172,09/04/2026 19:02,09/04/2026 19:22,Riverside Walk,Exchange Street,1311,casual,1989,4.15
116173,09/04/2026 19:06,09/04/2026 19:16,Harbor West,Gasometer Park,1002,member,1997,0.00
116174,09/04/2026 19:18,09/04/2026 19:21,Central Station,Sunset Boulevard,1164,member,1990,0.00
116175,09/04/2026 19:27,09/04/2026 19:40,City Hall,Rosemont & 5th,1246,Member,1982,0.00
116176,09/04/2026 20:11,09/04/2026 20:24,University Gate,Old Town Square,1219,member,2000,0.00
116177,09/04/2026 20:48,09/04/2026 21:19,Tramline Depot,Tramline Depot,1195,member,1993,0.00
116178,09/04/2026 20:56,09/04/2026 21:10,Pier 12,Pier 12,1279,Casual,1987,3.10
116179,09/04/2026 22:44,09/04/2026 22:59,Athletics Center,City Hall,1328,member,1994,0.00
116180,09/04/2026 23:08,09/04/2026 23:20,Northgate Transit Hub,Floodgate Road,1116,member,1989,0.00
116181,09/04/2026 23:18,09/04/2026 23:32,Heron Park,Heron Park ,1072,casual,1991,3.10
116182,10/04/2026 00:48,10/04/2026 01:06,Poplar Circle,Poplar Circle,1057,member,1991,0.00
116183,10/04/2026 07:12,10/04/2026 07:22,City Hall,Lighthouse Point,1132,member,1975,0.00
116184,10/04/2026 07:12,10/04/2026 07:42,Botanic Gardens,Botanic Gardens,1194,casual,1987,5.50
116185,10/04/2026 07:21,10/04/2026 07:35,Old Town Square,Cedar Park Loop,1177,member,1976,0.00
116186,10/04/2026 07:48,10/04/2026 07:53,Pier 12,Pier 12,1101,casual,1979,1.75
116187,10/04/2026 08:04,10/04/2026 08:19,Riverside Walk,University Gate,1262,casual,1982,3.40
116188,10/04/2026 08:08,10/04/2026 08:10,Guildhall Steps,Guildhall Steps,1161,casual,1987,1.45
116189,10/04/2026 08:26,10/04/2026 08:30,Meridian Tower,Old Town Square,1080,member,1972,0.00
116190,10/04/2026 08:47,10/04/2026 08:59,Kayak Launch,KAYAK LAUNCH,1184,Member,1994,0.00
116191,10/04/2026 09:57,10/04/2026 10:20,Old Town Square,Northgate Mall,1308,member,1977,0.00
116192,10/04/2026 10:25,10/04/2026 10:35,Marina Green,Botanic Gardens,1261,member,2000,0.00
116193,10/04/2026 10:28,10/04/2026 11:26,University Gate,University Gate,1086,casual,1980,9.85
116194,10/04/2026 11:00,10/04/2026 11:13,University Gate,University Gate,1251,casual,1988,3.10
116195,10/04/2026 11:02,10/04/2026 11:14,Cedar Park Loop,Old Mill Crossing,1126,member,1989,0.00
116196,10/04/2026 11:51,10/04/2026 12:01,Harbor East,Sunset Boulevard,1131,Member,1986,0.00
116197,10/04/2026 12:00,10/04/2026 12:27,University Gate,Cedar Park Loop,1298,casual,1985,5.20
116198,10/04/2026 12:04,10/04/2026 12:30,Tramline Depot,Tramline Depot,1049,Casual,1974,4.90
116199,10/04/2026 13:08,10/04/2026 13:14,Athletics Center,Cedar Park Loop,1044,Casual,1993,1.90
116200,10/04/2026 13:14,10/04/2026 13:26,Fountain Court,Student Commons,1107,casual,1987,2.80
116201,10/04/2026 13:25,10/04/2026 13:31,Gasometer Park,Northgate Mall,1256,Member,1993,0.00
116202,10/04/2026 13:50,10/04/2026 14:07,Old Town Square,Maple Grove,1154,member,1991,0.00
116203,10/04/2026 14:00,10/04/2026 14:15,City Hall,University Gate,1206,member,1972,0.00
116204,10/04/2026 15:04,10/04/2026 15:46,Gasometer Park,Summit Ridge,1192,casual,1978,7.45
116205,10/04/2026 15:13,10/04/2026 15:25,Cobbler's Row,Cobbler's Row,1127,member,1966,0.00
116206,10/04/2026 15:14,10/04/2026 15:32,Pier 12,Pier 12,1184,member,1986,0.00
116207,10/04/2026 15:21,10/04/2026 15:54,University Gate,Kayak Launch,1289,member,1980,0.00
116208,10/04/2026 15:40,10/04/2026 16:03,Old Mill Crossing,Old Mill Crossing,1314,member,1971,0.00
116209,10/04/2026 16:28,10/04/2026 17:14,Willow Bend,Old Town Square,1328,casual,1975,7.90
116210,10/04/2026 16:32,10/04/2026 16:48,Kayak Launch,Riverside Walk,1287,member,1988,0.00
116211,10/04/2026 16:36,10/04/2026 16:56,Riverside Walk,Ferry Meadow,1047,casual,1998,4.00
116212,10/04/2026 16:40,10/04/2026 16:45,Northgate Transit Hub,City Hall,1225,member,1986,0.00
116213,10/04/2026 16:42,10/04/2026 16:56,Northgate Transit Hub,Student Commons,1024,member,1989,0.00
116214,10/04/2026 16:50,10/04/2026 17:39,Pier 12,Northgate Mall,1208,casual,2001,8.35
116215,10/04/2026 17:03,10/04/2026 17:29,Northgate Mall,Student Commons,1220,casual,1992,5.05
116216,10/04/2026 17:10,10/04/2026 17:15,Central Station,Central Station,1312,member,2000,0.00
116217,10/04/2026 17:15,10/04/2026 17:42,City Hall,Old Town Square,1345,member,1980,0.00
116218,10/04/2026 17:35,10/04/2026 17:59,Central Station,Cedar Park Loop,1004,casual,1973,4.75
116219,10/04/2026 17:43,10/04/2026 17:55,Central Station,Northgate Mall,1108,member,1998,0.00
116220,10/04/2026 17:52,10/04/2026 18:01,Northgate Transit Hub,City Hall,1113,casual,1968,2.50
116221,10/04/2026 17:52,10/04/2026 18:41,Library Mall,University Gate,1116,Casual,1973,8.35
116222,10/04/2026 17:55,10/04/2026 18:38,Northgate Transit Hub,City Hall,1195,Casual,1990,7.60
116223,10/04/2026 17:57,10/04/2026 18:25,Student Commons,Campus North,1247,casual,1989,5.20
116223,10/04/2026 17:57,10/04/2026 18:25,Student Commons,Campus North,1247,casual,1989,5.20
116224,10/04/2026 18:02,10/04/2026 18:09,Old Town Square,Old Town Square,1031,member,1968,0.00
116225,10/04/2026 18:35,10/04/2026 18:47,Student Commons,Northgate Transit Hub,1347,casual,2002,2.95
116226,10/04/2026 18:54,10/04/2026 19:19,Meridian Tower,Fountain Court,1012,Casual,,4.90
116227,10/04/2026 18:56,10/04/2026 19:33,Cedar Park Loop,Dockside Market,1085,casual,1983,6.70
116228,10/04/2026 19:04,10/04/2026 19:14,Dockside Market,Northgate Transit Hub,1126,casual,1977,2.50
116229,10/04/2026 19:07,10/04/2026 19:29,Harbor East,Gasometer Park,1306,member,1983,0.00
116230,10/04/2026 19:23,10/04/2026 19:41,Sunset Boulevard,Student Commons,1235,member,1979,0.00
116231,10/04/2026 19:40,10/04/2026 19:50,Athletics Center,Opera House,1184,MEMBER,1980,0.00
116232,10/04/2026 19:54,10/04/2026 20:05,Riverside Walk,Student Commons,1013,Casual,1972,2.80
116233,10/04/2026 19:59,10/04/2026 20:05,Summit Ridge,Cedar Park Loop,1345,member,,0.00
116234,10/04/2026 21:25,10/04/2026 21:43,Cobbler's Row,Cobbler's Row,1055,member,1994,0.00
116235,10/04/2026 21:34,10/04/2026 21:56,Athletics Center,Student Commons,1307,member,1972,0.00
116236,10/04/2026 21:34,10/04/2026 21:50,Foundry District,Athletics Center,1311,casual,1979,3.55
116237,11/04/2026 01:02,11/04/2026 01:10,Summit Ridge,Summit Ridge,1034,Member,1964,0.00
116238,11/04/2026 05:47,11/04/2026 06:08,Cobbler's Row,Cobbler's Row,1160,casual,1992,4.30
116239,11/04/2026 07:55,11/04/2026 08:10,Pier 12,Pier 12,1266,casual,1987,3.25
116240,11/04/2026 08:49,11/04/2026 09:04,Gasometer Park,Maple Grove,1014,casual,1973,3.25
116241,11/04/2026 11:01,11/04/2026 11:17,Sunset Boulevard,Sunset Boulevard,1152,casual,1960,3.55
116242,11/04/2026 11:20,11/04/2026 11:28,King's Cross Lane,City Hall,1024,Casual,1998,2.35
116243,11/04/2026 11:30,11/04/2026 11:46,Cobbler's Row,Steelworks Gate,1348,member,1984,0.00
116244,11/04/2026 12:06,11/04/2026 12:38,Observatory Hill,Old Town Square,1101,member,2000,0.00
116245,11/04/2026 12:27,11/04/2026 12:53,Cobbler's Row,Harbor East,1029,member,1979,0.00
116246,11/04/2026 12:42,11/04/2026 13:00,Student Commons,Summit Ridge,1264,member,1986,0.00
116247,11/04/2026 12:47,11/04/2026 13:10,Northgate Transit Hub,Tramline Depot,1101,MEMBER,1992,0.00
116248,11/04/2026 12:58,11/04/2026 13:51,Northgate Transit Hub,Pier 12,1067,casual,1986,9.10
116249,11/04/2026 13:07,11/04/2026 13:20,Northgate Transit Hub,Lighthouse Point,1012,casual,1995,2.95
116250,11/04/2026 13:08,11/04/2026 13:18,Dockside Market,University Gate,1280,MEMBER,1993,0.00
116251,11/04/2026 13:13,11/04/2026 13:23,Old Town Square,Observatory Hill,1192,member,1992,0.00
116252,11/04/2026 14:27,11/04/2026 14:40,Harbor East,King's Cross Lane,1150,member,1978,0.00
116253,11/04/2026 14:29,11/04/2026 14:38,Grand & 3rd,Grand & 3rd,1260,member,2003,0.00
116254,11/04/2026 14:59,11/04/2026 15:07,Old Town Square,Old Mill Crossing,1278,Member,,0.00
116255,11/04/2026 15:05,11/04/2026 15:24,Library Mall,Old Town Square,1024,Member,1986,0.00
116256,11/04/2026 15:05,11/04/2026 15:13,Summit Ridge,Summit Ridge,1222,Member,1979,0.00
116257,11/04/2026 16:09,11/04/2026 16:14,Opera House,Ferry Meadow,1175,Casual,,1.75
116258,11/04/2026 16:33,11/04/2026 16:45,Union Plaza,Maple Grove,1276,casual,1987,2.95
116259,11/04/2026 16:37,11/04/2026 17:26,Exchange Street,Ferry Landing,1268,casual,1979,8.35
116260,11/04/2026 16:46,11/04/2026 16:58,Old Town Square,Old Town Square,1217,member,1977,0.00
116261,11/04/2026 16:53,11/04/2026 17:14,Kayak Launch,Steelworks Gate,1297,casual,1976,4.15
116262,11/04/2026 17:14,11/04/2026 17:25,Cathedral Gate,Cathedral Gate,1335,member,1971,0.00
116263,11/04/2026 18:23,11/04/2026 18:28,Old Town Square,Old Town Square,1300,member,1972,0.00
116264,11/04/2026 20:43,11/04/2026 21:01,Old Town Square,Kayak Launch,1201,member,1979,0.00
116265,11/04/2026 20:58,11/04/2026 21:12,Observatory Hill,Observatory Hill,1197,casual,1977,3.10
116266,11/04/2026 22:09,11/04/2026 22:19,Science Quad,Science Quad,1277,member,1994,0.00
116267,12/04/2026 01:53,12/04/2026 02:35,Pier 12,Pier 12,1007,casual,1981,7.45
116268,12/04/2026 03:21,12/04/2026 03:29,Harbor West,cobbler's row,1348,casual,1967,2.35
116269,12/04/2026 08:54,12/04/2026 09:21,Student Commons,Old Town Square,1261,casual,2001,5.05
116270,12/04/2026 09:23,12/04/2026 09:43,University Gate,Athletics Center,1103,member,2005,0.00
116271,12/04/2026 09:29,12/04/2026 10:06,Pier 12,Harbor East,1052,Member,1990,0.00
116272,12/04/2026 11:02,12/04/2026 11:08,Warehouse Row,Harbor West,1213,casual,1999,2.05
116273,12/04/2026 11:10,12/04/2026 11:48,Harbor East,Northgate Transit Hub,1226,member,1991,0.00
116274,12/04/2026 11:23,12/04/2026 12:07,Grand & 9th,Gasometer Park,1157,casual,1994,7.60
116275,12/04/2026 11:25,12/04/2026 12:23,Harbor East,Old Mill Crossing,1116,casual,2004,9.70
116276,12/04/2026 11:35,12/04/2026 11:50,Gasometer Park,Old Town Square,1350,casual,1968,3.40
116277,12/04/2026 11:39,12/04/2026 11:54,Aurora & 22nd,Warehouse Row,1243,casual,1990,3.25
116278,12/04/2026 11:48,12/04/2026 12:00,Sunset Boulevard,Old Town Square,1231,casual,1995,2.80
116279,12/04/2026 11:57,12/04/2026 12:10,Gasometer Park,Central Station,1288,casual,1981,2.95
116280,12/04/2026 12:06,12/04/2026 12:31,University Gate,Old Town Square,1320,casual,1979,4.75
116281,12/04/2026 12:23,12/04/2026 12:46,Old Town Square,Orchard Lane,1229,casual,1979,4.45
116282,12/04/2026 12:34,12/04/2026 12:39,Seawall Promenade,Northgate Mall,1225,casual,1994,1.90
116283,12/04/2026 12:57,12/04/2026 13:06,Northgate Mall,Harbor East,1319,casual,1987,2.50
116284,12/04/2026 13:36,12/04/2026 13:59,Gasometer Park,Cedar Park Loop,1279,casual,1991,4.45
116285,12/04/2026 13:37,12/04/2026 13:50,Sunset Boulevard,Riverside Walk,1058,member,,0.00
116286,12/04/2026 13:49,12/04/2026 14:19,Athletics Center,Maple Grove,1047,casual,1973,5.50
116287,12/04/2026 13:56,12/04/2026 14:17,Gasometer Park,Old Town Square,1088,casual,1971,4.15
116288,12/04/2026 15:17,12/04/2026 15:48,Riverside Walk,University Gate,1051,Casual,1997,5.65
116289,12/04/2026 15:19,12/04/2026 15:56,Central Station,Central Station,1047,casual,1993,6.70
116290,12/04/2026 15:38,12/04/2026 15:59,Cathedral Gate,Cobbler's Row,1175,member,1995,0.00
116291,12/04/2026 15:51,12/04/2026 16:01,Library Mall,Athletics Center,1197,casual,1974,2.50
116292,12/04/2026 16:18,12/04/2026 16:54,Cedar Park Loop,Student Commons,1232,casual,2003,6.40
116293,12/04/2026 16:19,12/04/2026 16:24,Student Commons,Science Quad,1308,member,1993,0.00
116294,12/04/2026 16:27,12/04/2026 16:32,University Gate,Central Station,1249,casual,2000,1.90
116295,12/04/2026 16:31,12/04/2026 16:53,Old Town Square,Riverside Walk,1226,casual,1992,4.30
116296,12/04/2026 16:33,12/04/2026 16:37,Summit Ridge, Summit Ridge,1275,Member,,0.00
116297,12/04/2026 16:36,12/04/2026 17:00,Marina Green,Science Quad,1324,casual,1988,4.60
116298,12/04/2026 16:58,12/04/2026 17:27,Gasometer Park,Seawall Promenade,1246,casual,1969,5.35
116299,12/04/2026 17:21,12/04/2026 17:30,Old Mill Crossing,Warehouse Row,1119,member,1989,0.00
116300,12/04/2026 17:26,12/04/2026 17:52,Opera House,Riverside Walk,1155,casual,1974,4.90
116301,12/04/2026 17:39,12/04/2026 18:02,Sunset Boulevard,Summit Ridge,1189,member,1979,0.00
116302,12/04/2026 17:48,12/04/2026 18:22,Central Station,Student Commons,1109,casual,1976,6.10
116303,12/04/2026 17:53,12/04/2026 18:10,Summit Ridge,Summit Ridge,1152,casual,1987,3.70
116304,12/04/2026 18:21,12/04/2026 18:54,Northgate Transit Hub,Central Station,1208,Casual,2001,6.10
116305,12/04/2026 22:39,12/04/2026 22:57,Riverside Walk,Exchange Street,1287,casual,1985,3.70
116306,13/04/2026 00:44,13/04/2026 01:00,Sunset Boulevard,Old Town Square,1324,MEMBER,1987,0.00
116307,13/04/2026 01:09,13/04/2026 01:18,Exchange Street,Exchange Street,1072,member,1991,0.00
116308,13/04/2026 05:56,13/04/2026 06:26,Old Town Square,Old Town Square,1192,casual,1987,5.65
116309,13/04/2026 06:10,13/04/2026 06:19,Kayak Launch,Harbor East,1101,Member,1996,0.00
116310,13/04/2026 06:17,13/04/2026 06:23,Student Commons,Library Mall,1281,member,1994,0.00
116311,13/04/2026 06:55,13/04/2026 07:09,guildhall steps,Athletics Center,1209,member,1960,0.00
116312,13/04/2026 07:07,13/04/2026 07:31,Warehouse Row,Warehouse Row,1024,member,1992,0.00
116313,13/04/2026 07:25,13/04/2026 07:29, Ferry Landing,Marina Green,1040,Member,1992,0.00
116314,13/04/2026 07:38,13/04/2026 07:52,Steelworks Gate,Ferry Meadow,1308,member,1983,0.00
116315,13/04/2026 08:07,13/04/2026 08:14,Old Town Square,Old Town Square,1325,casual,1978,2.20
116316,13/04/2026 08:37,13/04/2026 09:03,Athletics Center,University Gate,1263,casual,1966,5.05
116317,13/04/2026 08:52,13/04/2026 08:58,Northgate Transit Hub,Gasometer Park,1297,casual,1968,2.05
116318,13/04/2026 09:29,13/04/2026 09:42,University Gate,Meridian Tower,1242,casual,1991,3.10
116319,13/04/2026 09:36,13/04/2026 10:08,Summit Ridge,Summit Ridge,1066,casual,1981,5.95
116320,13/04/2026 10:14,13/04/2026 10:32,Northgate Mall,Northgate Mall,1211,Casual,1965,3.70
116321,13/04/2026 10:26,13/04/2026 10:33,Aurora & 22nd,Pier 12,1238,member,1973,0.00
116322,13/04/2026 10:55,13/04/2026 11:15,Weaver Street,Summit Ridge,1158,Casual,1997,4.00
116323,13/04/2026 11:47,13/04/2026 12:00,Student Commons,Library Mall,1101,Member,1975,0.00
116324,13/04/2026 11:57,13/04/2026 12:08,Summit Ridge,Fountain Court,1174,member,1980,0.00
116325,13/04/2026 12:11,13/04/2026 12:22,University Gate,old mill crossing,1038,Member,1994,0.00
116326,13/04/2026 12:14,13/04/2026 12:24,Pier 12,Observatory Hill,1058,member,1978,0.00
116327,13/04/2026 12:18,13/04/2026 12:24,Maple Grove,Lighthouse Point,1171,member,1983,0.00
116328,13/04/2026 12:32,13/04/2026 12:58,Northgate Transit Hub,Central Station,1175,Member,1981,0.00
116329,13/04/2026 12:41,13/04/2026 13:29,Ferry Landing,Steelworks Gate,1184,casual,1975,8.35
116330,13/04/2026 12:42,13/04/2026 13:33,Northgate Transit Hub,Athletics Center,1169,casual,1989,8.80
116331,13/04/2026 12:58,13/04/2026 13:12,Student Commons,Library Mall,1228,member,1987,0.00
116332,13/04/2026 12:59,13/04/2026 13:14,Aurora & 22nd,Aurora & 22nd,1267,member,1975,0.00
116333,13/04/2026 13:03,13/04/2026 13:08,Warehouse Row,Dockside Market,1206,member,2001,0.00
116333,13/04/2026 13:03,13/04/2026 13:08,Warehouse Row,Dockside Market,1206,member,2001,0.00
116334,13/04/2026 14:05,13/04/2026 14:11,Maple Grove,University Gate,1310,Member,1977,0.00
116335,13/04/2026 14:21,13/04/2026 14:32,City Hall,Summit Ridge,1132,member,1980,0.00
116336,13/04/2026 15:33,13/04/2026 15:42,Gasometer Park,Gasometer Park,1223,member,1973,0.00
116337,13/04/2026 15:41,13/04/2026 15:50,Student Commons,Old Town Square,1047,Member,1998,0.00
116338,13/04/2026 16:04,13/04/2026 16:13,Student Commons,Marina Green,1077,member,2002,0.00
116339,13/04/2026 16:19,13/04/2026 16:26,Pier 12,Old Mill Crossing,1262,member,2003,0.00
116340,13/04/2026 16:35,13/04/2026 16:58,Harbor East,Kayak Launch,1247,casual,2001,4.60
116341,13/04/2026 16:50,13/04/2026 17:15,University Gate,Observatory Hill,1315,casual,1987,0.00
116342,13/04/2026 17:08,13/04/2026 17:47,Athletics Center,Athletics Center,1216,casual,1976,7.00
116343,13/04/2026 17:08,13/04/2026 17:15,Westfield Green,Gasometer Park,1262,casual,1993,2.05
116344,13/04/2026 17:11,13/04/2026 17:20,Harbor East,Old Town Square,1117,member,1976,0.00
116345,13/04/2026 17:27,13/04/2026 18:00,Harbor West,Cedar Park Loop,1014,Member,1990,0.00
116346,13/04/2026 17:51,13/04/2026 18:31,Pier 12,Pier 12,1011,Casual,1990,7.15
116347,13/04/2026 18:02,13/04/2026 18:09,Warehouse Row,Riverside Walk,1193,member,1988,0.00
116348,13/04/2026 18:08,13/04/2026 18:14,Riverside Walk,Exchange Street,1217,member,1992,0.00
116349,13/04/2026 18:21,13/04/2026 18:29,Maple Grove,Poplar Circle,1157,member,1989,0.00
116350,13/04/2026 18:32,13/04/2026 18:56,Westfield Green,Steelworks Gate,1044,casual,1995,4.75
116351,13/04/2026 18:35,13/04/2026 18:52,Lighthouse Point,Old Mill Crossing,1206,member,2001,0.00
116352,13/04/2026 18:42,13/04/2026 20:26,Pier 12,Pier 12,1211,casual,1981,16.60
116353,13/04/2026 19:39,13/04/2026 19:58,Westfield Green,Westfield Green,1350,casual,1972,4.00
116354,13/04/2026 20:12,13/04/2026 20:37,Pier 12,Pier 12,1206,casual,1989,4.75
116355,13/04/2026 20:32,13/04/2026 20:44,Meridian Tower,Meridian Tower,1327,member,1999,0.00
116356,13/04/2026 21:24,13/04/2026 21:29,Harbor West,Athletics Center,1110,Member,1986,0.00
116357,13/04/2026 21:55,13/04/2026 22:05,Northgate Mall,Floodgate Road,1176,Member,1992,0.00
116358,13/04/2026 22:35,13/04/2026 22:46,Seawall Promenade,Clocktower Plaza,1244,member,1969,0.00
116359,13/04/2026 23:21,13/04/2026 23:51,Central Station,Old Town Square,1236,casual,1988,5.65
116360,13/04/2026 23:40,13/04/2026 23:53,Old Town Square,Old Town Square,1278,Member,1973,0.00
116361,14/04/2026 06:05,14/04/2026 06:27,Cobbler's Row ,Cobbler's Row,1119,casual,1987,4.45
116362,14/04/2026 06:35,14/04/2026 06:41,Northgate Transit Hub,City Hall,1248,member,1985,0.00
116363,14/04/2026 07:02,14/04/2026 07:28,Athletics Center,Old Mill Crossing,1204,Casual,1985,5.05
116364,14/04/2026 07:02,14/04/2026 07:14,Gasometer Park,Opera House,1297,member,1996,0.00
116365,14/04/2026 07:17,14/04/2026 07:25,Gasometer Park,Steelworks Gate,1190,member,1983,0.00
116366,14/04/2026 07:23,14/04/2026 07:34,Old Town Square,Old Town Square,1044,member,1980,0.00
116367,14/04/2026 07:32,14/04/2026 07:43,Marina Green,Athletics Center,1337,Casual,2001,2.80
116368,14/04/2026 07:51,14/04/2026 08:15,City Hall,Kayak Launch,1143,member,1989,0.00
116369,14/04/2026 08:00,14/04/2026 08:09,Summit Ridge,Summit Ridge,1344,member,1992,0.00
116370,14/04/2026 08:45,14/04/2026 08:56,Student Commons,Aurora & 22nd,1119,casual,1973,2.65
116371,14/04/2026 08:50,14/04/2026 09:14,Exchange Street,Kayak Launch,1177,member,1989,0.00
116372,14/04/2026 08:53,14/04/2026 09:09,Gasometer Park,Harbor East,1254,member,1972,0.00
116373,14/04/2026 09:03,14/04/2026 09:19,Ferry Landing,Central Station,1201,casual,1959,3.55
116374,14/04/2026 09:18,14/04/2026 09:47,Gasometer Park,Gasometer Park,1243,casual,1984,5.50
116375,14/04/2026 09:40,14/04/2026 09:58,Harbor East,Old Town Square,1268,casual,1995,3.70
116376,14/04/2026 09:52,14/04/2026 11:56,Old Town Square,Old Town Square,1307,casual,1973,19.60
116377,14/04/2026 10:15,14/04/2026 10:26,Old Town Square,Student Commons,1079,member,1983,0.00
116378,14/04/2026 10:19,14/04/2026 10:24,foundry district,Old Town Square,1036,MEMBER,1996,0.00
116379,14/04/2026 10:21,14/04/2026 10:28,Old Town Square,Poplar Circle,1267,casual,1983,2.20
116380,14/04/2026 11:09,14/04/2026 11:17,Meridian Tower,City Hall,1169,casual,1976,2.20
116381,14/04/2026 11:31,14/04/2026 11:42,Gasometer Park,Northgate Transit Hub,1035,casual,1987,2.80
116382,14/04/2026 11:49,14/04/2026 12:13,Lighthouse Point,Northgate Transit Hub,1300,Casual,1993,4.75
116383,14/04/2026 12:53,14/04/2026 13:05,Hillcrest Point,Kayak Launch,1201,member,1987,0.00
116384,14/04/2026 15:05,14/04/2026 15:31,Westfield Green,Westfield Green,1198,Casual,1967,5.05
116385,14/04/2026 15:18,14/04/2026 16:14,Cedar Park Loop,Central Station,1026,casual,1997,9.55
116386,14/04/2026 16:01,14/04/2026 16:17,Athletics Center,Harbor East,1036,member,1979,0.00
116387,14/04/2026 16:33,14/04/2026 17:13,Maple Grove,University Gate,1044,casual,1996,7.15
116388,14/04/2026 16:58,14/04/2026 17:06,Harbor East,Northgate Mall,1284,Member,1992,0.00
116389,14/04/2026 17:06,14/04/2026 17:15,Old Town Square,Ferry Meadow,1034,member,,0.00
116390,14/04/2026 17:09,14/04/2026 17:16,Maple Grove,Weaver Street,1116,member,1982,0.00
116391,14/04/2026 17:11,14/04/2026 17:30,Tramline Depot,City Hall,1082,casual,1979,4.00
116392,14/04/2026 17:13,14/04/2026 17:29,Westfield Green,Westfield Green,1153,casual,1985,3.40
116393,14/04/2026 17:23,14/04/2026 17:30,Marina Green,Westfield Green,1240,member,1974,0.00
116394,14/04/2026 17:28,14/04/2026 17:53,Central Station,Merchant Hall,1027,casual,1971,4.75
116395,14/04/2026 17:38,14/04/2026 17:52,Ferry Landing,OLD MILL CROSSING,1077,member,1994,0.00
116396,14/04/2026 17:39,14/04/2026 18:53,Student Commons,Clocktower Plaza,1235,casual,1985,12.25
116396,14/04/2026 17:39,14/04/2026 18:53,Student Commons,Clocktower Plaza,1235,casual,1985,12.25
116397,14/04/2026 18:10,14/04/2026 18:21,Maple Grove,Gasometer Park,1180,member,1994,0.00
116398,14/04/2026 18:45,14/04/2026 18:49,Ferry Meadow,Cathedral Gate,1197,member,1968,0.00
116399,14/04/2026 18:46,14/04/2026 18:52,Science Quad,Science Quad,1046,member,1982,0.00
116400,14/04/2026 18:48,14/04/2026 19:01,Opera House,Central Station,1038,member,1989,0.00
116401,14/04/2026 19:33,14/04/2026 19:51,Sunset Boulevard,Harbor East,1097,member,1998,0.00
116402,14/04/2026 20:14,14/04/2026 20:24,Summit Ridge,Summit Ridge,1342,Member,1976,0.00
116403,14/04/2026 21:29,14/04/2026 21:52,Ferry Landing,Westfield Green,1042,casual,1996,4.45
116404,15/04/2026 06:03,15/04/2026 06:21,Tannery Yard,Gasometer Park,1002,member,1996,0.00
116405,15/04/2026 06:07,15/04/2026 06:31,Summit Ridge,Warehouse Row,1051,member,1973,0.00
116406,15/04/2026 06:25,15/04/2026 06:36,Cedar Park Loop,Central Station,1157,member,1994,0.00
116407,15/04/2026 06:44,15/04/2026 06:49,Cedar Park Loop,Old Town Square,1325,member,1983,0.00
116408,15/04/2026 06:53,15/04/2026 07:10,Aurora & 22nd,Observatory Hill,1171,member,1991,0.00
116409,15/04/2026 07:00,15/04/2026 07:08,Athletics Center,Merchant Hall,1084,casual,1993,2.35
116410,15/04/2026 07:30,15/04/2026 07:45,Cedar Park Loop,Central Station,1073,member,1976,0.00
116411,15/04/2026 07:33,15/04/2026 07:41,central station,Lighthouse Point,1026,member,2000,0.00
116412,15/04/2026 07:43,15/04/2026 08:04,Botanic Gardens,Central Station,1106,member,1966,0.00
116413,15/04/2026 08:09,15/04/2026 08:31,Westfield Green,Old Mill Crossing,1317,member,1976,0.00
116414,15/04/2026 08:19,15/04/2026 08:30,Student Commons,Aurora & 22nd,1228,member,1986,0.00
116415,15/04/2026 08:25,15/04/2026 09:34,Seawall Promenade,Aurora & 40th,1157,casual,1985,11.35
116415,15/04/2026 08:25,15/04/2026 09:34,Seawall Promenade,Aurora & 40th,1157,casual,1985,11.35
116416,15/04/2026 08:38,15/04/2026 08:45,Northgate Mall,Aurora & 22nd,1228,member,1990,0.00
116417,15/04/2026 08:45,15/04/2026 08:59,Dockside Market,Observatory Hill,1038,member,1994,0.00
116418,15/04/2026 08:55,15/04/2026 09:00,Gasometer Park,Gasometer Park,1137,casual,2000,1.90
116419,15/04/2026 09:23,15/04/2026 09:52,City Hall,City Hall,1192,member,2000,0.00
116420,15/04/2026 09:28,15/04/2026 09:37,Observatory Hill,Gasometer Park,1315,casual,2001,2.35
116421,15/04/2026 10:05,15/04/2026 10:17,Birchwood Terrace,Dockside Market,1279,casual,1977,2.95
116422,15/04/2026 10:38,15/04/2026 10:52, Old Town Square,Old Town Square,1027,member,1983,0.00
116423,15/04/2026 12:24,15/04/2026 12:30,Steelworks Gate,Northgate Mall,1324,member,1979,0.00
116424,15/04/2026 12:34,15/04/2026 13:17,Athletics Center,Kayak Launch,1133,casual,1982,7.45
116425,15/04/2026 13:29,15/04/2026 13:36,Old Town Square,Maple Grove,1149,member,1966,0.00
116426,15/04/2026 13:48,15/04/2026 14:32,Seawall Promenade,Old Town Square,1213,Casual,1987,7.60
116427,15/04/2026 13:54,15/04/2026 14:58,Central Station,Central Station,1175,casual,1992,10.75
116428,15/04/2026 14:13,15/04/2026 14:39,Athletics Center,Gasometer Park,1023,casual,,5.05
116429,15/04/2026 14:13,15/04/2026 14:38,Steelworks Gate,Riverside Walk,1308,casual,1982,4.75
116430,15/04/2026 14:37,15/04/2026 14:44,Tramline Depot,Summit Ridge,1290,member,1993,0.00
116431,15/04/2026 15:12,15/04/2026 15:44,Observatory Hill,Cobbler's Row,1209,casual,1985,5.95
116432,15/04/2026 15:21,15/04/2026 15:33,Gasometer Park,Cedar Park Loop,1252,member,1982,0.00
116433,15/04/2026 15:54,15/04/2026 16:22,Observatory Hill,Gasometer Park,1025,member,2020,0.00
116434,15/04/2026 15:56,15/04/2026 16:20,Athletics Center,Student Commons,1188,member,1987,0.00
116435,15/04/2026 16:19,15/04/2026 16:37,Warehouse Row,Student Commons,1087,Member,1984,0.00
116436,15/04/2026 16:30,15/04/2026 16:54,Old Town Square,Old Town Square,1345,casual,1994,4.60
116437,15/04/2026 16:32,15/04/2026 16:47,Aurora & 22nd,Central Station,1217,member,1982,0.00
116438,15/04/2026 16:35,15/04/2026 16:40,Student Commons,Library Mall ,1085,member,1995,0.00
116439,15/04/2026 16:38,15/04/2026 16:54,Riverside Walk ,Old Town Square,1033,Member,2004,0.00
116440,15/04/2026 16:39,15/04/2026 16:46,Pier 12,Pier 12,1260,member,1979,0.00
116441,15/04/2026 17:12,15/04/2026 17:28,Student Commons,Athletics Center,1189,casual,1996,3.55
116442,15/04/2026 17:39,15/04/2026 17:46,Dockside Market,University Gate,1297,Member,1973,0.00
116443,15/04/2026 17:55,15/04/2026 18:07,Athletics Center,Athletics Center,1296,member,1999,0.00
116444,15/04/2026 18:24,15/04/2026 18:31,Old Town Square,Old Town Square,1154,member,1976,0.00
116445,15/04/2026 18:34,15/04/2026 18:52,Seawall Promenade,Seawall Promenade,1333,member,1972,0.00
116446,15/04/2026 18:46,15/04/2026 18:53,Northgate Transit Hub,City Hall,1299,member,1976,0.00
116447,15/04/2026 19:17,15/04/2026 19:34,Riverside Walk,Exchange Street,1132,casual,1986,3.55
116448,15/04/2026 19:23,15/04/2026 19:29,Fountain Court,Central Station,1243,member,1989,0.00
116449,15/04/2026 19:33,15/04/2026 19:39,Central Station,Maple Grove,1102,member,1998,0.00
116450,15/04/2026 19:34,15/04/2026 20:04,Old Mill Crossing,Summit Ridge,1020,casual,2020,5.65
116451,15/04/2026 19:50,15/04/2026 19:58,Sunset Boulevard,Sunset Boulevard,1243,member,1969,0.00
116452,15/04/2026 20:02,15/04/2026 20:57,Clocktower Plaza,Warehouse Row,1126,casual,1992,9.25
116453,15/04/2026 21:05,15/04/2026 21:16,Student Commons,Student Commons,1345,casual,1977,2.65
116454,15/04/2026 21:08,15/04/2026 21:13,Kayak Launch,City Hall,1302,member,1994,0.00
116455,16/04/2026 00:56,16/04/2026 01:13,Gasometer Park,Marina Green,1120,casual,1986,3.55
116456,16/04/2026 06:06,16/04/2026 06:18,Maple Grove,Kayak Launch,1107,member,1997,0.00
116457,16/04/2026 06:29,16/04/2026 06:40,Pier 12,Pier 12,1033,casual,1991,2.80
116458,16/04/2026 07:05,16/04/2026 07:09,Gasometer Park,Gasometer Park,1089,member,1989,0.00
116459,16/04/2026 07:05,16/04/2026 07:27,Old Town Square,Old Town Square,1157,member,1967,0.00
116460,16/04/2026 07:32,16/04/2026 07:50,Old Town Square,Old Mill Crossing,1243,member,1972,0.00
116461,16/04/2026 07:41,16/04/2026 07:45,Maple Grove,Fountain Court,1264,member,1970,0.00
116462,16/04/2026 07:46,16/04/2026 08:02,Athletics Center,gasometer park,1213,casual,1991,3.40
116462,16/04/2026 07:46,16/04/2026 08:02,Athletics Center,gasometer park,1213,casual,1991,3.40
116463,16/04/2026 07:47,16/04/2026 08:00,Kayak Launch,Merchant Hall,1119,Member,1976,0.00
116464,16/04/2026 07:53,16/04/2026 08:05,Opera House,Harbor East,1051,Casual,1969,2.80
116465,16/04/2026 08:05,16/04/2026 08:10,City Hall,Seawall Promenade,1166,member,1989,0.00
116466,16/04/2026 08:08,16/04/2026 08:13,Old Town Square,Gasometer Park,1059,member,2001,0.00
116466,16/04/2026 08:08,16/04/2026 08:13,Old Town Square,Gasometer Park,1059,member,2001,0.00
116467,16/04/2026 08:40,16/04/2026 08:49,Athletics Center,Old Mill Crossing,1282,member,1960,0.00
116468,16/04/2026 08:44,16/04/2026 08:55,Rosemont & 5th,Old Town Square,1200,member,1977,0.00
116469,16/04/2026 08:48,16/04/2026 09:05,Student Commons,Merchant Hall,1219,MEMBER,1960,0.00
116470,16/04/2026 08:53,16/04/2026 09:00,Harbor East,Old Town Square,1164,member,1900,0.00
116471,16/04/2026 08:56,16/04/2026 09:48,Central Station,Willow Bend,1120,casual,1971,8.80
116472,16/04/2026 09:05,16/04/2026 09:12,Kayak Launch,Pier 12,1114,member,1986,0.00
116473,16/04/2026 09:07,16/04/2026 09:18,Student Commons,Old Town Square,1101,casual,1978,2.80
116474,16/04/2026 09:12,16/04/2026 09:28,Poplar Circle,Ferry Meadow ,1133,member,1985,0.00
116475,16/04/2026 09:30,16/04/2026 09:39,Sunset Boulevard,Cathedral Gate,1348,Member,1970,0.00
116476,16/04/2026 09:31,16/04/2026 09:42,Westfield Green,Westfield Green,1128,member,1990,0.00
116477,16/04/2026 09:58,16/04/2026 10:19,Summit Ridge,Summit Ridge,1021,member,1990,0.00
116478,16/04/2026 10:01,16/04/2026 10:21,University Gate,Kayak Launch,1216,casual,2000,4.15
116479,16/04/2026 10:47,16/04/2026 11:31,Gasometer Park,King's Cross Lane,1208,Casual,1988,7.60
116480,16/04/2026 10:56,16/04/2026 11:01,Central Station,Marina Green,1333,member,1995,0.00
116481,16/04/2026 11:31,16/04/2026 11:33,Kayak Launch,Old Town Square,1337,member,1990,0.00
116482,16/04/2026 12:27,16/04/2026 11:23,Tramline Depot,Orchard Lane,1347,member,1980,0.00
116483,16/04/2026 12:33,16/04/2026 12:40,Harbor East,Dockside Market,1195,member,1985,0.00
116484,16/04/2026 13:07,16/04/2026 13:24,Observatory Hill,Cobbler's Row,1237,member,1982,0.00
116485,16/04/2026 13:17,16/04/2026 13:22,Northgate Transit Hub,Cobbler's Row,1209,member,1998,0.00
116486,16/04/2026 13:18,16/04/2026 13:34,Northgate Mall,Northgate Mall,1242,casual,1977,3.40
116487,16/04/2026 13:24,16/04/2026 13:32,Merchant Hall,Merchant Hall,1087,member,1991,0.00
116488,16/04/2026 13:57,16/04/2026 14:02,Botanic Gardens,Sunset Boulevard,1285,member,1983,0.00
116489,16/04/2026 14:08,16/04/2026 14:21,Botanic Gardens,Fountain Court,1029,member,1971,0.00
116490,16/04/2026 14:39,16/04/2026 14:55,Science Quad,Science Quad,1311,member,1990,0.00
116491,16/04/2026 14:50,16/04/2026 14:55,Botanic Gardens,Kayak Launch,1336,member,1989,0.00
116492,16/04/2026 14:56,16/04/2026 15:36,Willow Bend,Steelworks Gate,1074,Casual,1968,7.00
116493,16/04/2026 15:38,16/04/2026 15:50,University Gate,Central Station,1350,casual,1981,2.80
116494,16/04/2026 16:11,16/04/2026 16:23,Pier 12,Tannery Yard,1336,member,1972,0.00
116495,16/04/2026 16:13,16/04/2026 16:26,Exchange Street,Lighthouse Point,1261,Member,1991,0.00
116496,16/04/2026 16:19,16/04/2026 16:34,Cedar Park Loop,Gasometer Park,1026,member,1987,0.00
116497,16/04/2026 16:21,16/04/2026 16:39,Harbor West,Harbor West,1012,casual,1987,3.70
116498,16/04/2026 16:25,16/04/2026 16:34,Warehouse Row,Warehouse Row,1189,member,2001,0.00
116499,16/04/2026 16:36,16/04/2026 16:50,Student Commons,Gasometer Park,1202,Member,2000,0.00
116500,16/04/2026 16:43,16/04/2026 16:51,Harbor East,Old Town Square,1034,member,1988,
116501,16/04/2026 17:12,16/04/2026 17:30,Opera House,Opera House,1010,member,1989,0.00
116502,16/04/2026 17:33,16/04/2026 17:44,Maple Grove,University Gate,1197,member,1975,0.00
116503,16/04/2026 17:40,16/04/2026 18:06,Gasometer Park,Gasometer Park,1158,casual,1999,4.90
116504,16/04/2026 18:08,16/04/2026 18:25,University Gate,Summit Ridge,1177,casual,1983,3.70
116505,16/04/2026 18:21,16/04/2026 18:52,City Hall,Pier 12,1208,casual,1991,5.65
116506,16/04/2026 19:30,16/04/2026 19:36,Warehouse Row,Harbor East,1340,Casual,1979,1.90
116507,16/04/2026 19:32,16/04/2026 19:38,Old Mill Crossing,Old Town Square,1153,casual,1999,2.05
116508,16/04/2026 19:38,16/04/2026 20:08,Cedar Park Loop,Central Station,1325,member,1997,0.00
116509,16/04/2026 19:50,16/04/2026 20:00,Aurora & 22nd,Summit Ridge,1103,member,1985,0.00
116510,16/04/2026 20:41,16/04/2026 20:50,Opera House,University Gate,1201,member,1971,0.00
116511,16/04/2026 21:21,16/04/2026 21:36,Old Town Square,Harbor East,1135,member,2007,0.00
116512,16/04/2026 22:02,16/04/2026 22:12,student commons,Cobbler's Row,1076,member,2001,0.00
116513,16/04/2026 22:27,16/04/2026 22:33,Library Mall,Westfield Green,1130,member,,0.00
116514,16/04/2026 22:37,16/04/2026 22:48,Northgate Transit Hub,Old Town Square,1260,member,1975,0.00
116515,16/04/2026 22:40,16/04/2026 22:50,Athletics Center,Athletics Center,1128,member,1970,0.00
116516,17/04/2026 02:21,17/04/2026 02:27,Student Commons,Gasometer Park,1164,casual,1988,2.05
116517,17/04/2026 04:43,17/04/2026 04:57,University Gate,Central Station,1325,casual,1979,3.10
116518,17/04/2026 06:16,17/04/2026 06:26,Pier 12,Observatory Hill,1034,casual,1974,2.65
116519,17/04/2026 07:15,17/04/2026 07:25,Opera House,Harbor East,1004,member,1963,0.00
116520,17/04/2026 07:15,17/04/2026 07:46,Fountain Court,Fountain Court,1231,member,1988,0.00
116521,17/04/2026 07:35,17/04/2026 07:46,Summit Ridge,Sunset Boulevard ,1236,member,1974,0.00
116522,17/04/2026 08:16,17/04/2026 08:43,Old Town Square,Lighthouse Point,1315,Casual,1990,5.20
116523,17/04/2026 08:16,17/04/2026 08:22,Student Commons,Foundry District,1021,member,1983,0.00
116524,17/04/2026 08:21,17/04/2026 09:06,Old Town Square,Old Town Square,1350,casual,1978,7.75
116525,17/04/2026 08:27,17/04/2026 08:49,Warehouse Row,Warehouse Row,1006,member,1985,0.00
116526,17/04/2026 08:39,17/04/2026 08:58,Opera House,Cobbler's Row,1229,casual,1975,4.00
116527,17/04/2026 08:47,17/04/2026 08:56,Pier 12,Pier 12,1228,member,1982,0.00
116528,17/04/2026 09:15,17/04/2026 09:26,Old Town Square,Harbor West,1204,Casual,1994,2.65
116529,17/04/2026 09:19,17/04/2026 09:45,Botanic Gardens,Riverside Walk,1300,casual,1994,5.05
116530,17/04/2026 09:32,17/04/2026 09:52,Riverside Walk,Exchange Street,1215,casual,1983,4.15
116531,17/04/2026 09:48,17/04/2026 10:29,Observatory Hill,Central Station,1263,casual,1978,7.30
116532,17/04/2026 09:55,17/04/2026 11:27,Harbor East,Harbor East,1204,casual,2000,14.80
116533,17/04/2026 10:53,17/04/2026 11:09,Old Town Square,Student Commons,1277,casual,1988,3.55
116534,17/04/2026 11:25,17/04/2026 11:46,Old Town Square,Old Town Square,1072,casual,1979,4.15
116535,17/04/2026 12:21,17/04/2026 12:27,Old Mill Crossing,Old Mill Crossing,1098,member,1969,0.00
116536,17/04/2026 12:32,17/04/2026 12:48,Student Commons,Library Mall,1082,member,1979,0.00
116537,17/04/2026 12:57,17/04/2026 13:24,Pier 12,Pier 12,1170,member,1993,0.00
116538,17/04/2026 12:57,17/04/2026 13:17,Old Mill Crossing,Old Mill Crossing,1297,casual,1965,4.15
116539,17/04/2026 13:31,17/04/2026 13:45,Cobbler's Row,Steelworks Gate,1079,casual,1981,3.25
116540,17/04/2026 13:32,17/04/2026 14:08,Sunset Boulevard,Sunset Boulevard,1116,casual,1969,6.40
116541,17/04/2026 14:01,17/04/2026 14:12,Willow Bend,Willow Bend,1172,member,1995,0.00
116542,17/04/2026 14:23,17/04/2026 14:28,harbor east,Athletics Center,1212,Casual,1966,1.90
116543,17/04/2026 14:44,17/04/2026 14:51,Summit Ridge,Campus North,1339,member,1987,0.00
116544,17/04/2026 15:21,17/04/2026 15:27,Harbor East,Old Town Square,1341,member,1976,0.00
116545,17/04/2026 16:07,17/04/2026 16:19,Old Town Square,Old Town Square,1284,member,1964,0.00
116546,17/04/2026 16:14,17/04/2026 16:29,Harbor East,Kayak Launch,1264,Casual,1991,3.25
116547,17/04/2026 16:23,17/04/2026 16:36,Campus North,Exchange Street,1272,member,1990,0.00
116548,17/04/2026 16:28,17/04/2026 17:00,Central Station,Aurora & 22nd,1307,Casual,1990,5.80
116549,17/04/2026 16:37,17/04/2026 16:46,Student Commons,Lighthouse Point,1023,MEMBER,1983,0.00
116550,17/04/2026 16:57,17/04/2026 17:09,Gasometer Park,Gasometer Park,1130,casual,1998,2.95
116551,17/04/2026 17:07,17/04/2026 17:13,Gasometer Park,Old Town Square,1110,member,1977,0.00
116552,17/04/2026 17:13,17/04/2026 17:26,Northgate Mall,Central Station,1216,member,2000,0.00
116553,17/04/2026 17:21,17/04/2026 17:38,Riverside Walk,Kayak Launch,1164,Casual,1990,3.55
116554,17/04/2026 17:33,17/04/2026 17:57,Summit Ridge,Summit Ridge,1322,member,1985,0.00
116555,17/04/2026 17:48,17/04/2026 18:04,Riverside Walk,Willow Bend,1322,member,1987,0.00
116556,17/04/2026 17:52,17/04/2026 18:12,Observatory Hill,City Hall,1281,casual,1963,4.00
116557,17/04/2026 18:38,17/04/2026 19:14,Rosemont & 5th,Central Station,1262,casual,1986,6.55
116558,17/04/2026 18:39,17/04/2026 18:45,Pier 12,Old Town Square,1197,Casual,1975,2.05
116559,17/04/2026 18:40,17/04/2026 19:07,Opera House,Opera House,1201,casual,2002,5.20
116560,17/04/2026 18:55,17/04/2026 19:11,Student Commons,Marina Green,1176,casual,1981,3.40
116561,17/04/2026 19:09,17/04/2026 19:17,Gasometer Park,Old Mill Crossing,1078,member,,0.00
116562,17/04/2026 19:46,17/04/2026 20:07,Gasometer Park,Fountain Court,1275,casual,1983,4.15
116563,17/04/2026 19:48,17/04/2026 19:59,Gasometer Park,Opera House,1052,Member,1973,0.00
116564,17/04/2026 19:52,17/04/2026 20:06,Willow Bend,Gasometer Park,1172,member,1974,0.00
116565,17/04/2026 19:52,17/04/2026 20:05,Cedar Park Loop,Botanic Gardens,1268,Member,1970,0.00
116566,17/04/2026 20:05,17/04/2026 20:27,Steelworks Gate,Old Town Square,1021,casual,1998,4.30
116567,17/04/2026 20:09,17/04/2026 20:28,Maple Grove,Athletics Center,1216,casual,1995,3.85
116568,17/04/2026 20:53,17/04/2026 21:03,Westfield Green,Sunset Boulevard,1010,member,1981,0.00
116569,17/04/2026 20:56,17/04/2026 21:14,Athletics Center,Ferry Meadow,1101,member,2004,0.00
116570,17/04/2026 21:15,17/04/2026 21:28,Old Town Square,Rosemont & 5th,1035,member,1985,0.00
116571,17/04/2026 21:44,17/04/2026 22:01,Westfield Green,Old Town Square,1031,member,1995,0.00
116572,18/04/2026 01:04,18/04/2026 01:25,Guildhall Steps,Northgate Mall ,1051,casual,2000,4.15
116573,18/04/2026 06:07,18/04/2026 06:22,Merchant Hall,Westfield Green,1281,member,1995,0.00
116574,18/04/2026 08:02,18/04/2026 08:13,Central Station,Steelworks Gate,1110,member,1969,0.00
116575,18/04/2026 08:02,18/04/2026 08:12,City Hall, City Hall,1116,casual,1991,2.50
116576,18/04/2026 08:16,18/04/2026 08:30,Old Town Square,Maple Grove,1213,member,1989,0.00
116577,18/04/2026 08:55,18/04/2026 09:15,Old Town Square,Exchange Street,1096,Casual,1978,4.15
116578,18/04/2026 09:11,18/04/2026 09:33,Warehouse Row,Seawall Promenade,1319,casual,1967,4.45
116579,18/04/2026 09:30,18/04/2026 09:46,City Hall,Botanic Gardens,1158,casual,1994,3.40
116580,18/04/2026 10:13,18/04/2026 11:17,Dockside Market,Dockside Market,1231,casual,1983,10.75
116581,18/04/2026 10:22,18/04/2026 10:39,Old Mill Crossing,Observatory Hill,1337,casual,1980,3.55
116582,18/04/2026 10:46,18/04/2026 10:57,Botanic Gardens,Union Plaza,1278,casual,1984,2.65
116583,18/04/2026 11:16,18/04/2026 11:23,Rosemont & 5th,Campus North,1216,casual,,2.05
116584,18/04/2026 11:31,18/04/2026 11:37,Gasometer Park,Gasometer Park,1208,member,2000,0.00
116585,18/04/2026 11:40,18/04/2026 12:58,Warehouse Row,Student Commons,1109,casual,1967,12.70
116586,18/04/2026 12:09,18/04/2026 12:21,Central Station,Cedar Park Loop,1052,member,2003,0.00
116587,18/04/2026 12:43,18/04/2026 13:08,Riverside Walk,Exchange Street,1236,casual,1989,4.75
116588,18/04/2026 12:51,18/04/2026 13:04,Opera House,Lighthouse Point,1325,casual,1980,2.95
116589,18/04/2026 12:55,18/04/2026 13:09,Riverside Walk,Pier 12,1302,casual,1988,3.10
116590,18/04/2026 13:46,18/04/2026 14:00,Botanic Gardens,City Hall,1028,Member,1993,0.00
116591,18/04/2026 14:09,18/04/2026 14:19,Athletics Center,Harbor East,1256,member,1984,0.00
116592,18/04/2026 14:26,18/04/2026 15:13,Sunset Boulevard,Old Town Square,1217,casual,1972,8.20
116593,18/04/2026 14:44,18/04/2026 15:04,lighthouse point,Heron Park,1110,casual,1970,4.00
116594,18/04/2026 14:48,18/04/2026 15:27,University Gate,Observatory Hill,1262,Casual,1989,6.85
116595,18/04/2026 15:04,18/04/2026 15:18,Merchant Hall,Merchant Hall,1119,member,1995,0.00
116596,18/04/2026 15:06,18/04/2026 15:18,Dockside Market,Botanic Gardens,1233,MEMBER,1991,0.00
116597,18/04/2026 15:06,18/04/2026 16:36,Central Station,Central Station,1132,casual,1976,14.50
116598,18/04/2026 15:24,18/04/2026 15:38,Riverside Walk,Exchange Street,1044,casual,1991,3.25
116599,18/04/2026 15:31,18/04/2026 15:43,Kayak Launch,Merchant Hall,1274,Casual,1992,2.95
116600,18/04/2026 15:40,18/04/2026 15:50,Kayak Launch,Steelworks Gate,1155,member,1987,0.00
116601,18/04/2026 17:43,18/04/2026 18:22,Library Mall,Marina Green,1173,casual,2020,7.00
116602,18/04/2026 18:19,18/04/2026 18:27,Gasometer Park,Gasometer Park,1228,member,1985,0.00
116603,18/04/2026 19:17,18/04/2026 19:27,Old Town Square,Cedar Park Loop,1049,member,1987,0.00
116604,18/04/2026 19:52,18/04/2026 20:03,City Hall,Birchwood Terrace,1072,member,1969,0.00
116604,18/04/2026 19:52,18/04/2026 20:03,City Hall,Birchwood Terrace,1072,member,1969,0.00
116605,18/04/2026 19:55,18/04/2026 20:09,Maple Grove,Merchant Hall,1167,casual,1989,3.25
116606,18/04/2026 20:04,18/04/2026 20:15,Old Town Square,Old Town Square,1111,casual,1995,2.80
116607,18/04/2026 22:32,18/04/2026 22:44,Student Commons,Cedar Park Loop,1264,member,1982,0.00
116608,18/04/2026 22:38,18/04/2026 22:49,Union Plaza,Old Town Square,1262,member,1994,0.00
116609,19/04/2026 06:09,19/04/2026 06:14,Athletics Center,Athletics Center,1252,member,1998,0.00
116610,19/04/2026 07:00,19/04/2026 07:10,Northgate Transit Hub,Athletics Center,1086,member,1980,0.00
116611,19/04/2026 09:17,19/04/2026 09:34,Central Station,Central Station,1277,member,1975,0.00
116612,19/04/2026 09:22,19/04/2026 09:51,University Gate,Student Commons,1028,casual,1989,5.50
116613,19/04/2026 10:21,19/04/2026 10:33,Guildhall Steps,Gasometer Park,1206,member,1988,0.00
116614,19/04/2026 10:36,19/04/2026 10:43,Botanic Gardens,Weaver Street,1133,Casual,1989,2.05
116615,19/04/2026 10:40,19/04/2026 10:51,Aurora & 40th,Gasometer Park,1201,member,1994,0.00
116616,19/04/2026 11:12,19/04/2026 11:19,Gasometer Park,Northgate Transit Hub,1272,member,1974,0.00
116617,19/04/2026 11:26,19/04/2026 11:38,Hillcrest Point,Observatory Hill,1044,MEMBER,1972,0.00
116618,19/04/2026 12:09,19/04/2026 12:35,Old Town Square,Steelworks Gate,1116,casual,1996,4.90
116619,19/04/2026 12:22,19/04/2026 12:29,Northgate Transit Hub,Grand & 9th,1012,member,1992,0.00
116620,19/04/2026 12:34,19/04/2026 13:08,Birchwood Terrace,Northgate Transit Hub,1267,Casual,1991,6.10
116621,19/04/2026 13:07,19/04/2026 13:14,Gasometer Park,Gasometer Park,1044,Member,1992,0.00
116622,19/04/2026 13:46,19/04/2026 14:12,Athletics Center,Athletics Center,1277,casual,1997,5.05
116623,19/04/2026 13:49,19/04/2026 14:23,Library Mall,Tramline Depot,1195,casual,1998,6.10
116624,19/04/2026 14:18,19/04/2026 14:34,Athletics Center,Athletics Center,1057,casual,1963,3.40
116625,19/04/2026 14:39,19/04/2026 14:44,Old Town Square,Cobbler's Row,1190,Member,1978,0.00
116626,19/04/2026 14:43,19/04/2026 15:13,Birchwood Terrace,Botanic Gardens,1250,member,1994,0.00
116627,19/04/2026 14:49,19/04/2026 14:59,Kayak Launch,Old Town Square,1104,casual,1964,2.65
116628,19/04/2026 14:49,19/04/2026 15:39,Kayak Launch,Lighthouse Point,1273,casual,2004,8.50
116629,19/04/2026 14:56,19/04/2026 15:19,Athletics Center,Old Town Square,1086,casual,1995,4.60
116630,19/04/2026 16:04,19/04/2026 16:08,SCIENCE QUAD,Northgate Transit Hub,1209,Member,1992,0.00
116631,19/04/2026 16:50,19/04/2026 17:15,Orchard Lane,Cobbler's Row,1077,member,1962,0.00
116632,19/04/2026 16:53,19/04/2026 17:16,Northgate Transit Hub,University Gate,1139,Casual,1989,4.45
116633,19/04/2026 17:46,19/04/2026 18:23,Northgate Mall,Old Town Square,1102,casual,1988,6.55
116634,19/04/2026 18:48,19/04/2026 19:50,Summit Ridge,Summit Ridge,1228,casual,1990,10.30
116635,19/04/2026 18:53,19/04/2026 19:08,Marina Green,University Gate,1189,casual,1982,3.25
116636,19/04/2026 19:24,19/04/2026 19:42,Pier 12,Dockside Market,1154,Casual,1992,3.85
116637,19/04/2026 19:35,19/04/2026 20:31,Maple Grove,Maple Grove,1327,casual,1982,9.40
116638,19/04/2026 19:40,19/04/2026 19:59,Seawall Promenade,Athletics Center,1269,casual,,3.85
116639,19/04/2026 19:59,19/04/2026 20:41,Athletics Center,Athletics Center,1133,casual,1966,7.30
116640,19/04/2026 20:45,19/04/2026 21:08,Summit Ridge,Tannery Yard,1216,member,1999,0.00
116641,19/04/2026 20:56,19/04/2026 21:13,Central Station,Cobbler's Row,1262,casual,1992,3.70
116642,19/04/2026 21:08,19/04/2026 21:18,Gasometer Park,Old Town Square,1153,member,1975,0.00
116643,19/04/2026 21:46,19/04/2026 22:19,Foundry District,Sunset Boulevard,1154,member,1969,0.00
116644,19/04/2026 22:56,19/04/2026 23:23,Kayak Launch,Kayak Launch,1259,casual,1990,5.20
116645,20/04/2026 00:47,20/04/2026 01:00,Westfield Green,Warehouse Row,1325,casual,1995,2.95
116646,20/04/2026 06:17,20/04/2026 07:04,Cedar Park Loop,Old Town Square,1343,Casual,1981,8.20
116647,20/04/2026 06:33,20/04/2026 07:05,Observatory Hill,Observatory Hill,1264,Casual,1985,5.95
116648,20/04/2026 06:47,20/04/2026 06:58,University Gate,Clocktower Plaza,1324,member,1982,0.00
116649,20/04/2026 07:12,20/04/2026 07:28,Old Town Square,Central Station,1133,member,1975,0.00
116650,20/04/2026 07:36,20/04/2026 07:57,Northgate Transit Hub,City Hall,1316,member,1984,0.00
116651,20/04/2026 07:55,20/04/2026 08:07,Kayak Launch,Kayak Launch,1252,member,1964,0.00
116652,20/04/2026 07:57,20/04/2026 08:09,Campus North,Central Station,1102,member,1957,0.00
116653,20/04/2026 08:14,20/04/2026 08:19,Grand & 9th,Student Commons,1016,Member,1977,0.00
116654,20/04/2026 08:25,20/04/2026 08:39,Student Commons,Lighthouse Point,1319,casual,1996,3.10
116655,20/04/2026 08:36,20/04/2026 09:00,Meridian Tower,Old Town Square,1252,casual,,4.60
116656,20/04/2026 08:53,20/04/2026 09:00,Cobbler's Row,Old Town Square,1179,member,1994,0.00
116657,20/04/2026 09:11,20/04/2026 09:32,Student Commons,Observatory Hill,1024,casual,1972,4.15
116658,20/04/2026 09:16,20/04/2026 09:31,Kayak Launch,Kayak Launch,1174,member,1988,0.00
116659,20/04/2026 09:31,20/04/2026 09:47,Student Commons,Library Mall,1046,casual,1998,3.40
116660,20/04/2026 09:47,20/04/2026 10:08,Maple Grove,Cedar Park Loop,1259,casual,1971,4.30
116661,20/04/2026 11:05,20/04/2026 11:27,Gasometer Park,Old Mill Crossing,1311,member,2000,0.00
116662,20/04/2026 11:11,20/04/2026 11:29,Cedar Park Loop,Library Mall,1233,casual,1988,3.70
116663,20/04/2026 11:38,20/04/2026 12:00,Tramline Depot,Guildhall Steps,1338,Casual,1985,4.30
116664,20/04/2026 11:46,20/04/2026 12:32,Old Town Square,old town square,1114,casual,1984,8.05
116665,20/04/2026 12:07,20/04/2026 12:40,Harbor East,Gasometer Park,1195,casual,1986,5.95
116666,20/04/2026 12:23,20/04/2026 12:40,Lighthouse Point,Old Mill Crossing,1177,member,1963,0.00
116667,20/04/2026 12:37,20/04/2026 12:47,Summit Ridge,Summit Ridge,1073,MEMBER,1996,0.00
116668,20/04/2026 13:20,20/04/2026 14:53,Northgate Mall,Central Station,1299,Casual,1994,15.10
116669,20/04/2026 13:33,20/04/2026 14:02,City Hall,City Hall,1120,casual,1992,5.35
116670,20/04/2026 13:36,20/04/2026 13:48,Student Commons,Gasometer Park,1157,member,2002,0.00
116671,20/04/2026 14:08,20/04/2026 14:13,Northgate Mall,Willow Bend,1077,member,1968,0.00
116672,20/04/2026 14:32,20/04/2026 14:38,Old Town Square,Old Town Square,1314,member,1986,0.00
116673,20/04/2026 15:16,20/04/2026 15:31,Grand & 9th,Grand & 9th,1350,member,1995,0.00
116674,20/04/2026 15:29,20/04/2026 15:34,Sunset Boulevard,Old Town Square,1322,member,1994,0.00
116675,20/04/2026 15:38,20/04/2026 15:45,Lighthouse Point,Lighthouse Point,1347,member,1990,0.00
116676,20/04/2026 15:40,20/04/2026 16:00,Gasometer Park,Summit Ridge,1312,casual,2001,4.15
116677,20/04/2026 15:51,20/04/2026 16:15,Northgate Transit Hub,City Hall,1054,member,1999,0.00
116678,20/04/2026 16:07,20/04/2026 16:35,Observatory Hill,Harbor East,1077,member,1999,0.00
116679,20/04/2026 16:57,20/04/2026 17:13,Library Mall,Westfield Green,1348,member,1995,0.00
116680,20/04/2026 17:08,20/04/2026 17:12,Botanic Gardens ,Riverside Walk,1277,member,1968,0.00
116681,20/04/2026 17:19,20/04/2026 17:33,Botanic Gardens,Botanic Gardens,1249,member,2003,0.00
116682,20/04/2026 17:23,20/04/2026 17:39,Aurora & 40th,Northgate Transit Hub,1024,member,,0.00
116683,20/04/2026 17:48,20/04/2026 18:11,Poplar Circle,Poplar Circle,1152,casual,2002,4.45
116684,20/04/2026 18:13,20/04/2026 18:46,Guildhall Steps,Dockside Market,1086,member,1973,0.00
116685,20/04/2026 18:30,20/04/2026 18:35,Lighthouse Point,Seawall Promenade,1014,MEMBER,1991,0.00
116686,20/04/2026 18:57,20/04/2026 19:18,Guildhall Steps,Guildhall Steps,1350,member,1982,0.00
116687,20/04/2026 19:02,20/04/2026 19:26,Athletics Center,Athletics Center,1024,member,1992,0.00
116688,20/04/2026 19:20,20/04/2026 19:28,Hillcrest Point,Hillcrest Point,1350,casual,2003,2.20
116689,20/04/2026 19:43,20/04/2026 19:50,Cobbler's Row,Cedar Park Loop,1011,member,1974,0.00
116690,20/04/2026 19:49,20/04/2026 20:37,Harbor East,Northgate Transit Hub,1265,casual,1988,8.20
116691,20/04/2026 19:52,20/04/2026 20:11,Gasometer Park,Summit Ridge,1245,member,1983,0.00
116692,20/04/2026 20:04,20/04/2026 20:27,University Gate,Rosemont & 5th,1057,member,2001,0.00
116693,20/04/2026 20:15,20/04/2026 20:35,Central Station,Cobbler's Row,1250,member,1991,0.00
116694,20/04/2026 20:18,20/04/2026 20:35,Student Commons,Clocktower Plaza,1242,MEMBER,1974,0.00
116695,20/04/2026 20:21,20/04/2026 20:48,University Gate,Merchant Hall,1274,casual,1978,5.05
116696,20/04/2026 20:27,20/04/2026 21:35,Old Mill Crossing,Westfield Green,1268,Casual,1978,11.35
116697,20/04/2026 21:01,20/04/2026 21:14,Seawall Promenade,Grand & 9th,1152,casual,1976,3.10
116698,20/04/2026 21:49,20/04/2026 21:55,Warehouse Row,Fountain Court,1350,member,1978,0.00
116699,20/04/2026 22:53,20/04/2026 23:20,Gasometer Park,Gasometer Park,1135,Member,1991,0.00
116700,20/04/2026 23:08,20/04/2026 23:15,Student Commons,Warehouse Row,1011,member,1995,0.00
116701,21/04/2026 07:28,21/04/2026 07:42,Old Town Square,Old Town Square,1315,member,1987,0.00
116702,21/04/2026 07:50,21/04/2026 08:02,Seawall Promenade,Aurora & 22nd,1274,casual,1985,2.80
116703,21/04/2026 07:54,21/04/2026 08:10,Old Town Square,King's Cross Lane,1206,member,1964,0.00
116704,21/04/2026 07:55,21/04/2026 08:14,City Hall,Old Town Square,1201,Member,2004,0.00
116705,21/04/2026 08:34,21/04/2026 09:08,Kayak Launch,Kayak Launch,1259,casual,1978,6.25
116706,21/04/2026 08:39,21/04/2026 09:20,Riverside Walk,Old Town Square,1197,casual,1971,7.30
116707,21/04/2026 08:45,21/04/2026 09:14,Warehouse Row,Sunset Boulevard,1135,member,2004,0.00
116708,21/04/2026 08:47,21/04/2026 09:22,Westfield Green,Grand & 3rd,1020,member,1981,0.00
116709,21/04/2026 09:09,21/04/2026 09:20,King's Cross Lane,City Hall,1236,member,1900,0.00
116710,21/04/2026 09:11,21/04/2026 09:22,Summit Ridge,Dockside Market,1162,member,1977,0.00
116711,21/04/2026 09:16,21/04/2026 09:22,Maple Grove,Maple Grove,1268,MEMBER,1988,0.00
116712,21/04/2026 09:25,21/04/2026 09:32,Old Town Square,Old Town Square,1044,member,1961,0.00
116713,21/04/2026 09:26,21/04/2026 09:36,Kayak Launch,Kayak Launch,1255,Member,1960,0.00
116714,21/04/2026 10:38,21/04/2026 10:48,Warehouse Row,Cobbler's Row,1273,member,1990,0.00
116715,21/04/2026 11:21,21/04/2026 11:44,Summit Ridge,Old Mill Crossing,1233,member,1963,0.00
116716,21/04/2026 11:46,21/04/2026 11:58,Science Quad,Ferry Landing,1142,MEMBER,1982,0.00
116717,21/04/2026 12:14,21/04/2026 12:30,Old Town Square,Exchange Street,1209,member,1995,0.00
116718,21/04/2026 12:16,21/04/2026 12:31,Marina Green,Marina Green,1227,member,1982,0.00
116719,21/04/2026 12:41,21/04/2026 13:34,Merchant Hall,Merchant Hall,1011,casual,1992,8.95
116720,21/04/2026 12:49,21/04/2026 12:56,Tannery Yard,Tannery Yard,1077,casual,1990,2.05
116721,21/04/2026 13:14,21/04/2026 13:21,Maple Grove,Maple Grove,1062,member,1985,0.00
116722,21/04/2026 14:24,21/04/2026 14:27,Science Quad,Old Town Square,1022,member,1984,0.00
116723,21/04/2026 14:37,21/04/2026 15:04,Pier 12,Lighthouse Point,1287,casual,1978,5.20
116724,21/04/2026 15:18,21/04/2026 15:25,Pier 12,Botanic Gardens,1319,casual,1985,2.20
116725,21/04/2026 15:22,21/04/2026 15:30,Meridian Tower,Old Town Square,1217,member,1974,0.00
116726,21/04/2026 16:12,21/04/2026 16:20,Summit Ridge,Sunset Boulevard,1201,member,1964,0.00
116727,21/04/2026 16:38,21/04/2026 16:44,Westfield Green,Grand & 3rd,1172,member,1989,
116728,21/04/2026 16:48,21/04/2026 17:15,Kayak Launch,Willow Bend,1233,casual,1966,5.05
116729,21/04/2026 17:01,21/04/2026 17:21,Old Town Square,Old Town Square,1070,member,1991,0.00
116730,21/04/2026 17:02,21/04/2026 17:07,University Gate,Student Commons,1094,member,2001,0.00
116731,21/04/2026 17:19,21/04/2026 17:41,Cedar Park Loop,Kayak Launch,1350,casual,1969,4.45
116732,21/04/2026 17:30,21/04/2026 17:40,Cedar Park Loop,Old Town Square,1158,member,1978,0.00
116733,21/04/2026 17:37,21/04/2026 18:00,Tramline Depot,Athletics Center,1155,casual,1967,4.45
116734,21/04/2026 17:38,21/04/2026 17:58,Central Station,Harbor West,1100,casual,1991,4.00
116735,21/04/2026 18:27,21/04/2026 18:45,Harbor East,City Hall,1095,Member,1997,0.00
116736,21/04/2026 18:29,21/04/2026 18:51,Maple Grove,Steelworks Gate,1285,casual,1993,4.45
116737,21/04/2026 18:40,21/04/2026 18:59,Student Commons,Student Commons,1215,casual,1969,4.00
116738,21/04/2026 18:44,21/04/2026 18:50,Summit Ridge,Cobbler's Row,1194,member,1993,0.00
116739,21/04/2026 19:10,21/04/2026 19:16,City Hall,POPLAR CIRCLE,1236,member,1970,0.00
116740,21/04/2026 19:15,21/04/2026 19:30,Athletics Center,Gasometer Park,1040,member,1981,0.00
116741,21/04/2026 19:21,21/04/2026 19:25,Old Town Square,Old Town Square,1206,member,1991,0.00
116742,21/04/2026 19:25,21/04/2026 19:31,Pier 12,Seawall Promenade,1247,member,1990,0.00
116743,21/04/2026 19:28,21/04/2026 19:41,Kayak Launch,Kayak Launch,1158,member,1986,0.00
116744,21/04/2026 19:51,21/04/2026 20:08,Old Town Square,Seawall Promenade,1079,member,1983,0.00
116745,21/04/2026 19:57,21/04/2026 20:46,Orchard Lane,Aurora & 22nd,1059,casual,1985,8.35
116746,21/04/2026 19:59,21/04/2026 20:22,Northgate Mall,Dockside Market,1017,Casual,1976,4.45
116747,21/04/2026 20:07,21/04/2026 21:29,Student Commons,Summit Ridge,1276,casual,1978,13.45
116748,21/04/2026 20:58,21/04/2026 21:09,Library Mall,Aurora & 22nd,1125,member,1991,0.00
116749,21/04/2026 21:00,21/04/2026 21:08,Harbor East,Old Town Square,1180,casual,1967,2.35
116750,21/04/2026 21:34,21/04/2026 22:33,Dockside Market,Old Town Square,1229,Casual,1987,9.85
116751,21/04/2026 22:50,21/04/2026 23:07,Gasometer Park,Science Quad,1197,member,1988,0.00
116752,22/04/2026 03:08,22/04/2026 03:26,Warehouse Row,Merchant Hall,1281,member,1991,0.00
116753,22/04/2026 05:00,22/04/2026 05:34,Old Town Square,Steelworks Gate,1108,Casual,1998,6.10
116754,22/04/2026 06:18,22/04/2026 06:35,Summit Ridge,Old Town Square,1058,member,1962,0.00
116755,22/04/2026 06:54,22/04/2026 07:00,Observatory Hill,Seawall Promenade,1133,member,1978,0.00
116756,22/04/2026 07:43,22/04/2026 08:05,Central Station,Westfield Green,1262,casual,1980,4.30
116757,22/04/2026 08:00,22/04/2026 08:04,Marina Green,Westfield Green,1315,member,1900,0.00
116758,22/04/2026 08:06,22/04/2026 08:16,Foundry District,Central Station,1168,MEMBER,1976,0.00
116759,22/04/2026 08:08,22/04/2026 08:31,Gasometer Park,Gasometer Park,1206,member,1966,0.00
116760,22/04/2026 08:17,22/04/2026 08:21,University Gate,Old Town Square,1136,Member,1990,0.00
116761,22/04/2026 08:32,22/04/2026 08:49,Warehouse Row,Ferry Landing,1241,member,1996,0.00
116761,22/04/2026 08:32,22/04/2026 08:49,Warehouse Row,Ferry Landing,1241,member,1996,0.00
116762,22/04/2026 08:48,22/04/2026 09:13,Riverside Walk,Sunset Boulevard,1248,casual,1967,4.90
116763,22/04/2026 08:53,22/04/2026 09:07,Northgate Transit Hub,City Hall,1190,member,1996,0.00
116764,22/04/2026 08:55,22/04/2026 09:06,athletics center,Dockside Market,1054,member,1964,0.00
116765,22/04/2026 08:56,22/04/2026 09:04,Old Town Square,Old Town Square,1013,casual,2001,2.20
116766,22/04/2026 09:12,22/04/2026 09:32,Harbor East,Old Town Square,1216,casual,1969,4.00
116767,22/04/2026 09:16,22/04/2026 09:46,Orchard Lane,Warehouse Row,1350,casual,1981,5.50
116768,22/04/2026 09:59,22/04/2026 10:29,Ferry Landing,Central Station ,1329,casual,1987,5.65
116769,22/04/2026 10:12,22/04/2026 10:22,Riverside Walk,Exchange Street,1126,member,1992,0.00
116770,22/04/2026 11:07,22/04/2026 11:21,Harbor West,Old Town Square,1116,member,1993,0.00
116771,22/04/2026 12:26,22/04/2026 12:33,Orchard Lane,City Hall,1298,member,1985,0.00
116772,22/04/2026 13:09,22/04/2026 13:15,Foundry District,Athletics Center,1179,member,1994,0.00
116773,22/04/2026 13:28,22/04/2026 13:34,Pier 12,Heron Park,1276,casual,1992,2.05
116774,22/04/2026 13:36,22/04/2026 14:10,Observatory Hill,Old Town Square,1222,casual,1996,6.10
116775,22/04/2026 13:56,22/04/2026 14:13,Union Plaza,City Hall,1243,member,1975,0.00
116776,22/04/2026 14:28,22/04/2026 15:17,Old Town Square,Dockside Market,1297,Casual,1974,8.50
116777,22/04/2026 14:47,22/04/2026 15:04,Tramline Depot,Athletics Center,1143,member,1984,0.00
116778,22/04/2026 15:45,22/04/2026 15:58,Warehouse Row,Old Town Square,1034,member,1967,0.00
116779,22/04/2026 15:48,22/04/2026 15:56,Weaver Street,Science Quad,1110,member,1993,0.00
116780,22/04/2026 16:05,22/04/2026 16:18,Pier 12,Maple Grove,1133,casual,1978,2.95
116781,22/04/2026 16:17,22/04/2026 16:31,Willow Bend,Central Station,1271,member,1963,0.00
116782,22/04/2026 16:19,22/04/2026 16:29,Central Station,Central Station,1060,Member,2004,0.00
116783,22/04/2026 16:29,22/04/2026 16:36,Pier 12,Old Town Square,1190,member,,0.00
116784,22/04/2026 17:27,22/04/2026 17:39,Seawall Promenade,Clocktower Plaza,1162,Member,1984,0.00
116785,22/04/2026 17:32,22/04/2026 17:55,University Gate,Science Quad,1260,casual,1991,4.45
116786,22/04/2026 17:42,22/04/2026 17:58,Central Station,Northgate Mall,1325,member,1989,0.00
116787,22/04/2026 17:45,22/04/2026 17:50,Old Town Square,Old Town Square,1259,Member,1987,0.00
116788,22/04/2026 17:50,22/04/2026 18:09,Botanic Gardens,Seawall Promenade,1132,casual,1972,4.00
116789,22/04/2026 17:58,22/04/2026 18:10,Northgate Transit Hub,Student Commons,1272,member,1991,0.00
116790,22/04/2026 18:12,22/04/2026 18:47,Hillcrest Point,City Hall,1348,casual,1980,6.40
116791,22/04/2026 18:17,22/04/2026 18:49,Cedar Park Loop,Summit Ridge,1011,casual,1980,5.95
116792,22/04/2026 18:17,22/04/2026 18:26,Athletics Center,Athletics Center,1289,casual,1960,2.35
116793,22/04/2026 18:30,22/04/2026 19:43,Central Station,Rosemont & 5th,1044,casual,,12.10
116794,22/04/2026 18:57,22/04/2026 19:18,University Gate,Central Station,1173,casual,1975,4.30
116795,22/04/2026 19:23,22/04/2026 19:43,Warehouse Row,Harbor West,1349,Member,1997,0.00
116796,22/04/2026 20:32,22/04/2026 20:48,Student Commons,Cedar Park Loop,1175,casual,1971,3.40
116797,22/04/2026 20:54,22/04/2026 21:01,Northgate Transit Hub,City Hall,1020,member,1997,0.00
116798,22/04/2026 21:27,22/04/2026 21:58,Central Station,Central Station,1185,Member,1999,0.00
116799,22/04/2026 22:13,22/04/2026 22:19,Aurora & 22nd,Floodgate Road,1283,member,1992,0.00
116800,22/04/2026 22:59,22/04/2026 23:35, Steelworks Gate,University Gate,1319,member,1995,0.00
116801,23/04/2026 00:09,23/04/2026 00:13,Warehouse Row,Gasometer Park,1347,member,1982,0.00
116802,23/04/2026 05:11,23/04/2026 05:17,Riverside Walk,Exchange Street,1345,member,1984,0.00
116803,23/04/2026 06:29,23/04/2026 07:00,Summit Ridge,Summit Ridge,1011,Member,1974,0.00
116804,23/04/2026 06:41,23/04/2026 06:46,Birchwood Terrace,City Hall,1044,member,1990,0.00
116805,23/04/2026 07:30,23/04/2026 07:40,Clocktower Plaza,Northgate Transit Hub,1350,member,1980,0.00
116806,23/04/2026 07:41,23/04/2026 07:46,Pier 12,Cobbler's Row,1018,casual,1998,1.75
116807,23/04/2026 07:53,23/04/2026 08:04,Athletics Center,Athletics Center,1324,member,1987,0.00
116808,23/04/2026 08:22,23/04/2026 08:30,Central Station,Aurora & 22nd,1347,member,1976,0.00
116809,23/04/2026 08:44,23/04/2026 09:32,Old Town Square,Old Town Square,1143,casual,1996,8.20
116810,23/04/2026 09:02,23/04/2026 09:16,Aurora & 40th,Pier 12,1222,Casual,1987,3.25
116811,23/04/2026 09:47,23/04/2026 10:11,Dockside Market,Dockside Market,1158,Casual,1971,4.60
116812,23/04/2026 11:05,23/04/2026 11:33,Old Town Square,Orchard Lane,1286,member,1992,0.00
116813,23/04/2026 12:20,23/04/2026 12:35,Cobbler's Row,Summit Ridge,1011,casual,1993,3.40
116814,23/04/2026 12:34,23/04/2026 12:45,Riverside Walk,Steelworks Gate,1216,casual,1965,2.65
116815,23/04/2026 13:13,23/04/2026 13:36,Guildhall Steps,Central Station,1120,member,1982,0.00
116816,23/04/2026 13:16,23/04/2026 13:30,Maple Grove,Old Town Square,1350,member,1988,0.00
116817,23/04/2026 13:21,23/04/2026 13:29,Summit Ridge,Athletics Center,1213,member,1981,0.00
116818,23/04/2026 14:22,23/04/2026 14:49,campus north,University Gate,1169,casual,1984,5.05
116819,23/04/2026 14:45,23/04/2026 15:15,Gasometer Park,Gasometer Park,1077,casual,1988,5.65
116820,23/04/2026 14:52,23/04/2026 15:17,Seawall Promenade,Old Town Square,1278,casual,1985,4.75
116821,23/04/2026 15:59,23/04/2026 16:34,Sunset Boulevard,Cobbler's Row,1233,casual,1995,6.40
116822,23/04/2026 16:03,23/04/2026 16:47,Warehouse Row,Dockside Market,1079,casual,1965,7.60
116823,23/04/2026 16:10,23/04/2026 16:26,Opera House,Seawall Promenade,1037,Member,1994,0.00
116824,23/04/2026 16:15,23/04/2026 16:24,Harbor West,Observatory Hill,1302,casual,1989,2.35
116825,23/04/2026 16:45,23/04/2026 16:59,Kayak Launch,Athletics Center,1013,member,1986,0.00
116826,23/04/2026 16:59,23/04/2026 17:09,University Gate,Central Station ,1195,member,1975,0.00
116827,23/04/2026 16:59,23/04/2026 17:07,Seawall Promenade,Kayak Launch,1232,member,1987,0.00
116828,23/04/2026 17:12,23/04/2026 17:36,Student Commons,Library Mall,1165,casual,1996,4.60
116829,23/04/2026 17:12,23/04/2026 17:25,Seawall Promenade,Seawall Promenade,1069,member,1996,0.00
116830,23/04/2026 17:14,23/04/2026 17:24,Central Station,Central Station,1108,Member,1993,0.00
116831,23/04/2026 17:16,23/04/2026 17:19,Steelworks Gate,Exchange Street,1290,member,1957,0.00
116832,23/04/2026 17:30,23/04/2026 17:41,Lighthouse Point,Lighthouse Point,1218,Casual,1967,2.80
116833,23/04/2026 17:34,23/04/2026 18:08,Tramline Depot,Northgate Mall,1341,member,1973,0.00
116834,23/04/2026 17:36,23/04/2026 17:51,Warehouse Row,Cobbler's Row,1216,member,1989,0.00
116835,23/04/2026 17:37,23/04/2026 18:04,Central Station,Old Town Square,1088,casual,1986,5.05
116836,23/04/2026 17:49,23/04/2026 18:08,Gasometer Park,Gasometer Park,1204,member,2001,0.00
116837,23/04/2026 18:07,23/04/2026 18:20,Opera House,Tannery Yard,1262,member,1983,0.00
116838,23/04/2026 18:33,23/04/2026 19:04,Meridian Tower,Meridian Tower,1085,casual,1969,5.65
116839,23/04/2026 18:57,23/04/2026 19:04,Pier 12,Athletics Center,1278,member,1991,0.00
116840,23/04/2026 18:59,23/04/2026 19:02,Opera House,Kayak Launch,1273,member,1980,0.00
116841,23/04/2026 19:54,23/04/2026 20:02,Science Quad,Poplar Circle,1065,member,1975,0.00
116842,23/04/2026 20:18,23/04/2026 20:35,Maple Grove,Kayak Launch,1108,member,2000,0.00
116843,23/04/2026 20:28,23/04/2026 20:37,Old Mill Crossing,Dockside Market,1350,member,,0.00
116844,23/04/2026 20:49,23/04/2026 21:01,Riverside Walk,Exchange Street,1085,member,1970,0.00
116845,23/04/2026 21:40,23/04/2026 21:52,Harbor East,Old Town Square,1315,member,1980,0.00
116846,23/04/2026 21:52,23/04/2026 22:08,Pier 12,Willow Bend,1276,member,1967,0.00
116847,24/04/2026 06:08,24/04/2026 06:39,Dockside Market,Dockside Market,1241,casual,1961,5.65
116848,24/04/2026 06:40,24/04/2026 06:53,Clocktower Plaza,Harbor East,1206,member,1995,0.00
116849,24/04/2026 07:16,24/04/2026 07:26,Kayak Launch,Pier 12,1225,member,1996,0.00
116850,24/04/2026 07:26,24/04/2026 07:57,Pier 12,Seawall Promenade,1256,casual,,5.80
116851,24/04/2026 07:29,24/04/2026 07:58,Kayak Launch,Kayak Launch,1027,Casual,1980,5.50
116852,24/04/2026 07:52,24/04/2026 07:58,Old Town Square,Kayak Launch,1041,member,2002,0.00
116853,24/04/2026 07:58,24/04/2026 09:08,Seawall Promenade,SEAWALL PROMENADE,1298,casual,1966,11.65
116854,24/04/2026 08:06,24/04/2026 08:57,Kayak Launch,Central Station,1128,casual,2001,8.65
116855,24/04/2026 08:54,24/04/2026 08:56,Warehouse Row,Warehouse Row,1041,member,1988,0.00
116856,24/04/2026 08:55,24/04/2026 09:05,Sunset Boulevard,Rosemont & 5th,1062,member,1991,0.00
116857,24/04/2026 08:58,24/04/2026 09:02,Maple Grove,Tannery Yard,1201,member,1988,0.00
116858,24/04/2026 09:14,24/04/2026 09:36,Dockside Market,Old Town Square,1158,casual,1997,4.45
116859,24/04/2026 09:21,24/04/2026 09:26,Orchard Lane,Heron Park,1276,member,1996,0.00
116860,24/04/2026 10:33,24/04/2026 10:46,Clocktower Plaza,Steelworks Gate,1350,casual,1982,3.10
116861,24/04/2026 11:12,24/04/2026 11:24,Northgate Transit Hub,Northgate Transit Hub,1347,casual,1992,2.95
116862,24/04/2026 11:35,24/04/2026 11:41,Sunset Boulevard,Lighthouse Point,1286,casual,1995,2.05
116863,24/04/2026 12:30,24/04/2026 12:41,Summit Ridge,Northgate Mall,1331,member,1990,0.00
116864,24/04/2026 12:30,24/04/2026 12:53,Westfield Green,Grand & 3rd,1348,casual,1987,4.45
116865,24/04/2026 12:35,24/04/2026 12:57,Cedar Park Loop,Maple Grove,1226,casual,1968,4.45
116866,24/04/2026 12:53,24/04/2026 12:58,Student Commons,Cathedral Gate,1246,member,1991,0.00
116867,24/04/2026 13:20,24/04/2026 13:34,Riverside Walk,Seawall Promenade,1306,member,1986,0.00
116868,24/04/2026 13:37,24/04/2026 13:54,Exchange Street,Cedar Park Loop,1268,casual,1980,3.55
116869,24/04/2026 14:01,24/04/2026 14:08,City Hall,Kayak Launch,1209,member,1990,0.00
116870,24/04/2026 14:03,24/04/2026 14:20,Gasometer Park,Fountain Court,1335,Casual,1981,3.70
116871,24/04/2026 14:10,24/04/2026 14:15,Gasometer Park,Lighthouse Point,1117,Member,1975,0.00
116872,24/04/2026 14:17,24/04/2026 14:21,Old Mill Crossing,Old Mill Crossing,1213,casual,1992,1.75
116873,24/04/2026 14:33,24/04/2026 15:05,Athletics Center,Athletics Center,1217,casual,1982,5.80
116874,24/04/2026 14:42,24/04/2026 15:03,Central Station,University Gate,1283,Casual,1958,4.15
116875,24/04/2026 14:50,24/04/2026 15:15,Opera House,Opera House,1165,Casual,1992,4.75
116876,24/04/2026 15:01,24/04/2026 15:05,Old Mill Crossing,Harbor East,1112,member,1994,0.00
116877,24/04/2026 16:12,24/04/2026 16:23,Harbor East,Ferry Landing,1327,casual,1988,2.80
116878,24/04/2026 16:16,24/04/2026 16:39,maple grove,Maple Grove,1229,casual,1978,4.60
116879,24/04/2026 16:17,24/04/2026 16:24, Science Quad,Science Quad,1280,member,,0.00
116880,24/04/2026 16:24,24/04/2026 16:41,Old Mill Crossing,Pier 12,1206,member,1988,0.00
116881,24/04/2026 16:27,24/04/2026 16:45,Northgate Transit Hub,University Gate,1306,casual,1996,3.70
116882,24/04/2026 16:52,24/04/2026 17:18,Kayak Launch,Kayak Launch,1150,casual,1992,4.90
116883,24/04/2026 17:00,24/04/2026 17:13,Cedar Park Loop,Central Station,1278,member,1979,0.00
116884,24/04/2026 17:05,24/04/2026 17:12,Observatory Hill,Marina Green,1255,member,2001,0.00
116885,24/04/2026 17:09,24/04/2026 17:28,Summit Ridge,Cobbler's Row,1209,casual,1972,3.85
116886,24/04/2026 17:30,24/04/2026 17:41,Maple Grove,Tramline Depot ,1058,member,1991,0.00
116887,24/04/2026 17:43,24/04/2026 17:48,Northgate Mall,Westfield Green,1246,casual,2004,1.75
116888,24/04/2026 17:55,24/04/2026 18:06,Sunset Boulevard,Poplar Circle,1072,member,1977,0.00
116889,24/04/2026 17:59,24/04/2026 18:05,Old Town Square,Lighthouse Point,1092,member,1997,0.00
116890,24/04/2026 18:03,24/04/2026 18:12,Sunset Boulevard,Pier 12,1310,member,1983,0.00
116891,24/04/2026 18:05,24/04/2026 18:18,Grand & 9th,Northgate Transit Hub,1175,casual,1994,2.95
116892,24/04/2026 18:28,24/04/2026 18:37,Gasometer Park,Old Town Square,1122,member,1994,0.00
116893,24/04/2026 18:42,24/04/2026 18:49,Pier 12,Old Town Square,1225,member,1992,0.00
116894,24/04/2026 18:56,24/04/2026 19:20,Harbor East,Warehouse Row,1347,member,1987,0.00
116895,24/04/2026 19:02,24/04/2026 19:20,Old Town Square,Central Station,1044,casual,1999,3.85
116896,24/04/2026 19:37,24/04/2026 20:07,Pier 12,Cobbler's Row,1199,Member,1982,0.00
116897,24/04/2026 20:05,24/04/2026 20:18,Old Town Square ,Old Town Square,1016,Member,1990,0.00
116898,24/04/2026 20:12,24/04/2026 20:23,Kayak Launch,Central Station,1246,casual,1994,2.65
116899,24/04/2026 20:40,24/04/2026 21:48,Old Town Square,Birchwood Terrace,1327,Casual,1997,11.35
116900,24/04/2026 20:44,24/04/2026 21:01,Maple Grove,University Gate,1098,member,1998,0.00
116901,24/04/2026 20:46,24/04/2026 21:03,Union Plaza,Northgate Mall,1293,Casual,1988,3.70
116902,25/04/2026 00:36,25/04/2026 01:11,Marina Green,Marina Green,1125,casual,1997,6.40
116903,25/04/2026 05:14,25/04/2026 05:21,Riverside Walk,Exchange Street,1242,member,1970,0.00
116904,25/04/2026 06:08,25/04/2026 06:15,Old Town Square,Seawall Promenade,1072,Member,1970,0.00
116905,25/04/2026 06:35,25/04/2026 07:14,City Hall,Pier 12,1221,casual,2000,6.85
116906,25/04/2026 08:08,25/04/2026 08:22,Old Town Square,Athletics Center,1011,casual,1964,3.25
116907,25/04/2026 08:12,25/04/2026 08:19,Harbor West,Tannery Yard,1204,member,1973,0.00
116908,25/04/2026 08:26,25/04/2026 08:40,Gasometer Park,Gasometer Park,1261,member,1996,0.00
116909,25/04/2026 09:13,25/04/2026 09:33,Northgate Transit Hub,Union Plaza,1166,casual,,4.00
116910,25/04/2026 10:04,25/04/2026 10:15,Lighthouse Point,Science Quad,1082,member,1979,0.00
116911,25/04/2026 10:06,25/04/2026 10:27,Harbor East,Old Town Square,1184,casual,1994,4.30
116912,25/04/2026 10:20,25/04/2026 10:37,Old Town Square,Cobbler's Row,1244,casual,1971,3.55
116913,25/04/2026 10:28,25/04/2026 10:43,Tannery Yard,Gasometer Park,1324,casual,1984,3.25
116914,25/04/2026 10:37,25/04/2026 10:56,Old Town Square,Old Town Square,1341,Casual,1982,3.85
116915,25/04/2026 11:14,25/04/2026 11:37,Gasometer Park,Botanic Gardens,1262,casual,1992,4.60
116916,25/04/2026 12:00,25/04/2026 12:28,Athletics Center,City Hall,1244,casual,1990,5.35
116917,25/04/2026 12:06,25/04/2026 12:41,Old Mill Crossing,Cobbler's Row,1094,casual,1980,6.25
116918,25/04/2026 12:26,25/04/2026 12:33,Grand & 9th ,University Gate,1255,member,1977,0.00
116919,25/04/2026 12:33,25/04/2026 13:06,Steelworks Gate,Steelworks Gate,1051,Casual,1979,5.95
116920,25/04/2026 12:44,25/04/2026 13:01,City Hall,Aurora & 22nd,1201,member,2000,0.00
116921,25/04/2026 12:47,25/04/2026 13:05,Student Commons,Merchant Hall,1248,member,1982,0.00
116922,25/04/2026 12:49,25/04/2026 13:09,Gasometer Park,Gasometer Park,1233,member,1991,0.00
116923,25/04/2026 13:22,25/04/2026 13:31,Union Plaza,Central Station,1044,casual,1986,2.35
116924,25/04/2026 13:24,25/04/2026 13:38,Old Town Square,Tramline Depot,1058,member,1982,0.00
116925,25/04/2026 13:25,25/04/2026 13:43,Old Town Square,Pier 12,1278,casual,1994,3.70
116926,25/04/2026 13:30,25/04/2026 13:41,Gasometer Park,Gasometer Park,1201,member,1967,0.00
116927,25/04/2026 13:48,25/04/2026 14:01,Clocktower Plaza,Cobbler's Row,1277,member,1977,0.00
116928,25/04/2026 14:56,25/04/2026 15:13,Kayak Launch,Kayak Launch,1101,casual,1990,3.55
116929,25/04/2026 14:57,25/04/2026 15:09,Gasometer Park,Old Town Square,1172,member,1965,0.00
116930,25/04/2026 15:10,25/04/2026 15:23,Aurora & 22nd,Athletics Center,1119,casual,1993,2.95
116931,25/04/2026 15:29,25/04/2026 15:37,Campus North,Fountain Court,1341,casual,1999,2.35
116932,25/04/2026 15:46,25/04/2026 16:01,Botanic Gardens,Old Town Square,1231,Casual,1999,3.40
116933,25/04/2026 15:50,25/04/2026 16:10,Harbor West,Harbor West,1206,Casual,1981,4.15
116934,25/04/2026 16:13,25/04/2026 16:24,Summit Ridge,Old Mill Crossing,1026,casual,1970,2.65
116935,25/04/2026 16:21,25/04/2026 16:39,Marina Green,Old Town Square,1342,casual,1980,3.70
116936,25/04/2026 17:25,25/04/2026 18:36,Aurora & 22nd,Gasometer Park,1187,casual,1976,11.65
116937,25/04/2026 17:43,25/04/2026 18:04,Old Town Square,Seawall Promenade,1152,casual,2003,4.30
116938,25/04/2026 17:55,25/04/2026 18:00,Northgate Transit Hub,Grand & 9th,1225,member,1994,0.00
116939,25/04/2026 18:49,25/04/2026 18:54,Science Quad,Union Plaza,1049,Member,1994,0.00
116940,25/04/2026 18:58,25/04/2026 19:35,Athletics Center,City Hall,1173,casual,1970,6.55
116941,25/04/2026 19:12,25/04/2026 19:35,Science Quad,Science Quad,1157,member,1982,0.00
116942,25/04/2026 19:40,25/04/2026 19:54,Cobbler's Row,Aurora & 22nd,1126,casual,1986,3.10
116943,25/04/2026 20:03,25/04/2026 20:18,Opera House,Opera House,1145,member,1973,0.00
116944,25/04/2026 20:35,25/04/2026 21:33,Athletics Center,Summit Ridge,1198,casual,1994,9.70
116945,25/04/2026 21:07,25/04/2026 21:46,Northgate Transit Hub,Orchard Lane,1236,Casual,1985,6.85
116946,25/04/2026 21:28,25/04/2026 21:33,Dockside Market,Pier 12,1252,member,1998,0.00
116947,25/04/2026 21:40,25/04/2026 21:54,Kayak Launch,Old Town Square,1197,casual,1985,3.10
116948,25/04/2026 21:57,25/04/2026 22:21,Northgate Mall,Science Quad,1158,member,1990,0.00
116949,25/04/2026 22:35,25/04/2026 22:45,Lighthouse Point,Lighthouse Point,1217,casual,1985,2.50
116950,26/04/2026 05:11,26/04/2026 05:49,Athletics Center,Athletics Center,1209,Casual,1987,6.70
116951,26/04/2026 07:20,26/04/2026 07:33,Cedar Park Loop,Central Station,1338,member,2005,0.00
116952,26/04/2026 08:46,26/04/2026 08:51,Exchange Street,Maple Grove,1220,casual,1988,1.90
116953,26/04/2026 09:15,26/04/2026 09:29,City Hall,Cobbler's Row,1189,casual,1982,3.10
116954,26/04/2026 10:02,26/04/2026 10:59,Riverside Walk,Riverside Walk,1213,casual,2003,9.55
116955,26/04/2026 10:05,26/04/2026 10:27,Old Town Square,OLD TOWN SQUARE,1345,casual,1987,4.45
116956,26/04/2026 10:24,26/04/2026 11:14,Steelworks Gate,Steelworks Gate,1051,Member,1992,0.50
116957,26/04/2026 10:44,26/04/2026 11:01,Student Commons,Union Plaza,1228,member,1998,0.00
116958,26/04/2026 11:15,26/04/2026 11:31,Marina Green,Lighthouse Point,1311,member,1985,0.00
116959,26/04/2026 11:16,26/04/2026 11:24,Gasometer Park,Central Station ,1257,member,1991,0.00
116960,26/04/2026 11:41,26/04/2026 11:55,Observatory Hill,Gasometer Park,1074,member,1966,0.00
116961,26/04/2026 11:41,26/04/2026 11:50,Old Town Square,Old Town Square,1297,member,1988,0.00
116962,26/04/2026 11:54,26/04/2026 12:13,Botanic Gardens,Botanic Gardens,1254,casual,2003,3.85
116963,26/04/2026 11:55,26/04/2026 12:15,Old Town Square,Old Town Square,1119,Casual,1976,4.00
116964,26/04/2026 12:13,26/04/2026 12:22,Cedar Park Loop,Harbor East,1254,casual,2001,2.50
116965,26/04/2026 12:38,26/04/2026 12:47,Hillcrest Point,Hillcrest Point,1175,Member,1992,0.00
116966,26/04/2026 12:46,26/04/2026 13:06,King's Cross Lane,Gasometer Park,1190,casual,1975,4.15
116967,26/04/2026 13:10,26/04/2026 13:26,Sunset Boulevard,Steelworks Gate,1219,member,1986,0.00
116968,26/04/2026 13:12,26/04/2026 13:25,Fountain Court,Fountain Court,1222,casual,1990,3.10
116969,26/04/2026 13:22,26/04/2026 13:41,Old Town Square,Rosemont & 5th,1047,member,2006,0.00
116970,26/04/2026 13:41,26/04/2026 13:49,City Hall,City Hall,1072,member,1982,0.00
116971,26/04/2026 13:43,26/04/2026 14:05,Summit Ridge,Marina Green,1011,casual,1973,4.45
116972,26/04/2026 13:48,26/04/2026 13:55,Old Town Square,Athletics Center,1098,casual,1979,2.20
116973,26/04/2026 13:54,26/04/2026 14:00,Birchwood Terrace,Northgate Transit Hub,1233,member,1995,0.00
116974,26/04/2026 14:19,26/04/2026 14:33,Harbor West,Old Town Square,1216,member,1994,0.00
116975,26/04/2026 14:28,26/04/2026 14:46,Old Town Square,Observatory Hill,1027,member,1972,0.00
116976,26/04/2026 14:39,26/04/2026 14:57,Athletics Center,Northgate Transit Hub,1227,casual,1972,3.70
116977,26/04/2026 14:45,26/04/2026 14:56,Dockside Market,Central Station,1130,member,2000,0.00
116978,26/04/2026 14:48,26/04/2026 14:54,Aurora & 40th,Old Town Square,1201,member,1994,0.00
116979,26/04/2026 15:00,26/04/2026 15:12,Northgate Transit Hub,Clocktower Plaza,1242,casual,1982,2.95
116980,26/04/2026 15:28,26/04/2026 15:39,Old Town Square,Old Town Square,1016,member,1980,0.00
116981,26/04/2026 15:36,26/04/2026 16:54,Westfield Green,Westfield Green,1335,Casual,1964,12.85
116982,26/04/2026 16:07,26/04/2026 16:22,Maple Grove,Maple Grove,1011,casual,1973,3.25
116983,26/04/2026 16:28,26/04/2026 17:07,Lighthouse Point,Riverside Walk,1273,casual,1999,7.00
116984,26/04/2026 16:28,26/04/2026 16:32,Student Commons,Gasometer Park,1052,member,1989,0.00
116985,26/04/2026 17:47,26/04/2026 17:53,Central Station,Central Station,1120,member,1973,0.00
116986,26/04/2026 18:12,26/04/2026 18:22,Observatory Hill,Seawall Promenade,1248,member,1982,0.00
116987,26/04/2026 18:21,26/04/2026 18:41, Botanic Gardens,Botanic Gardens,1306,member,1966,0.00
116988,26/04/2026 18:32,26/04/2026 18:47,Pier 12,Summit Ridge,1080,member,1974,0.00
116989,26/04/2026 18:41,26/04/2026 19:43,Athletics Center ,observatory hill,1186,casual,1992,10.45
116990,26/04/2026 18:50,26/04/2026 19:14,Observatory Hill,Central Station,1157,casual,1998,4.75
116991,26/04/2026 19:09,26/04/2026 19:17,Kayak Launch,Kayak Launch,1268,member,1983,0.00
116992,26/04/2026 19:52,26/04/2026 20:13,Observatory Hill,Warehouse Row,1079,casual,1972,4.30
116993,26/04/2026 20:38,26/04/2026 20:45,Old Town Square,Westfield Green,1347,member,1975,0.00
116994,26/04/2026 22:31,26/04/2026 22:37,Riverside Walk,Athletics Center,1206,member,1993,0.00
116995,27/04/2026 00:02,27/04/2026 00:20,Cobbler's Row,City Hall,1344,Casual,1970,3.70
116996,27/04/2026 05:46,27/04/2026 06:01,Botanic Gardens,Harbor East,1079,member,1975,0.00
116997,27/04/2026 06:10,27/04/2026 06:32,University Gate,Central Station,1269,casual,1987,4.30
116998,27/04/2026 06:33,27/04/2026 06:39,Grand & 9th,Old Town Square,1277,member,1998,
116999,27/04/2026 07:43,27/04/2026 07:55,Observatory Hill,Observatory Hill,1219,member,1994,0.00
117000,27/04/2026 07:58,27/04/2026 08:06,Kayak Launch,Maple Grove,1277,member,1993,0.00
117001,27/04/2026 08:07,27/04/2026 08:23,Kayak Launch ,Observatory Hill,1094,member,1996,0.00
117002,27/04/2026 08:13,27/04/2026 08:15,Cobbler's Row,Kayak Launch,1324,member,1984,0.00
117003,27/04/2026 08:19,27/04/2026 08:35,City Hall,Sunset Boulevard,1060,member,1980,0.00
117004,27/04/2026 08:21,27/04/2026 08:32,Kayak Launch,Student Commons,1277,casual,1999,2.80
117005,27/04/2026 08:27,27/04/2026 08:42,Aurora & 22nd,Old Town Square,1233,member,1981,0.00
117006,27/04/2026 08:44,27/04/2026 08:49,Hillcrest Point ,Hillcrest Point,1333,member,1990,0.00
117007,27/04/2026 08:45,27/04/2026 09:11,City Hall,Cedar Park Loop,1311,casual,1986,5.05
117008,27/04/2026 08:52,27/04/2026 09:04,Botanic Gardens,Observatory Hill,1217,member,1975,0.00
117009,27/04/2026 08:59,27/04/2026 09:12,Athletics Center,Athletics Center,1062,member,1983,0.00
117010,27/04/2026 09:05,27/04/2026 09:17,Student Commons,Harbor West,1048,member,1985,0.00
117011,27/04/2026 11:00,27/04/2026 11:08,Warehouse Row,University Gate,1249,casual,1987,2.20
117012,27/04/2026 11:09,27/04/2026 11:15,Old Town Square,University Gate,1097,member,1996,0.00
117013,27/04/2026 11:15,27/04/2026 11:28,Union Plaza,Union Plaza,1166,member,1975,0.00
117014,27/04/2026 11:22,27/04/2026 11:45,Old Town Square,City Hall,1057,member,1981,0.00
117015,27/04/2026 12:13,27/04/2026 12:19,Steelworks Gate,Steelworks Gate,1197,member,1969,0.00
117016,27/04/2026 12:40,27/04/2026 12:59,Gasometer Park,Grand & 3rd,1010,Member,1983,0.00
117017,27/04/2026 13:20,27/04/2026 13:53,Athletics Center,Cedar Park Loop,1016,Casual,1961,6.10
117018,27/04/2026 13:49,27/04/2026 14:16,Seawall Promenade,Old Town Square,1189,casual,1993,5.05
117019,27/04/2026 14:28,27/04/2026 14:34,TRAMLINE DEPOT,Pier 12,1065,casual,1969,2.05
117020,27/04/2026 14:28,27/04/2026 14:35,Meridian Tower,Meridian Tower,1001,casual,2003,2.05
117021,27/04/2026 14:47,27/04/2026 14:53,King's Cross Lane,Kayak Launch,1143,Casual,1987,2.05
117022,27/04/2026 14:52,27/04/2026 15:18,Harbor East,Old Town Square,1097,member,1974,0.00
117023,27/04/2026 15:03,27/04/2026 15:20,Library Mall,Lighthouse Point,1285,casual,1981,3.55
117024,27/04/2026 15:05,27/04/2026 15:23,Student Commons,Old Town Square,1166,casual,1982,3.85
117025,27/04/2026 15:06,27/04/2026 15:11,Union Plaza,Observatory Hill,1024,Member,1969,0.00
117026,27/04/2026 15:12,27/04/2026 15:24,Summit Ridge,Old Town Square,1045,member,1984,0.00
117027,27/04/2026 15:32,27/04/2026 15:45,Poplar Circle,Northgate Transit Hub,1297,member,1992,0.00
117028,27/04/2026 15:55,27/04/2026 16:19,library mall,Fountain Court,1238,member,1960,0.00
117029,27/04/2026 15:57,27/04/2026 16:10,Student Commons,Gasometer Park,1123,member,1962,0.00
117030,27/04/2026 16:41,27/04/2026 16:55,Science Quad,Kayak Launch,1022,casual,1992,3.25
117031,27/04/2026 16:55,27/04/2026 17:06,Aurora & 22nd,Ferry Landing,1267,MEMBER,1986,0.00
117032,27/04/2026 17:08,27/04/2026 17:16,Seawall Promenade,Seawall Promenade,1233,member,1998,0.00
117033,27/04/2026 17:17,27/04/2026 17:27,Fountain Court,Kayak Launch,1051,member,1976,0.00
117034,27/04/2026 17:51,27/04/2026 18:17,Ferry Landing,Central Station,1148,Casual,1999,4.90
117035,27/04/2026 17:52,27/04/2026 18:08,Botanic Gardens,Cobbler's Row,1166,member,1985,0.00
117036,27/04/2026 18:40,27/04/2026 19:19,Opera House,Exchange Street,1255,casual,1999,7.00
117037,27/04/2026 18:41,27/04/2026 18:47,Old Town Square,Old Mill Crossing,1174,member,1970,0.00
117038,27/04/2026 18:52,27/04/2026 19:02,Gasometer Park,Marina Green,1325,member,1969,0.00
117039,27/04/2026 19:55,27/04/2026 20:04,Athletics Center,Athletics Center,1238,casual,1993,2.50
117040,27/04/2026 20:07,27/04/2026 20:18,City Hall,Maple Grove,1145,Member,1981,0.00
117041,27/04/2026 20:09,27/04/2026 20:13,Floodgate Road,Steelworks Gate,1257,member,1987,0.00
117042,27/04/2026 20:27,27/04/2026 20:33,Old Town Square,City Hall,1083,member,1992,0.00
117043,27/04/2026 21:12,27/04/2026 21:26,Kayak Launch,Cedar Park Loop,1306,Member,1987,0.00
117044,27/04/2026 23:17,27/04/2026 23:52,Old Town Square,Ferry Meadow,1325,member,1983,0.00
117045,28/04/2026 06:07,28/04/2026 06:17,Kayak Launch,Cobbler's Row,1070,member,1980,0.00
117046,28/04/2026 06:17,28/04/2026 06:32,Seawall Promenade,Athletics Center,1047,member,1977,0.00
117047,28/04/2026 07:21,28/04/2026 07:32,Tannery Yard,Aurora & 40th,1261,member,1965,0.00
117048,28/04/2026 07:43,28/04/2026 07:56,Botanic Gardens,Pier 12,1015,member,1994,0.00
117049,28/04/2026 08:02,28/04/2026 08:24,Kayak Launch,Old Town Square,1077,member,1996,0.00
117050,28/04/2026 08:10,28/04/2026 08:19,Cedar Park Loop,Old Town Square,1144,member,1991,0.00
117051,28/04/2026 08:36,28/04/2026 08:40,Floodgate Road,Ferry Landing,1032,member,1985,0.00
117052,28/04/2026 08:38,28/04/2026 08:48,Old Mill Crossing,Old Mill Crossing ,1070,member,1992,0.00
117053,28/04/2026 08:39,28/04/2026 09:03,Cedar Park Loop,Old Town Square,1320,member,1972,0.00
117054,28/04/2026 08:43,28/04/2026 08:51,Central Station,Central Station,1072,casual,1990,2.35
117055,28/04/2026 08:50,28/04/2026 09:00,Botanic Gardens,Northgate Mall,1276,member,1994,0.00
117056,28/04/2026 08:56,28/04/2026 09:22,Kayak Launch,University Gate,1059,casual,1980,4.90
117057,28/04/2026 09:04,28/04/2026 09:15,Old Town Square,Old Town Square,1087,member,1988,0.00
117058,28/04/2026 09:45,28/04/2026 10:33,Heron Park,Central Station,1052,casual,1984,8.20
117058,28/04/2026 09:45,28/04/2026 10:33,Heron Park,Central Station,1052,casual,1984,8.20
117059,28/04/2026 09:53,28/04/2026 09:59,Sunset Boulevard,Clocktower Plaza,1164,member,1996,0.00
117060,28/04/2026 09:53,28/04/2026 10:06,Observatory Hill,steelworks gate,1177,casual,1994,2.95
117061,28/04/2026 10:18,28/04/2026 10:31,Gasometer Park,Northgate Mall,1197,MEMBER,2001,0.00
117062,28/04/2026 10:19,28/04/2026 10:37,Northgate Transit Hub,Harbor West,1301,member,1981,0.00
117063,28/04/2026 10:35,28/04/2026 10:53,Northgate Mall,Northgate Mall,1262,member,1986,0.00
117064,28/04/2026 10:46,28/04/2026 10:50,Old Mill Crossing,Ferry Meadow,1307,member,1969,0.00
117065,28/04/2026 11:02,28/04/2026 11:32,Seawall Promenade,Seawall Promenade,1208,casual,1964,5.65
117066,28/04/2026 11:07,28/04/2026 11:20,Gasometer Park,Observatory Hill,1144,member,1975,0.00
117067,28/04/2026 11:36,28/04/2026 12:10,Old Town Square,Old Mill Crossing,1338,Casual,2002,6.25
117068,28/04/2026 11:36,28/04/2026 11:45,Central Station,Central Station,1021,member,1983,0.00
117069,28/04/2026 12:02,28/04/2026 12:17,seawall promenade,Athletics Center,1095,casual,1979,3.25
117070,28/04/2026 13:10,28/04/2026 13:14,Old Mill Crossing,Central Station,1146,member,2002,0.00
117071,28/04/2026 14:11,28/04/2026 14:28,Gasometer Park,Gasometer Park,1209,Casual,1984,3.55
117072,28/04/2026 14:23,28/04/2026 14:47,Lighthouse Point,Maple Grove,1069,member,1999,0.00
117073,28/04/2026 15:11,28/04/2026 15:23,Meridian Tower,Meridian Tower,1092,member,,0.00
117074,28/04/2026 15:23,28/04/2026 16:06,Riverside Walk,Exchange Street,1010,Casual,1966,7.45
117075,28/04/2026 15:34,28/04/2026 15:59,Old Town Square,Birchwood Terrace,1142,member,1970,0.00
117076,28/04/2026 16:16,28/04/2026 16:35,Summit Ridge,Athletics Center,1044,member,1991,0.00
117077,28/04/2026 16:22,28/04/2026 16:30,Opera House,Opera House,1172,member,1986,0.00
117078,28/04/2026 16:56,28/04/2026 17:05,Poplar Circle,Cedar Park Loop,1164,member,1958,0.00
117079,28/04/2026 16:56,28/04/2026 17:04,Old Town Square,Pier 12,1026,member,1973,0.00
117080,28/04/2026 17:12,28/04/2026 17:32,Old Mill Crossing,Observatory Hill,1083,Casual,1985,4.00
117081,28/04/2026 17:28,28/04/2026 17:35,Athletics Center,Student Commons,1145,member,1967,0.00
117082,28/04/2026 17:31,28/04/2026 18:18,Clocktower Plaza,Cedar Park Loop,1013,casual,1995,8.05
117083,28/04/2026 17:52,28/04/2026 18:01,Athletics Center,Athletics Center,1098,member,1969,0.00
117084,28/04/2026 18:02,28/04/2026 18:11,Warehouse Row,Gasometer Park,1157,member,,0.00
117085,28/04/2026 18:42,28/04/2026 18:59,City Hall,University Gate,1225,member,1996,0.00
117086,28/04/2026 18:52,28/04/2026 19:00,Old Town Square,Summit Ridge,1243,Member,1995,0.00
117087,28/04/2026 19:06,28/04/2026 19:10,Orchard Lane,Central Station,1251,Member,1991,0.00
117088,28/04/2026 19:21,28/04/2026 19:38,Gasometer Park,Gasometer Park,1074,Casual,1981,3.55
117089,28/04/2026 19:32,28/04/2026 19:44,City Hall ,City Hall,1114,member,1994,0.00
117090,28/04/2026 19:53,28/04/2026 20:11,Central Station,Northgate Mall,1213,casual,1959,3.70
117091,28/04/2026 20:10,28/04/2026 20:15,Northgate Transit Hub,Athletics Center,1346,Member,1985,0.00
117092,28/04/2026 21:36,28/04/2026 21:40,University Gate,Aurora & 22nd,1074,member,1967,0.00
117093,28/04/2026 21:46,28/04/2026 22:05,Gasometer Park,Science Quad,1177,member,1987,0.00
117094,28/04/2026 22:18,28/04/2026 22:28,Athletics Center,Northgate Transit Hub,1226,member,1996,0.00
117095,28/04/2026 23:07,28/04/2026 23:14,Sunset Boulevard,Pier 12,1340,member,1980,0.00
117096,29/04/2026 00:31,29/04/2026 00:50,Old Town Square,Opera House,1015,Casual,1981,4.00
117097,29/04/2026 06:52,29/04/2026 07:10,Athletics Center,Hillcrest Point,1027,casual,,3.85
117098,29/04/2026 07:09,29/04/2026 07:20,Lighthouse Point,Union Plaza,1346,member,1985,0.00
117099,29/04/2026 07:27,29/04/2026 08:05,Steelworks Gate,Clocktower Plaza,1051,Member,1996,0.00
117100,29/04/2026 07:28,29/04/2026 07:47,University Gate,Northgate Mall,1176,casual,1987,3.85
117101,29/04/2026 07:39,29/04/2026 08:07,Summit Ridge,Summit Ridge,1101,member,1992,0.00
117102,29/04/2026 07:45,29/04/2026 07:51,Union Plaza,Union Plaza,1077,Member,1985,0.00
117103,29/04/2026 08:07,29/04/2026 08:16,Aurora & 40th,Aurora & 40th,1228,member,1993,0.00
117103,29/04/2026 08:07,29/04/2026 08:16,Aurora & 40th,Aurora & 40th,1228,member,1993,0.00
117104,29/04/2026 08:16,29/04/2026 08:24,Dockside Market,Central Station,1024,casual,1900,2.20
117105,29/04/2026 08:17,29/04/2026 09:39,Old Mill Crossing,Old Mill Crossing,1232,casual,1991,13.30
117106,29/04/2026 08:23,29/04/2026 08:29,Poplar Circle,Gasometer Park,1287,member,1991,0.00
117107,29/04/2026 08:35,29/04/2026 08:57,Cobbler's Row,Cobbler's Row,1230,Casual,1983,4.45
117108,29/04/2026 08:43,29/04/2026 09:03,Cobbler's Row,Student Commons,1228,casual,1995,4.00
117109,29/04/2026 08:50,29/04/2026 09:11,Central Station,Old Town Square,1264,member,1980,0.00
117110,29/04/2026 08:58,29/04/2026 09:12,Dockside Market,Athletics Center,1334,member,2003,0.00
117111,29/04/2026 09:08,29/04/2026 09:15,Steelworks Gate,Gasometer Park,1176,MEMBER,1971,0.00
117112,29/04/2026 09:54,29/04/2026 10:04,Old Town Square,Old Town Square,1205,casual,1986,2.65
117113,29/04/2026 11:46,29/04/2026 12:05,Harbor West,HARBOR WEST,1144,casual,,3.85
117114,29/04/2026 11:51,29/04/2026 12:00,Library Mall,Pier 12,1035,member,2005,0.00
117115,29/04/2026 11:52,29/04/2026 12:13,Lighthouse Point,Gasometer Park,1152,Casual,2003,4.30
117116,29/04/2026 11:59,29/04/2026 12:16,Old Town Square,Cedar Park Loop,1101,member,1977,0.00
117117,29/04/2026 12:30,29/04/2026 12:47,Aurora & 22nd,Central Station,1259,member,2001,0.00
117118,29/04/2026 12:53,29/04/2026 13:22,Central Station,Central Station,1052,member,1966,0.00
117119,29/04/2026 13:07,29/04/2026 13:46,Summit Ridge,Science Quad,1348,member,1980,0.00
117120,29/04/2026 13:50,29/04/2026 13:57,Steelworks Gate,Fountain Court,1197,member,1989,0.00
117121,29/04/2026 14:02,29/04/2026 14:36,Fountain Court,Cobbler's Row,1077,casual,1997,6.25
117122,29/04/2026 14:19,29/04/2026 14:25,Pier 12,Pier 12,1150,member,1995,0.00
117123,29/04/2026 14:28,29/04/2026 14:39,Gasometer Park,Riverside Walk,1011,member,2001,0.00
117124,29/04/2026 14:33,29/04/2026 14:53,Foundry District,Foundry District,1132,Member,1985,0.00
117125,29/04/2026 15:11,29/04/2026 15:40,Harbor East,Student Commons,1335,casual,1992,5.35
117126,29/04/2026 15:29,29/04/2026 15:38,Gasometer Park,Riverside Walk,1231,member,1977,0.00
117127,29/04/2026 15:32,29/04/2026 15:45,Harbor East,Library Mall,1103,member,1992,0.00
117128,29/04/2026 15:33,29/04/2026 15:42,Pier 12,Seawall Promenade,1130,member,1986,0.00
117129,29/04/2026 15:42,29/04/2026 16:05,Central Station,Old Town Square,1137,casual,1981,4.45
117130,29/04/2026 16:17,29/04/2026 16:37,Cedar Park Loop,Warehouse Row,1350,member,1990,0.00
117131,29/04/2026 16:24,29/04/2026 16:31,Kayak Launch,Kayak Launch,1312,member,1974,0.00
117132,29/04/2026 17:04,29/04/2026 17:09,Marina Green,Steelworks Gate,1028,Member,,0.00
117133,29/04/2026 17:21,29/04/2026 17:55,Observatory Hill,Gasometer Park,1128,member,2002,0.00
117134,29/04/2026 17:26,29/04/2026 17:36,Seawall Promenade,Seawall Promenade,1268,Member,1985,0.00
117135,29/04/2026 17:36,29/04/2026 17:53,Harbor East,Harbor East,1063,casual,1990,3.55
117136,29/04/2026 17:43,29/04/2026 18:02,Observatory Hill,City Hall,1236,casual,1965,3.85
117137,29/04/2026 18:00,29/04/2026 18:10,City Hall,Athletics Center,1314,member,1976,0.00
117138,29/04/2026 18:02,29/04/2026 18:28,Willow Bend,Northgate Transit Hub,1152,casual,1979,4.90
117139,29/04/2026 18:03,29/04/2026 18:12,Pier 12,Summit Ridge,1024,member,1996,0.00
117140,29/04/2026 18:06,29/04/2026 18:19,Old Town Square,Gasometer Park,1093,member,1980,0.00
117141,29/04/2026 18:39,29/04/2026 18:46,Student Commons,Gasometer Park,1082,member,1995,0.00
117142,29/04/2026 18:53,29/04/2026 19:27,Old Town Square,Old Town Square,1157,casual,1994,6.10
117143,29/04/2026 19:19,29/04/2026 19:50,Old Town Square,Kayak Launch,1104,member,1988,0.00
117144,29/04/2026 19:58,29/04/2026 20:07,Poplar Circle,Poplar Circle,1179,member,1983,0.00
117145,29/04/2026 20:28,29/04/2026 20:37,Westfield Green,Old Mill Crossing,1310,member,1990,0.00
117146,29/04/2026 20:36,29/04/2026 20:48,Science Quad,Campus North,1081,member,1983,0.00
117147,29/04/2026 20:42,29/04/2026 21:25,Campus North,Old Town Square,1086,casual,1990,7.60
117148,29/04/2026 20:55,29/04/2026 21:01,Cedar Park Loop,Cedar Park Loop,1062,member,1985,0.00
117149,30/04/2026 06:52,30/04/2026 07:02,Gasometer Park,Harbor East,1134,casual,1960,2.65
117150,30/04/2026 07:00,30/04/2026 07:12,Riverside Walk,Warehouse Row,1129,MEMBER,1996,0.00
117151,30/04/2026 07:00,30/04/2026 07:26,Opera House,Aurora & 40th,1027,member,1987,0.00
117152,30/04/2026 07:04,30/04/2026 07:18,University Gate,Old Town Square,1070,Member,1978,0.00
117153,30/04/2026 07:08,30/04/2026 07:29,Floodgate Road,Northgate Mall,1331,casual,1992,4.15
117153,30/04/2026 07:08,30/04/2026 07:29,Floodgate Road,Northgate Mall,1331,casual,1992,4.15
117154,30/04/2026 07:08,30/04/2026 07:23,Tannery Yard,Athletics Center,1056,Casual,1956,3.25
117155,30/04/2026 07:25,30/04/2026 07:33,Aurora & 22nd,Pier 12,1227,member,1988,0.00
117156,30/04/2026 07:45,30/04/2026 08:05,Student Commons,Library Mall,1062,member,1990,0.00
117157,30/04/2026 07:58,30/04/2026 08:18,Opera House,Harbor West,1240,member,1988,0.00
117158,30/04/2026 08:05,30/04/2026 08:27, Athletics Center,Opera House,1270,member,1984,0.00
117159,30/04/2026 08:34,30/04/2026 08:45,Central Station,Student Commons ,1272,casual,1973,2.65
117160,30/04/2026 08:43,30/04/2026 08:52,Grand & 3rd,Pier 12,1071,member,1993,0.00
117161,30/04/2026 08:46,30/04/2026 09:11,Student Commons,Old Town Square,1204,member,1977,0.00
117162,30/04/2026 08:55,30/04/2026 09:12,Riverside Walk,Old Mill Crossing,1252,member,1988,0.00
117163,30/04/2026 08:57,30/04/2026 09:19,Opera House,Dockside Market,1233,member,1991,0.00
117164,30/04/2026 09:03,30/04/2026 09:43,Merchant Hall,Merchant Hall,1137,casual,1984,7.15
117165,30/04/2026 09:17,30/04/2026 09:24,Ferry Landing,Merchant Hall,1094,Member,1981,0.00
117166,30/04/2026 09:25,30/04/2026 09:34,Student Commons,Student Commons,1130,member,1996,0.00
117167,30/04/2026 09:29,30/04/2026 09:50,Old Town Square,Observatory Hill,1111,member,1989,0.00
117168,30/04/2026 09:29,30/04/2026 09:33,Kayak Launch,Clocktower Plaza,1262,member,1971,0.00
117169,30/04/2026 09:49,30/04/2026 10:04,Heron Park,Heron Park,1251,member,1984,0.00
117170,30/04/2026 09:57,30/04/2026 10:33,Northgate Mall,Northgate Mall,1067,casual,1995,6.40
117171,30/04/2026 10:07,30/04/2026 10:19,Cobbler's Row,Steelworks Gate,1197,member,1963,0.00
117172,30/04/2026 10:18,30/04/2026 10:29,Old Town Square ,Northgate Mall,1011,Casual,1992,2.80
117173,30/04/2026 10:21,30/04/2026 10:30,Old Town Square,Old Town Square,1144,member,1980,0.00
117174,30/04/2026 10:41,30/04/2026 10:46,Cedar Park Loop,Grand & 3rd,1280,member,1983,0.00
117175,30/04/2026 11:03,30/04/2026 11:09,Cedar Park Loop,Dockside Market,1332,Casual,1984,2.05
117176,30/04/2026 11:37,30/04/2026 11:44,Summit Ridge,Aurora & 22nd,1241,member,1981,0.00
117177,30/04/2026 12:02,30/04/2026 12:18,Harbor East,Old Town Square,1144,member,1966,0.00
117178,30/04/2026 12:19,30/04/2026 12:32,Aurora & 40th,Science Quad,1176,member,1997,0.00
117179,30/04/2026 12:20,30/04/2026 12:33,Maple Grove,Central Station,1162,casual,1984,2.95
117180,30/04/2026 12:48,30/04/2026 12:58,Old Town Square,City Hall,1157,Casual,1975,2.65
117181,30/04/2026 12:59,30/04/2026 13:04,Northgate Mall,Kayak Launch,1124,casual,1981,1.75
117182,30/04/2026 14:19,30/04/2026 14:40,University Gate,Gasometer Park,1028,casual,1964,4.30
117183,30/04/2026 14:59,30/04/2026 15:06,Sunset Boulevard,Sunset Boulevard,1279,member,1987,0.00
117184,30/04/2026 16:08,30/04/2026 16:18,University Gate,University Gate,1206,member,1975,0.00
117185,30/04/2026 16:20,30/04/2026 16:39,Central Station,Northgate Transit Hub,1091,casual,1995,3.85
117186,30/04/2026 16:36,30/04/2026 16:46,Seawall Promenade,Cobbler's Row,1278,member,1996,0.00
117187,30/04/2026 16:41,30/04/2026 16:46,Campus North,Campus North,1242,member,1998,0.00
117188,30/04/2026 16:59,30/04/2026 17:36,Aurora & 22nd,Pier 12,1247,casual,1993,6.70
117189,30/04/2026 17:06,30/04/2026 17:10,Student Commons,Library Mall,1233,Member,1959,0.00
117190,30/04/2026 17:12,30/04/2026 17:26,Seawall Promenade,Old Town Square,1249,member,1992,0.00
117191,30/04/2026 17:15,30/04/2026 17:49,Student Commons,Student Commons,1129,casual,1986,6.25
117192,30/04/2026 17:20,30/04/2026 17:48,Dockside Market,Pier 12,1035,casual,1987,5.20
117193,30/04/2026 17:21,30/04/2026 17:28,Old Town Square,Gasometer Park,1034,member,1985,0.00
117194,30/04/2026 17:22,30/04/2026 18:11,Westfield Green,Student Commons,1010,casual,1980,8.50
117195,30/04/2026 17:49,30/04/2026 18:23,Student Commons,Tramline Depot,1094,casual,1970,6.25
117196,30/04/2026 18:08,30/04/2026 18:35,Cedar Park Loop,Cedar Park Loop,1078,casual,1986,5.20
117197,30/04/2026 18:23,30/04/2026 18:32,Gasometer Park,Old Town Square,1335,member,1976,0.00
117198,30/04/2026 19:16,30/04/2026 22:16,Pier 12,Old Town Square,1011,casual,,28.00
117199,30/04/2026 19:45,30/04/2026 20:03,Old Town Square,Rosemont & 5th,1290,casual,1977,3.85
117200,30/04/2026 20:11,30/04/2026 20:25,King's Cross Lane,Kayak Launch,1299,member,2002,0.00
117201,30/04/2026 20:15,30/04/2026 20:19,Northgate Mall,University Gate,1343,MEMBER,1966,0.00
117202,30/04/2026 20:29,30/04/2026 21:18,Gasometer Park,Gasometer Park,1233,Member,2003,0.50
117203,30/04/2026 21:03,30/04/2026 21:13,Old Town Square,Old Town Square,1050,member,1994,0.00
117204,30/04/2026 21:28,30/04/2026 21:49,Campus North,Campus North,1113,member,1974,0.00
117205,30/04/2026 21:50,30/04/2026 22:00,Cedar Park Loop,Westfield Green,1236,member,1990,0.00
117206,30/04/2026 21:59,30/04/2026 22:32,Old Town Square,Old Town Square,1052,casual,1985,5.95
117207,30/04/2026 22:45,30/04/2026 23:42,Tannery Yard,Tannery Yard,1022,member,2005,1.30
117208,30/04/2026 22:54,30/04/2026 23:09,Cobbler's Row,Harbor West,1077,casual,1958,3.40
117209,30/04/2026 23:51,01/05/2026 00:05,Summit Ridge,Warehouse Row,1046,member,1966,0.00
117210,01/05/2026 00:52,01/05/2026 01:07,Riverside Walk,Northgate Mall,1136,member,,0.00
117211,01/05/2026 05:28,01/05/2026 05:37,Harbor West,Harbor West,1092,Member,1970,0.00
117212,01/05/2026 06:00,01/05/2026 06:25,Westfield Green,Botanic Gardens,1184,casual,1998,4.75
117213,01/05/2026 06:14,01/05/2026 06:44,University Gate,Kayak Launch,1070,casual,1988,5.50
117214,01/05/2026 07:00,01/05/2026 07:10,Athletics Center,Meridian Tower ,1157,casual,,2.65
117215,01/05/2026 07:02,01/05/2026 07:09,Opera House,Harbor East,1225,member,1965,0.00
117216,01/05/2026 07:10,01/05/2026 07:24,Exchange Street,Exchange Street,1201,member,1993,0.00
117217,01/05/2026 07:13,01/05/2026 07:34,Central Station,Clocktower Plaza,1317,Casual,1996,4.15
117218,01/05/2026 07:21,01/05/2026 07:30,Old Town Square,Central Station,1280,casual,1995,2.35
117219,01/05/2026 07:29,01/05/2026 07:45,Summit Ridge,Summit Ridge,1325,casual,1976,3.40
117220,01/05/2026 07:33,01/05/2026 07:38,Westfield Green,Dockside Market,1040,member,1988,0.00
117221,01/05/2026 07:37,01/05/2026 08:00,Cobbler's Row,Northgate Transit Hub,1331,casual,1999,4.60
117222,01/05/2026 07:44,01/05/2026 07:49,cobbler's row,Old Mill Crossing,1233,member,1993,0.00
117223,01/05/2026 07:54,01/05/2026 07:59,Cathedral Gate,Dockside Market,1051,Member,1992,0.00
117224,01/05/2026 07:55,01/05/2026 08:03,Tramline Depot,Old Mill Crossing,1055,member,1982,0.00
117225,01/05/2026 08:05,01/05/2026 08:40,Cobbler's Row,Opera House ,1161,casual,1978,6.40
117226,01/05/2026 08:07,01/05/2026 08:18,Summit Ridge,Old Town Square,1157,member,1989,0.00
117227,01/05/2026 08:10,01/05/2026 08:18,Clocktower Plaza,Clocktower Plaza,1265,member,1985,0.00
117228,01/05/2026 08:26,01/05/2026 08:34,Sunset Boulevard,Marina Green,1052,member,1982,0.00
117229,01/05/2026 08:34,01/05/2026 08:50,Riverside Walk,Pier 12,1137,member,2000,0.00
117230,01/05/2026 08:41,01/05/2026 08:51,Marina Green,Marina Green,1161,member,1969,0.00
117231,01/05/2026 08:48,01/05/2026 08:55,Opera House,old town square,1151,member,1991,0.00
117232,01/05/2026 08:56,01/05/2026 09:02,Old Town Square,Ferry Meadow,1065,member,1979,0.00
117233,01/05/2026 08:58,01/05/2026 09:07,Northgate Transit Hub,Summit Ridge,1246,member,1988,0.00
117234,01/05/2026 09:09,01/05/2026 09:17,Athletics Center,Athletics Center,1199,member,1992,0.00
117235,01/05/2026 09:19,01/05/2026 09:42,Old Town Square,Grand & 9th,1297,member,1971,0.00
117236,01/05/2026 09:35,01/05/2026 09:43,Pier 12,Pier 12,1268,member,1993,0.00
117237,01/05/2026 09:38,01/05/2026 10:06,Aurora & 22nd,Gasometer Park,1128,casual,1993,5.20
117238,01/05/2026 10:02,01/05/2026 10:28,Athletics Center,Athletics Center,1198,casual,1989,5.05
117239,01/05/2026 10:32,01/05/2026 10:55,Student Commons,Central Station,1213,member,1988,0.00
117240,01/05/2026 10:40,01/05/2026 10:47,Central Station,Seawall Promenade,1334,Member,1962,0.00
117241,01/05/2026 10:56,01/05/2026 11:19,Central Station,Old Town Square,1186,casual,,4.60
117242,01/05/2026 11:00,01/05/2026 11:21,Student Commons,Opera House,1204,casual,2003,4.15
117243,01/05/2026 11:09,01/05/2026 11:25,Northgate Mall,Tramline Depot,1070,Member,1969,0.00
117244,01/05/2026 11:36,01/05/2026 12:07,Northgate Transit Hub,Summit Ridge,1206,casual,1988,5.80
117245,01/05/2026 11:56,01/05/2026 13:36,Kayak Launch,University Gate,1204,casual,1995,16.00
117246,01/05/2026 12:11,01/05/2026 12:18,Northgate Transit Hub,Orchard Lane,1204,member,1968,0.00
117247,01/05/2026 12:32,01/05/2026 12:46,Ferry Meadow,Kayak Launch,1297,member,1982,0.00
117248,01/05/2026 12:51,01/05/2026 13:05,Fountain Court,Harbor East,1233,casual,1974,3.10
117249,01/05/2026 13:09,01/05/2026 13:19,Botanic Gardens,Gasometer Park,1077,casual,1988,2.65
117250,01/05/2026 13:11,01/05/2026 13:23,Old Town Square,Old Town Square,1018,member,1969,0.00
117251,01/05/2026 13:36,01/05/2026 14:04,Old Town Square,Old Town Square,1350,casual,1994,5.20
117252,01/05/2026 13:53,01/05/2026 14:59,Steelworks Gate,Old Town Square,1130,casual,1960,10.90
117253,01/05/2026 13:58,01/05/2026 14:21,Cobbler's Row,Tramline Depot,1325,casual,1989,4.60
117254,01/05/2026 14:17,01/05/2026 14:22,Northgate Mall,Northgate Mall,1216,member,1963,0.00
117255,01/05/2026 14:53,01/05/2026 15:26,Steelworks Gate,Steelworks Gate,1173,casual,1974,5.95
117256,01/05/2026 15:07,01/05/2026 15:26,Northgate Transit Hub,Kayak Launch,1147,member,1988,0.00
117257,01/05/2026 15:13,01/05/2026 15:26,Riverside Walk,Gasometer Park,1077,member,1967,0.00
117258,01/05/2026 15:21,01/05/2026 15:32,Cobbler's Row,Riverside Walk,1057,member,1996,0.00
117259,01/05/2026 16:20,01/05/2026 16:50,Exchange Street,Kayak Launch,1233,Member,1971,0.00
117260,01/05/2026 16:23,01/05/2026 16:28,Kayak Launch,Kayak Launch,1130,member,1991,0.00
117261,01/05/2026 16:35,01/05/2026 16:40,Merchant Hall,Poplar Circle,1070,member,1996,0.00
117262,01/05/2026 16:43,01/05/2026 16:49,Fountain Court,Fountain Court,1307,member,1994,0.00
117263,01/05/2026 17:01,01/05/2026 17:28,Student Commons,Student Commons,1151,member,1984,0.00
117264,01/05/2026 17:05,01/05/2026 17:15,Old Town Square,Summit Ridge,1186,member,1999,0.00
117265,01/05/2026 17:10,01/05/2026 17:19,Tannery Yard,Kayak Launch,1003,member,1987,0.00
117266,01/05/2026 17:13,01/05/2026 17:30,Science Quad,Science Quad,1236,casual,1983,3.55
117267,01/05/2026 17:35,01/05/2026 18:12,Cobbler's Row,City Hall,1101,member,1975,0.00
117268,01/05/2026 17:40,01/05/2026 17:54,Merchant Hall,Merchant Hall,1348,Member,1977,0.00
117269,01/05/2026 17:46,01/05/2026 17:56,Observatory Hill,Warehouse Row,1159,member,1971,0.00
117270,01/05/2026 18:00,01/05/2026 18:26,Poplar Circle,Gasometer Park,1213,casual,1992,5.05
117271,01/05/2026 18:03,01/05/2026 18:24,Clocktower Plaza,Student Commons,1345,casual,1979,4.15
117272,01/05/2026 18:04,01/05/2026 18:09,Kayak Launch,Pier 12,1283,member,1985,0.00
117273,01/05/2026 18:05,01/05/2026 18:15,Cobbler's Row,Aurora & 40th,1335,member,1995,0.00
117274,01/05/2026 18:16,01/05/2026 18:20,Science Quad,Aurora & 22nd,1097,member,1987,0.00
117275,01/05/2026 18:24,01/05/2026 18:34,PIER 12,Old Town Square,1092,casual,1976,2.65
117276,01/05/2026 18:26,01/05/2026 18:41,Northgate Transit Hub,Student Commons,1342,member,1997,0.00
117277,01/05/2026 18:37,01/05/2026 18:47,Old Town Square,Old Town Square,1176,casual,2002,2.50
117278,01/05/2026 18:42,01/05/2026 19:09,Summit Ridge,SUMMIT RIDGE,1327,member,1995,0.00
117279,01/05/2026 18:52,01/05/2026 19:00,Pier 12,Pier 12,1185,member,2004,0.00
117280,01/05/2026 19:42,01/05/2026 20:03,Ferry Landing,Pier 12,1200,member,1970,0.00
117281,01/05/2026 20:01,01/05/2026 20:33,Harbor West,Union Plaza,1100,Casual,1966,5.95
117282,01/05/2026 20:05,01/05/2026 20:22,Meridian Tower,Meridian Tower,1196,Casual,2020,3.70
117283,01/05/2026 20:31,01/05/2026 20:46,Old Town Square,Botanic Gardens,1217,member,1900,0.00
117284,01/05/2026 20:34,01/05/2026 20:44,Old Town Square,Old Town Square,1350,member,1985,0.00
117285,01/05/2026 20:49,01/05/2026 21:00,Harbor West,Harbor West,1029,member,,0.00
117286,01/05/2026 20:59,01/05/2026 21:12,Exchange Street,University Gate,1293,casual,1988,3.10
117287,01/05/2026 22:14,01/05/2026 22:38,Botanic Gardens,Old Town Square,1051,casual,1993,4.60
117288,01/05/2026 22:36,01/05/2026 22:40,Central Station,Central Station,1086,member,1998,0.00
117289,01/05/2026 23:02,01/05/2026 23:22,Riverside Walk,Pier 12,1191,member,1986,0.00
117290,01/05/2026 23:19,01/05/2026 23:31,Old Town Square, Observatory Hill,1133,casual,1973,2.80
117291,02/05/2026 00:25,02/05/2026 01:00,Steelworks Gate,Maple Grove,1114,casual,1988,6.25
117292,02/05/2026 00:57,02/05/2026 01:15,Merchant Hall,Merchant Hall,1260,Casual,1990,3.70
117293,02/05/2026 05:28,02/05/2026 05:54,Cobbler's Row,Seawall Promenade,1152,casual,1980,4.90
117294,02/05/2026 06:02,02/05/2026 06:15,Steelworks Gate,Grand & 9th,1233,member,1994,0.00
117295,02/05/2026 07:36,02/05/2026 07:43,Old Town Square,Central Station,1233,casual,1988,2.05
117296,02/05/2026 09:01,02/05/2026 09:12,Riverside Walk,Aurora & 40th,1286,casual,1987,2.80
117297,02/05/2026 09:30,02/05/2026 09:32,Aurora & 22nd,Summit Ridge,1013,member,1985,0.00
117298,02/05/2026 09:45,02/05/2026 09:52,Westfield Green,Sunset Boulevard,1028,casual,1980,2.20
117299,02/05/2026 09:55,02/05/2026 10:09,Aurora & 40th,Aurora & 40th,1006,casual,1987,3.25
117300,02/05/2026 10:00,02/05/2026 10:14,Guildhall Steps,Union Plaza,1013,casual,1996,3.10
117301,02/05/2026 10:06,02/05/2026 10:13,City Hall,Cobbler's Row,1202,member,1989,0.00
117302,02/05/2026 10:15,02/05/2026 10:41,Riverside Walk,Riverside Walk,1274,Casual,1987,5.05
117303,02/05/2026 10:42,02/05/2026 10:51,Old Mill Crossing,Cobbler's Row,1134,casual,1976,2.50
117304,02/05/2026 10:47,02/05/2026 10:54,Maple Grove,University Gate,1025,member,1981,0.00
117305,02/05/2026 10:58,02/05/2026 12:00,Opera House,Kayak Launch,1133,casual,1991,10.30
117306,02/05/2026 11:36,02/05/2026 11:46,Kayak Launch,Warehouse Row,1225,casual,1989,2.65
117307,02/05/2026 11:48,02/05/2026 12:21,Gasometer Park,Athletics Center,1072,casual,1976,5.95
117308,02/05/2026 11:54,02/05/2026 12:08,Kayak Launch,Kayak Launch,1195,member,1988,0.00
117309,02/05/2026 12:02,02/05/2026 12:14,Kayak Launch,Student Commons,1266,Casual,1965,2.95
117310,02/05/2026 12:05,02/05/2026 12:22,Old Town Square,Old Town Square,1044,casual,1977,3.55
117311,02/05/2026 12:16,02/05/2026 12:35,Kayak Launch,Aurora & 22nd,1249,member,2003,0.00
117312,02/05/2026 12:25,02/05/2026 12:37,Athletics Center,Athletics Center,1264,member,1980,0.00
117313,02/05/2026 12:27,02/05/2026 12:33,Grand & 3rd,Gasometer Park,1051,member,2002,0.00
117314,02/05/2026 12:54,02/05/2026 12:58,Summit Ridge,Old Town Square,1238,member,1997,0.00
117315,02/05/2026 13:24,02/05/2026 13:39,Gasometer Park,Riverside Walk,1004,casual,1991,3.40
117316,02/05/2026 13:24,02/05/2026 13:50,Old Town Square,Aurora & 40th,1034,casual,1965,4.90
117317,02/05/2026 13:43,02/05/2026 13:55,Heron Park,Heron Park,1197,casual,1984,2.95
117318,02/05/2026 13:43,02/05/2026 13:51,Merchant Hall,Aurora & 40th,1085,MEMBER,1979,0.00
117319,02/05/2026 13:49,02/05/2026 14:14,Marina Green,Lighthouse Point,1276,casual,1983,4.90
117320,02/05/2026 13:51,02/05/2026 13:56,Old Town Square,Sunset Boulevard,1215,Member,1983,0.00
117321,02/05/2026 13:51,02/05/2026 14:09,Athletics Center,Northgate Transit Hub,1024,member,1982,0.00
117322,02/05/2026 14:16,02/05/2026 14:32,Westfield Green,Gasometer Park,1169,casual,1995,3.40
117323,02/05/2026 15:56,02/05/2026 16:01,UNIVERSITY GATE,Gasometer Park,1235,member,1987,0.00
117324,02/05/2026 17:05,02/05/2026 17:29,Central Station,Pier 12,1133,member,1991,0.00
117325,02/05/2026 17:39,02/05/2026 18:43,Campus North,Central Station,1310,casual,1978,10.60
117326,02/05/2026 17:40,02/05/2026 17:44,Riverside Walk,Exchange Street,1026,member,1973,0.00
117327,02/05/2026 17:50,02/05/2026 18:07,Old Town Square,Warehouse Row,1019,casual,1983,3.55
117328,02/05/2026 18:44,02/05/2026 19:06,Observatory Hill,Observatory Hill,1020,casual,1972,4.30
117329,02/05/2026 18:46,02/05/2026 18:53,Harbor East,Summit Ridge,1058,member,1998,0.00
117330,02/05/2026 18:47,02/05/2026 19:02,Old Town Square,Central Station,1192,member,1998,0.00
117331,02/05/2026 19:26,02/05/2026 19:29,Old Town Square,Pier 12,1050,member,1965,0.00
117332,02/05/2026 19:28,02/05/2026 19:44,Gasometer Park,Botanic Gardens,1265,member,1994,0.00
117333,02/05/2026 19:36,02/05/2026 19:47,Birchwood Terrace,Harbor East,1327,casual,2000,2.80
117334,02/05/2026 20:20,02/05/2026 20:51,Student Commons,Riverside Walk,1252,MEMBER,2000,0.00
117335,02/05/2026 20:42,02/05/2026 20:52,Northgate Transit Hub,Steelworks Gate,1093,member,1994,0.00
117336,02/05/2026 20:55,02/05/2026 21:04,Harbor East,Merchant Hall,1234,casual,1995,2.35
117337,02/05/2026 20:57,02/05/2026 21:10,Athletics Center,Cobbler's Row,1201,casual,1989,3.10
117338,02/05/2026 21:17,02/05/2026 21:21,City Hall,Old Town Square,1261,member,2000,0.00
117339,02/05/2026 21:19,02/05/2026 21:36,Northgate Transit Hub,City Hall,1266,casual,1958,3.55
117340,02/05/2026 21:34,02/05/2026 22:11,Pier 12,Observatory Hill ,1157,member,1987,0.00
117341,02/05/2026 23:04,02/05/2026 23:12,Old Mill Crossing,Student Commons,1006,Member,1989,0.00
117342,03/05/2026 00:00,03/05/2026 00:44,Gasometer Park,Gasometer Park,1183,casual,1976,7.75
117343,03/05/2026 00:20,03/05/2026 00:28,pier 12,Pier 12,1137,member,1983,0.00
117344,03/05/2026 01:23,03/05/2026 02:10,Northgate Mall,Pier 12,1183,Casual,1989,8.05
117345,03/05/2026 07:32,03/05/2026 07:36,Merchant Hall,Ferry Landing,1222,member,1994,0.00
117346,03/05/2026 07:46,03/05/2026 09:12,Westfield Green,Old Mill Crossing,1312,casual,1994,14.05
117347,03/05/2026 09:30,03/05/2026 09:39,Tannery Yard,Tannery Yard,1281,casual,1970,2.35
117348,03/05/2026 10:00,03/05/2026 10:07,Steelworks Gate,Steelworks Gate,1172,member,2001,0.00
117349,03/05/2026 10:05,03/05/2026 10:15,Athletics Center,Gasometer Park,1298,member,1997,0.00
117350,03/05/2026 10:17,03/05/2026 10:28,Central Station,Harbor East,1176,casual,2002,2.80
117351,03/05/2026 10:20,03/05/2026 11:00,Cobbler's Row,Cobbler's Row,1341,casual,1974,7.00
117352,03/05/2026 10:32,03/05/2026 10:53,Kayak Launch,Campus North,1096,Casual,1969,4.15
117353,03/05/2026 10:43,03/05/2026 10:51,Campus North,Gasometer Park,1047,member,1978,0.00
117354,03/05/2026 11:19,03/05/2026 11:50,Union Plaza,Union Plaza,1034,casual,,5.80
117355,03/05/2026 11:30,03/05/2026 11:50,Hillcrest Point,Pier 12,1058,member,1992,0.00
117356,03/05/2026 11:35,03/05/2026 11:45,Cedar Park Loop,Gasometer Park,1316,Casual,1976,2.50
117357,03/05/2026 11:51,03/05/2026 12:03,Old Town Square,Old Town Square,1142,casual,1995,2.80
117358,03/05/2026 11:54,03/05/2026 12:11,Kayak Launch,Kayak Launch,1051,casual,1989,3.70
117359,03/05/2026 12:07,03/05/2026 12:44,Ferry Landing,Athletics Center,1341,Casual,1966,6.55
117360,03/05/2026 12:14,03/05/2026 12:26,Central Station,Old Mill Crossing,1009,member,1993,0.00
117361,03/05/2026 12:16,03/05/2026 13:29,Botanic Gardens,Meridian Tower,1298,casual,1975,11.95
117362,03/05/2026 12:19,03/05/2026 12:46,Gasometer Park,Gasometer Park,1278,casual,1974,5.05
117363,03/05/2026 12:21,03/05/2026 12:40,Willow Bend,Gasometer Park,1152,member,,0.00
117364,03/05/2026 12:31,03/05/2026 13:05,Central Station,Central Station,1206,casual,1994,6.25
117365,03/05/2026 12:37,03/05/2026 13:07,Northgate Mall,Student Commons,1303,casual,1998,5.65
117366,03/05/2026 12:52,03/05/2026 13:44,Pier 12,Cedar Park Loop,1091,casual,1996,8.95
117367,03/05/2026 12:54,03/05/2026 13:12,Gasometer Park,Science Quad,1241,casual,1993,3.70
117368,03/05/2026 13:29,03/05/2026 14:26,Ferry Landing,Kayak Launch,1155,casual,1987,9.55
117369,03/05/2026 13:55,03/05/2026 14:02,Observatory Hill,Steelworks Gate,1247,member,1982,0.00
117370,03/05/2026 14:00,03/05/2026 14:11,Harbor West,Harbor West,1243,member,,0.00
117371,03/05/2026 14:07,03/05/2026 14:54,Maple Grove,Tramline Depot,1108,casual,,8.20
117372,03/05/2026 14:08,03/05/2026 14:16,Opera House,Athletics Center,1268,member,1990,0.00
117373,03/05/2026 14:13,03/05/2026 14:35,Tramline Depot,Tramline Depot,1306,casual,1974,4.45
117374,03/05/2026 14:23,03/05/2026 14:36,Sunset Boulevard,Sunset Boulevard,1164,member,1989,0.00
117375,03/05/2026 14:25,03/05/2026 15:04,Old Town Square,Old Town Square,1338,casual,1969,7.00
117376,03/05/2026 14:57,03/05/2026 15:19,Harbor East,Opera House,1302,member,1983,0.00
117377,03/05/2026 15:04,03/05/2026 15:14,Clocktower Plaza,Gasometer Park,1227,casual,1974,2.50
117378,03/05/2026 15:11,03/05/2026 15:18,Old Mill Crossing,Riverside Walk,1208,member,1984,0.00
117379,03/05/2026 16:03,03/05/2026 16:17,Warehouse Row,Student Commons,1150,Casual,1992,3.25
117380,03/05/2026 16:18,03/05/2026 16:30,Cobbler's Row,Lighthouse Point,1224,Member,1983,0.00
117381,03/05/2026 16:20,03/05/2026 16:52,Gasometer Park,Pier 12,1276,casual,1975,5.95
117382,03/05/2026 16:44,03/05/2026 17:02,Exchange Street,Northgate Mall,1350,member,1996,0.00
117383,03/05/2026 16:52,03/05/2026 17:19,Pier 12,Seawall Promenade,1154,casual,1967,5.05
117384,03/05/2026 16:57,03/05/2026 17:13,Harbor East,Old Mill Crossing,1206,member,1983,0.00
117385,03/05/2026 16:58,03/05/2026 17:10,Kayak Launch,Opera House,1206,member,1995,0.00
117386,03/05/2026 17:27,03/05/2026 18:21,Riverside Walk,Rosemont & 5th,1225,casual,1993,9.25
117387,03/05/2026 17:36,03/05/2026 17:47,Student Commons,Old Town Square,1012,member,1992,0.00
117388,03/05/2026 17:42,03/05/2026 18:15,Steelworks Gate,Cedar Park Loop,1153,casual,2002,6.10
117389,03/05/2026 18:11,03/05/2026 18:55,Old Mill Crossing,Observatory Hill,1275,casual,1994,7.75
117390,03/05/2026 18:50,03/05/2026 20:00,City Hall,Steelworks Gate,1199,Casual,1996,11.50
117391,03/05/2026 19:25,03/05/2026 19:38,Old Town Square,Westfield Green,1124,casual,1966,2.95
117392,03/05/2026 20:39,03/05/2026 20:46,Dockside Market,Westfield Green,1004,Casual,1992,2.05
117393,03/05/2026 21:15,03/05/2026 21:36,Old Town Square,Tramline Depot,1074,member,1996,0.00
117394,03/05/2026 21:20,03/05/2026 21:24,Student Commons,Botanic Gardens,1092,member,1974,0.00
117395,03/05/2026 21:23,03/05/2026 21:47,City Hall,Dockside Market,1312,member,1984,0.00
117396,03/05/2026 21:26,03/05/2026 21:37,Gasometer Park,Cobbler's Row,1165,member,1979,0.00
117397,03/05/2026 22:57,03/05/2026 23:05,Old Town Square,Old Town Square,1329,member,1971,0.00
117398,03/05/2026 23:15,04/05/2026 00:05,University Gate,Central Station,1073,casual,1968,8.65
117399,04/05/2026 00:30,04/05/2026 00:39,Orchard Lane,Orchard Lane,1251,member,1995,0.00
117400,04/05/2026 05:28,04/05/2026 05:49,Clocktower Plaza,Observatory Hill,1044,casual,1979,4.15
117401,04/05/2026 05:34,04/05/2026 05:57,Northgate Transit Hub,City Hall,1204,casual,1994,0.00
117402,04/05/2026 06:02,04/05/2026 06:25,Botanic Gardens,Warehouse Row,1148,casual,1991,4.60
117403,04/05/2026 06:20,04/05/2026 06:40,Hillcrest Point,Athletics Center,1279,member,1994,0.00
117404,04/05/2026 07:29,04/05/2026 07:34,Cedar Park Loop,Steelworks Gate,1086,member,1995,0.00
117405,04/05/2026 07:32,04/05/2026 07:41,Gasometer Park,Aurora & 40th,1213,member,1998,0.00
117406,04/05/2026 07:36,04/05/2026 07:42,Kayak Launch,Old Town Square,1048,member,1991,0.00
117407,04/05/2026 08:01,04/05/2026 08:13,Athletics Center,Maple Grove,1087,Member,1981,0.00
117408,04/05/2026 08:07,04/05/2026 08:17,Science Quad,Marina Green,1213,MEMBER,2001,0.00
117409,04/05/2026 09:17,04/05/2026 09:46,Athletics Center,Old Town Square,1012,member,1996,0.00
117410,04/05/2026 09:24,04/05/2026 10:40,Central Station,Merchant Hall,1041,casual,1979,12.55
117411,04/05/2026 10:37,04/05/2026 10:50,Seawall Promenade,Athletics Center,1031,casual,1986,2.95
117412,04/05/2026 11:34,04/05/2026 11:42,Student Commons,Sunset Boulevard,1010,member,1994,0.00
117413,04/05/2026 12:02,04/05/2026 12:13,Sunset Boulevard,Ferry Landing,1329,member,1993,0.00
117414,04/05/2026 12:13,04/05/2026 12:28,Northgate Mall,Athletics Center,1320,member,1998,0.00
117415,04/05/2026 12:18,04/05/2026 12:25,Athletics Center,Pier 12,1337,MEMBER,1980,0.00
117416,04/05/2026 13:30,04/05/2026 13:50,Warehouse Row,Old Town Square,1070,member,1985,0.00
117417,04/05/2026 15:06,04/05/2026 15:28,Sunset Boulevard,Meridian Tower,1084,member,1974,0.00
117418,04/05/2026 15:13,04/05/2026 15:36,City Hall,City Hall,1096,member,1995,0.00
117419,04/05/2026 15:18,04/05/2026 15:24,Floodgate Road,Athletics Center,1017,member,1967,0.00
117420,04/05/2026 15:21,04/05/2026 15:39,Athletics Center,Exchange Street,1307,member,1970,0.00
117421,04/05/2026 15:39,04/05/2026 16:00,Gasometer Park,Gasometer Park,1091,Member,1994,0.00
117422,04/05/2026 15:42,04/05/2026 15:54,Athletics Center,Athletics Center,1206,member,1988,0.00
117423,04/05/2026 15:42,04/05/2026 16:05,Central Station,gasometer park,1213,casual,2004,4.60
117424,04/05/2026 15:43,04/05/2026 16:03,Harbor East,Opera House,1328,member,1989,0.00
117425,04/05/2026 15:44,04/05/2026 16:42,Student Commons,Union Plaza,1161,casual,1985,9.85
117426,04/05/2026 16:21,04/05/2026 16:28,Pier 12,Summit Ridge,1051,member,1981,0.00
117427,04/05/2026 16:48,04/05/2026 17:03,Steelworks Gate,Athletics Center,1233,casual,1992,3.40
117428,04/05/2026 17:21,04/05/2026 17:39,University Gate,Summit Ridge,1209,member,1985,0.00
117429,04/05/2026 17:35,04/05/2026 17:49,Grand & 3rd,Old Town Square,1267,member,1985,0.00
117430,04/05/2026 18:20,04/05/2026 18:57,Floodgate Road,Old Town Square,1202,casual,1989,6.55
117431,04/05/2026 18:31,04/05/2026 18:42,Steelworks Gate,Warehouse Row,1050,member,1968,0.00
117432,04/05/2026 18:38,04/05/2026 18:46,Orchard Lane,Maple Grove,1215,Member,1962,0.00
117433,04/05/2026 18:39,04/05/2026 18:53,Observatory Hill,Student Commons,1302,casual,2004,3.25
117434,04/05/2026 18:45,04/05/2026 19:00,Maple Grove,Old Town Square,1311,casual,1974,3.40
117435,04/05/2026 18:49,04/05/2026 18:55,Harbor East,Aurora & 40th,1233,member,1986,0.00
117436,04/05/2026 19:37,04/05/2026 19:45,Old Mill Crossing,Birchwood Terrace,1228,member,1900,0.00
117437,04/05/2026 19:39,04/05/2026 19:46,Steelworks Gate,Campus North,1297,member,1992,0.00
117438,04/05/2026 20:29,04/05/2026 20:43,Floodgate Road,Aurora & 22nd,1056,member,1988,0.00
117439,04/05/2026 21:27,04/05/2026 21:39,Riverside Walk ,Central Station,1233,member,1985,0.00
117440,04/05/2026 22:32,04/05/2026 22:47,Harbor West,Harbor West,1350,casual,1995,3.40
117441,04/05/2026 22:32,04/05/2026 22:37,Birchwood Terrace,Northgate Mall,1300,member,1983,0.00
117442,04/05/2026 22:38,04/05/2026 22:50,Union Plaza,Union Plaza,1248,member,1980,0.00
117443,04/05/2026 22:42,04/05/2026 23:16,Seawall Promenade,Student Commons,1077,member,2002,0.00
117444,04/05/2026 22:56,04/05/2026 23:11,Student Commons,University Gate,1044,member,1987,
117445,04/05/2026 23:11,04/05/2026 23:48,Harbor East,Dockside Market,1026,casual,1961,6.70
117446,05/05/2026 00:27,05/05/2026 00:41,Student Commons,Library Mall,1153,member,1972,0.00
117447,05/05/2026 01:02,05/05/2026 01:06,Steelworks Gate,Opera House,1342,member,1967,0.00
117448,05/05/2026 05:36,05/05/2026 05:48,Northgate Mall,Campus North,1038,MEMBER,1989,0.00
117449,05/05/2026 06:39,05/05/2026 06:42,Gasometer Park,Gasometer Park,1263,member,1984,0.00
117450,05/05/2026 06:54,05/05/2026 07:04,Ferry Meadow,Cedar Park Loop,1350,member,1996,0.00
117451,05/05/2026 06:57,05/05/2026 07:09,Grand & 3rd,Old Town Square,1044,casual,1993,2.80
117452,05/05/2026 07:15,05/05/2026 07:26,Northgate Transit Hub,City Hall,1148,member,1998,0.00
117453,05/05/2026 07:18,05/05/2026 07:45,Athletics Center,Student Commons,1273,casual,1996,5.05
117454,05/05/2026 07:28,05/05/2026 07:35,Old Town Square,Sunset Boulevard,1044,member,1997,0.00
117455,05/05/2026 07:31,05/05/2026 07:47,Seawall Promenade,Athletics Center,1187,casual,1974,3.40
117456,05/05/2026 07:33,05/05/2026 07:40,Foundry District,Foundry District,1307,Casual,1966,2.05
117457,05/05/2026 07:49,05/05/2026 08:05,Central Station,Central Station,1034,member,1978,0.00
117458,05/05/2026 07:52,05/05/2026 08:18,Merchant Hall,Old Town Square,1255,member,1991,0.00
117459,05/05/2026 08:03,05/05/2026 08:11,Cobbler's Row,Cobbler's Row,1337,member,1973,0.00
117460,05/05/2026 08:27,05/05/2026 08:58,Seawall Promenade,Seawall Promenade,1280,casual,1993,5.65
117461,05/05/2026 08:37,05/05/2026 08:55,Student Commons,Aurora & 22nd,1109,casual,1964,3.70
117462,05/05/2026 08:44,05/05/2026 09:05,Student Commons,Old Town Square,1278,member,1991,0.00
117463,05/05/2026 08:47,05/05/2026 08:56,Cedar Park Loop,Cedar Park Loop,1054,member,1999,0.00
117464,05/05/2026 09:32,05/05/2026 09:48,Athletics Center,Athletics Center,1208,member,1973,0.00
117465,05/05/2026 09:34,05/05/2026 09:56,Harbor East,Science Quad,1313,casual,1983,4.45
117466,05/05/2026 11:00,05/05/2026 11:07,Gasometer Park,Old Town Square,1002,member,1999,0.00
117467,05/05/2026 11:21,05/05/2026 11:32,Aurora & 22nd,Summit Ridge,1242,member,1995,0.00
117468,05/05/2026 11:36,05/05/2026 11:59,Kayak Launch,Old Town Square,1084,casual,1987,4.45
117469,05/05/2026 11:54,05/05/2026 12:44,Harbor West,Central Station,1134,casual,1981,8.50
117470,05/05/2026 11:57,05/05/2026 12:10,Grand & 9th,University Gate,1125,member,1980,0.00
117471,05/05/2026 13:17,05/05/2026 13:24,Merchant Hall,Merchant Hall,1276,member,1980,0.00
117472,05/05/2026 14:01,05/05/2026 14:05,Gasometer Park,Merchant Hall,1085,MEMBER,1998,0.00
117473,05/05/2026 14:25,05/05/2026 14:33,Opera House,Central Station,1204,Member,1991,0.00
117474,05/05/2026 14:29,05/05/2026 15:16,Harbor East,Old Town Square,1220,casual,1978,8.20
117475,05/05/2026 14:43,05/05/2026 15:07,Observatory Hill,Old Mill Crossing,1063,member,1970,0.00
117476,05/05/2026 15:15,05/05/2026 15:22,Student Commons,Central Station,1233,member,1988,0.00
117477,05/05/2026 15:58,05/05/2026 16:12,Foundry District,Gasometer Park,1025,member,1989,0.00
117478,05/05/2026 16:17,05/05/2026 16:24,Westfield Green,Old Town Square,1142,member,1972,0.00
117479,05/05/2026 16:51,05/05/2026 16:58,Willow Bend,Old Town Square,1131,member,1981,0.00
117480,05/05/2026 17:03,05/05/2026 17:18,Old Mill Crossing,Steelworks Gate,1337,Member,1996,0.00
117481,05/05/2026 17:09,05/05/2026 17:29,Harbor West,Harbor West,1108,casual,1990,4.00
117482,05/05/2026 17:12,05/05/2026 17:32,Gasometer Park,Gasometer Park,1153,casual,1968,4.00
117483,05/05/2026 17:25,05/05/2026 17:45,Cobbler's Row,Cedar Park Loop,1281,member,1990,0.00
117484,05/05/2026 18:01,05/05/2026 18:12,Sunset Boulevard,Sunset Boulevard,1299,member,1975,0.00
117485,05/05/2026 18:30,05/05/2026 18:41,Summit Ridge,Summit Ridge,1120,member,1993,0.00
117486,05/05/2026 18:57,05/05/2026 19:19,Kayak Launch,Dockside Market,1285,Member,1980,0.00
117487,05/05/2026 18:57,05/05/2026 19:33,Maple Grove,University Gate,1074,casual,1982,6.55
117488,05/05/2026 18:57,05/05/2026 19:56,Aurora & 22nd,Aurora & 22nd,1032,casual,2003,9.85
117489,05/05/2026 19:05,05/05/2026 19:16,Science Quad,Central Station,1311,member,1988,0.00
117490,05/05/2026 19:35,05/05/2026 19:42,Central Station, Maple Grove,1281,member,1971,0.00
117491,05/05/2026 19:52,05/05/2026 20:00,Tramline Depot,Dockside Market,1208,member,1972,0.00
117492,05/05/2026 19:56,05/05/2026 20:31,Botanic Gardens,City Hall,1303,casual,1984,6.40
117493,05/05/2026 20:37,05/05/2026 20:42,Northgate Mall,Northgate Mall,1192,member,1985,0.00
117494,05/05/2026 20:39,05/05/2026 20:51,Old Town Square,Clocktower Plaza ,1202,member,1965,0.00
117495,05/05/2026 20:48,05/05/2026 21:01,Old Mill Crossing,Opera House,1093,casual,1983,3.10
117496,05/05/2026 23:35,05/05/2026 23:42,Campus North,Campus North,1090,MEMBER,1974,0.00
117497,06/05/2026 06:55,06/05/2026 07:02,Student Commons,Library Mall,1209,member,1969,0.00
117498,06/05/2026 07:48,06/05/2026 07:53,Clocktower Plaza,Clocktower Plaza,1237,member,1986,0.00
117499,06/05/2026 08:14,06/05/2026 08:21,Summit Ridge,Pier 12,1215,member,2003,0.00
117500,06/05/2026 08:30,06/05/2026 08:43,Harbor West,Harbor West,1204,member,1969,0.00
117501,06/05/2026 08:44,06/05/2026 09:11,Ferry Meadow,Clocktower Plaza,1202,casual,1992,5.20
117502,06/05/2026 08:45,06/05/2026 08:59,University Gate,Gasometer Park,1010,member,1986,0.00
117503,06/05/2026 08:50,06/05/2026 08:59,Cedar Park Loop,Sunset Boulevard,1026,member,1997,0.00
117504,06/05/2026 09:06,06/05/2026 09:24,Botanic Gardens,Science Quad,1067,member,1994,0.00
117505,06/05/2026 09:15,06/05/2026 09:38,Steelworks Gate,Union Plaza,1034,Casual,1993,4.45
117506,06/05/2026 09:52,06/05/2026 09:59,Summit Ridge,Old Town Square,1236,member,1999,0.00
117507,06/05/2026 11:31,06/05/2026 11:58,Science Quad,Harbor West,1206,casual,1992,5.05
117508,06/05/2026 11:45,06/05/2026 12:40,Union Plaza,Union Plaza,1208,casual,1988,9.25
117509,06/05/2026 13:14,06/05/2026 13:36,Student Commons,Old Mill Crossing,1016,casual,1981,4.30
117510,06/05/2026 15:08,06/05/2026 15:22,Gasometer Park,Lighthouse Point,1055,casual,,3.25
117511,06/05/2026 15:51,06/05/2026 15:59,Kayak Launch,Central Station,1077,member,1978,0.00
117512,06/05/2026 16:01,06/05/2026 16:18,Observatory Hill,Observatory Hill,1240,casual,1969,3.55
117513,06/05/2026 16:52,06/05/2026 17:01,Northgate Transit Hub,Kayak Launch,1238,member,1992,0.00
117514,06/05/2026 17:11,06/05/2026 17:30,Opera House,Opera House,1268,casual,,4.00
117515,06/05/2026 17:21,06/05/2026 18:21,Seawall Promenade,Seawall Promenade,1231,casual,1984,10.15
117516,06/05/2026 17:42,06/05/2026 17:54,Gasometer Park,Gasometer Park,1109,member,1993,0.00
117517,06/05/2026 18:01,06/05/2026 19:54,Botanic Gardens,Botanic Gardens,1237,Casual,1986,18.10
117518,06/05/2026 18:11,06/05/2026 18:22,Old Town Square,Fountain Court,1308,member,1992,0.00
117519,06/05/2026 18:18,06/05/2026 18:34,Kayak Launch,Gasometer Park,1180,member,1975,0.00
117520,06/05/2026 18:54,06/05/2026 18:59,Athletics Center,Cedar Park Loop,1130,casual,1968,1.90
117521,06/05/2026 18:55,06/05/2026 19:11,Gasometer Park,Old Town Square,1087,member,1995,0.00
117522,06/05/2026 19:06,06/05/2026 19:40,Gasometer Park,Gasometer Park,1302,Casual,1985,6.25
117523,06/05/2026 19:17,06/05/2026 19:23,Aurora & 22nd,Central Station,1312,casual,1979,2.05
117524,06/05/2026 19:25,06/05/2026 19:36,Gasometer Park,Maple Grove,1027,member,1993,0.00
117525,06/05/2026 22:09,06/05/2026 22:27,Old Town Square,Guildhall Steps,1201,member,1994,0.00
117526,07/05/2026 06:39,07/05/2026 06:52,Old Town Square,Old Town Square,1188,member,1994,0.00
117527,07/05/2026 07:09,07/05/2026 07:23,Gasometer Park,Meridian Tower,1197,casual,1970,3.10
117528,07/05/2026 07:18,07/05/2026 07:36,Warehouse Row,Warehouse Row,1331,Casual,1988,3.85
117529,07/05/2026 07:18,07/05/2026 07:37,Riverside Walk,Old Town Square,1157,Casual,1999,4.00
117530,07/05/2026 07:21,07/05/2026 07:29,Pier 12,Orchard Lane,1010,member,1985,0.00
117531,07/05/2026 07:32,07/05/2026 07:53,Union Plaza,Northgate Transit Hub,1160,casual,1992,4.30
117532,07/05/2026 07:42,07/05/2026 08:10,Old Town Square,Old Town Square,1051,member,1975,0.00
117533,07/05/2026 07:43,07/05/2026 07:51,Northgate Transit Hub,Student Commons,1079,member,1983,0.00
117534,07/05/2026 07:45,07/05/2026 07:55,Cobbler's Row,Cobbler's Row,1126,member,1982,0.00
117535,07/05/2026 07:47,07/05/2026 08:01,Central Station,Old Town Square,1157,casual,2002,3.25
117536,07/05/2026 07:59,07/05/2026 08:42,King's Cross Lane,Old Town Square,1253,casual,1980,7.60
117537,07/05/2026 07:59,07/05/2026 08:04,Opera House,Old Mill Crossing,1101,member,1975,0.00
117538,07/05/2026 08:07,07/05/2026 08:18,Seawall Promenade,Northgate Transit Hub,1254,member,1995,0.00
117539,07/05/2026 08:34,07/05/2026 09:04,Poplar Circle,Old Town Square,1025,Casual,1998,5.65
117540,07/05/2026 09:11,07/05/2026 09:16,Student Commons,Marina Green,1190,member,1996,0.00
117541,07/05/2026 09:16,07/05/2026 09:34,Gasometer Park,Gasometer Park,1264,casual,1976,3.70
117542,07/05/2026 09:18,07/05/2026 09:34,Old Town Square,Old Town Square,1208,MEMBER,1993,0.00
117543,07/05/2026 09:22,07/05/2026 09:26,Grand & 9th,Warehouse Row,1077,member,1991,0.00
117544,07/05/2026 09:24,07/05/2026 09:33,Campus North,Central Station,1254,member,1990,0.00
117545,07/05/2026 09:42,07/05/2026 10:03,Ferry Landing,Botanic Gardens,1031,member,1990,0.00
117546,07/05/2026 09:57,07/05/2026 10:00,Old Town Square,Northgate Mall,1176,member,1994,0.00
117547,07/05/2026 10:07,07/05/2026 10:23,Athletics Center,Athletics Center,1071,member,1977,0.00
117548,07/05/2026 10:42,07/05/2026 10:54,Athletics Center,City Hall,1193,member,1994,0.00
117549,07/05/2026 10:52,07/05/2026 11:03,Birchwood Terrace,Cobbler's Row,1206,casual,1988,2.80
117550,07/05/2026 11:34,07/05/2026 11:43,Summit Ridge,Grand & 9th,1206,member,1993,0.00
117551,07/05/2026 12:07,07/05/2026 12:25,Grand & 9th,Grand & 9th,1233,casual,1990,3.85
117552,07/05/2026 12:28,07/05/2026 12:47,Central Station,Tannery Yard,1213,casual,1994,3.85
117553,07/05/2026 12:35,07/05/2026 13:03,Sunset Boulevard,City Hall,1232,casual,2000,5.35
117554,07/05/2026 13:07,07/05/2026 13:27,Tramline Depot,Summit Ridge,1019,member,1990,0.00
117555,07/05/2026 13:25,07/05/2026 13:36,Pier 12,Athletics Center,1101,member,1975,0.00
117556,07/05/2026 13:35,07/05/2026 13:43,Tannery Yard,Tannery Yard,1320,MEMBER,1972,0.00
117557,07/05/2026 13:55,07/05/2026 14:06,Athletics Center,Riverside Walk,1331,member,1968,0.00
117558,07/05/2026 13:58,07/05/2026 14:05,Cedar Park Loop,Merchant Hall,1329,member,1985,0.00
117559,07/05/2026 14:25,07/05/2026 14:33,Harbor West,Gasometer Park,1337,member,1988,0.00
117560,07/05/2026 14:32,07/05/2026 14:38,University Gate,Central Station,1245,member,1975,0.00
117561,07/05/2026 14:58,07/05/2026 15:08,Kayak Launch,Aurora & 40th,1149,casual,1995,2.65
117562,07/05/2026 15:36,07/05/2026 15:55,Harbor East,Harbor East,1076,casual,1993,4.00
117563,07/05/2026 15:51,07/05/2026 15:58,Old Town Square,Gasometer Park,1317,member,,
117564,07/05/2026 16:14,07/05/2026 16:21,Cobbler's Row,Sunset Boulevard,1010,casual,1960,2.20
117565,07/05/2026 16:17,07/05/2026 16:36,Central Station,Central Station,1348,member,2007,0.00
117566,07/05/2026 16:29,07/05/2026 16:37,Floodgate Road,Floodgate Road,1031,member,1977,0.00
117567,07/05/2026 16:54,07/05/2026 17:08,Marina Green,University Gate,1010,member,1976,0.00
117568,07/05/2026 17:05,07/05/2026 18:00,Opera House,Athletics Center,1262,casual,1982,9.40
117569,07/05/2026 17:08,07/05/2026 17:15,Westfield Green,Westfield Green,1044,member,1997,0.00
117570,07/05/2026 17:09,07/05/2026 17:40,Northgate Transit Hub,Old Town Square,1271,member,1985,0.00
117571,07/05/2026 17:28,07/05/2026 17:35,Science Quad,Student Commons,1158,member,2001,0.00
117572,07/05/2026 17:38,07/05/2026 18:10,Northgate Transit Hub,Gasometer Park,1335,casual,1980,5.95
117573,07/05/2026 17:41,07/05/2026 17:54,Athletics Center,Grand & 3rd,1017,member,1990,0.00
117574,07/05/2026 17:42,07/05/2026 18:09,Kayak Launch,Harbor West,1183,member,1978,0.00
117575,07/05/2026 17:43,07/05/2026 18:10,orchard lane,Orchard Lane,1310,casual,1983,5.05
117576,07/05/2026 17:43,07/05/2026 18:10,Observatory Hill,Student Commons,1216,Casual,1989,5.05
117577,07/05/2026 17:59,07/05/2026 18:04,University Gate,University Gate,1236,member,1997,0.00
117578,07/05/2026 18:00,07/05/2026 18:08,Opera House,Grand & 9th,1323,member,1973,0.00
117579,07/05/2026 18:07,07/05/2026 18:15,Harbor East,Pier 12,1260,member,,0.00
117580,07/05/2026 18:07,07/05/2026 18:52,Pier 12,Harbor East,1345,casual,1989,7.90
117581,07/05/2026 18:11,07/05/2026 18:28,Aurora & 40th,Heron Park,1219,casual,1987,3.55
117582,07/05/2026 18:23,07/05/2026 18:29,Kayak Launch,Gasometer Park,1231,member,1977,0.00
117583,07/05/2026 18:44,07/05/2026 18:53,Old Town Square,Aurora & 40th,1011,member,1997,0.00
117584,07/05/2026 18:56,07/05/2026 19:10,Student Commons,Old Mill Crossing,1161,member,1992,0.00
117585,07/05/2026 19:01,07/05/2026 19:20,Sunset Boulevard,Hillcrest Point,1152,member,1984,0.00
117586,07/05/2026 19:03,07/05/2026 19:23,Central Station,Kayak Launch,1208,member,1976,0.00
117587,07/05/2026 19:40,07/05/2026 20:00,Weaver Street,Clocktower Plaza,1303,casual,1980,4.15
117587,07/05/2026 19:40,07/05/2026 20:00,Weaver Street,Clocktower Plaza,1303,casual,1980,4.15
117588,07/05/2026 20:14,07/05/2026 20:21,Union Plaza,Old Town Square,1190,Member,1990,0.00
117589,07/05/2026 20:20,07/05/2026 20:28,Gasometer Park,Athletics Center,1208,member,1971,0.00
117590,07/05/2026 20:25,07/05/2026 20:42,Maple Grove,Ferry Landing,1179,casual,1999,3.70
117591,07/05/2026 21:28,07/05/2026 21:37,Summit Ridge,Old Town Square,1328,Casual,1997,2.35
117592,07/05/2026 21:41,07/05/2026 21:47,Northgate Transit Hub,Athletics Center,1233,member,1972,0.00
117593,07/05/2026 21:44,07/05/2026 21:52,Cathedral Gate,Old Town Square,1163,Member,1991,0.00
117594,08/05/2026 00:35,08/05/2026 00:50,Old Mill Crossing,Old Mill Crossing,1206,Member,1994,0.00
117595,08/05/2026 07:03,08/05/2026 07:10,Athletics Center,Opera House,1165,member,1989,0.00
117596,08/05/2026 07:24,08/05/2026 07:35,Athletics Center,University Gate,1162,casual,1971,2.80
117597,08/05/2026 07:24,08/05/2026 07:38,Warehouse Row,Cobbler's Row,1236,casual,1983,3.25
117598,08/05/2026 07:42,08/05/2026 09:10,City Hall,Central Station,1274,Casual,1981,14.20
117599,08/05/2026 07:59,08/05/2026 08:18,Old Town Square,Old Town Square,1190,member,1994,0.00
117600,08/05/2026 08:03,08/05/2026 08:07,Old Town Square,Old Mill Crossing,1303,member,1985,0.00
117601,08/05/2026 08:07,08/05/2026 08:28,Pier 12,Old Town Square,1207,casual,1967,4.30
117602,08/05/2026 08:21,08/05/2026 08:28,Gasometer Park,Gasometer Park,1316,casual,1994,2.20
117603,08/05/2026 08:45,08/05/2026 08:53,Lighthouse Point,Old Town Square,1114,Member,2006,0.00
117604,08/05/2026 09:00,08/05/2026 10:23,Campus North,Observatory Hill,1185,casual,1980,13.45
117605,08/05/2026 09:07,08/05/2026 09:14,Grand & 9th,Botanic Gardens,1179,member,1987,0.00
117606,08/05/2026 09:26,08/05/2026 09:32,Student Commons,Library Mall,1158,member,1994,0.00
117607,08/05/2026 09:36,08/05/2026 09:43,Orchard Lane,University Gate,1274,member,1989,0.00
117608,08/05/2026 12:18,08/05/2026 12:28,Steelworks Gate,Old Town Square,1024,Member,1983,0.00
117609,08/05/2026 13:33,08/05/2026 13:45,Gasometer Park,Gasometer Park,1276,member,1987,0.00
117610,08/05/2026 14:06,08/05/2026 14:13,Pier 12,Westfield Green,1152,casual,1980,2.20
117611,08/05/2026 14:38,08/05/2026 14:50,Old Town Square,Old Mill Crossing,1154,member,2002,0.00
117612,08/05/2026 14:41,08/05/2026 14:53,Old Town Square,Pier 12,1302,member,1985,0.00
117613,08/05/2026 14:44,08/05/2026 14:56,Student Commons,Central Station,1278,member,1987,0.00
117614,08/05/2026 15:00,08/05/2026 15:07,Sunset Boulevard,Student Commons,1248,member,1997,0.00
117615,08/05/2026 15:03,08/05/2026 15:11,Aurora & 22nd,Gasometer Park,1302,member,1974,0.00
117616,08/05/2026 15:05,08/05/2026 15:29,Old Town Square,Gasometer Park,1267,casual,1973,4.60
117617,08/05/2026 15:15,08/05/2026 15:41,Harbor West,Cedar Park Loop,1297,casual,1987,4.90
117618,08/05/2026 15:21,08/05/2026 15:47,Central Station,Tramline Depot,1132,member,1963,0.00
117619,08/05/2026 15:32,08/05/2026 15:43,Maple Grove,Gasometer Park,1025,member,1991,0.00
117620,08/05/2026 15:40,08/05/2026 16:01,Gasometer Park,Gasometer Park ,1215,member,1995,0.00
117621,08/05/2026 15:45,08/05/2026 15:53,University Gate,Central Station,1115,member,1998,0.00
117622,08/05/2026 16:03,08/05/2026 16:26,Northgate Transit Hub,Northgate Transit Hub,1209,member,1985,0.00
117623,08/05/2026 16:12,08/05/2026 16:21,Lighthouse Point,Pier 12,1120,member,1988,0.00
117624,08/05/2026 16:15,08/05/2026 16:20,Cedar Park Loop,Central Station,1107,member,1985,0.00
117625,08/05/2026 16:21,08/05/2026 16:28,Westfield Green,Gasometer Park,1057,member,1966,0.00
117626,08/05/2026 16:23,08/05/2026 16:40,Northgate Mall,Summit Ridge,1152,member,1989,0.00
117627,08/05/2026 16:27,08/05/2026 16:36,Athletics Center,Old Mill Crossing,1026,member,1990,0.00
117628,08/05/2026 17:08,08/05/2026 17:29,Steelworks Gate,Old Mill Crossing,1336,casual,1975,4.30
117629,08/05/2026 17:35,08/05/2026 17:42,Gasometer Park,Old Town Square,1264,member,1991,0.00
117630,08/05/2026 17:38,08/05/2026 17:43,Cedar Park Loop,Opera House,1024,member,1959,0.00
117631,08/05/2026 17:47,08/05/2026 18:54,Opera House,Riverside Walk,1219,member,1978,2.20
117632,08/05/2026 17:57,08/05/2026 18:31,Old Town Square,Tannery Yard,1065,member,1988,0.00
117633,08/05/2026 18:07,08/05/2026 18:16,Old Town Square,Old Town Square,1254,member,1988,0.00
117634,08/05/2026 18:16,08/05/2026 18:32,Gasometer Park,Science Quad,1196,casual,1992,3.40
117635,08/05/2026 18:16,08/05/2026 18:32,Student Commons,Ferry Landing,1302,casual,1979,3.40
117636,08/05/2026 18:49,08/05/2026 18:57,Athletics Center,Exchange Street,1310,member,1985,0.00
117637,08/05/2026 18:58,08/05/2026 19:17,Gasometer Park,Ferry Meadow,1163,Member,1993,0.00
117638,08/05/2026 19:15,08/05/2026 19:26,Dockside Market,Old Town Square,1077,Member,,0.00
117639,08/05/2026 20:00,08/05/2026 20:22,Gasometer Park,Central Station,1252,member,1980,0.00
117640,08/05/2026 20:06,08/05/2026 20:14,Opera House,Opera House,1152,member,1973,0.00
117641,08/05/2026 20:22,08/05/2026 20:31,Athletics Center,Opera House,1255,member,1973,0.00
117642,08/05/2026 21:30,08/05/2026 21:42,Old Mill Crossing,Old Town Square,1093,casual,1999,2.95
117643,08/05/2026 23:26,08/05/2026 23:34,Kayak Launch,Kayak Launch,1035,member,1972,0.00
117644,09/05/2026 00:27,09/05/2026 01:24,City Hall,City Hall,1284,casual,1977,9.70
117645,09/05/2026 02:41,09/05/2026 03:02,Aurora & 22nd ,Dockside Market,1275,member,1989,0.00
117646,09/05/2026 07:41,09/05/2026 07:46,Cobbler's Row,Old Town Square,1054,member,1985,0.00
117647,09/05/2026 08:11,09/05/2026 08:30,Riverside Walk,Exchange Street,1299,member,1991,0.00
117648,09/05/2026 08:44,09/05/2026 08:53,Observatory Hill,Merchant Hall,1311,member,1981,0.00
117649,09/05/2026 08:55,09/05/2026 09:06,Gasometer Park,Campus North,1240,member,1974,0.00
117650,09/05/2026 09:01,09/05/2026 09:06,Fountain Court,Fountain Court,1273,member,1993,0.00
117651,09/05/2026 09:03,09/05/2026 09:58,Maple Grove,Northgate Transit Hub,1135,casual,1996,9.40
117652,09/05/2026 09:03,09/05/2026 09:12,Harbor East,Cedar Park Loop,1051,member,1986,0.00
117653,09/05/2026 09:43,09/05/2026 09:55,Northgate Transit Hub,Gasometer Park,1278,casual,1991,2.80
117654,09/05/2026 09:44,09/05/2026 10:01,Gasometer Park,Aurora & 40th,1228,member,1993,0.00
117655,09/05/2026 09:47,09/05/2026 10:00,Pier 12,Athletics Center,1108,casual,1990,2.95
117656,09/05/2026 09:57,09/05/2026 10:13,Steelworks Gate,Steelworks Gate,1341,member,1980,0.00
117657,09/05/2026 10:02,09/05/2026 10:35,Harbor East,Old Town Square,1307,casual,1991,5.95
117658,09/05/2026 10:26,09/05/2026 11:52,Poplar Circle ,Gasometer Park,1011,casual,1991,13.90
117659,09/05/2026 11:15,09/05/2026 11:20,Old Town Square,Student Commons,1015,member,1995,0.00
117660,09/05/2026 11:32,09/05/2026 11:45,Willow Bend,Westfield Green,1063,member,1996,0.00
117661,09/05/2026 11:42,09/05/2026 11:52,Westfield Green,Central Station,1049,member,1991,0.00
117662,09/05/2026 11:53,09/05/2026 12:16,Kayak Launch,Kayak Launch,1233,casual,1995,4.60
117663,09/05/2026 12:05,09/05/2026 12:09,Old Town Square,Old Town Square,1006,member,1992,0.00
117664,09/05/2026 12:07,09/05/2026 12:20,Central Station,Athletics Center,1206,casual,1969,2.95
117665,09/05/2026 12:17,09/05/2026 12:36,Harbor East,Old Town Square,1248,casual,1981,4.00
117666,09/05/2026 12:22,09/05/2026 13:15,Observatory Hill,Student Commons,1297,casual,1974,8.95
117667,09/05/2026 12:24,09/05/2026 12:35,Steelworks Gate,Steelworks Gate,1150,MEMBER,1999,0.00
117668,09/05/2026 12:26,09/05/2026 13:18,Harbor East,University Gate,1191,member,1983,0.70
117669,09/05/2026 12:29,09/05/2026 12:40,Gasometer Park,Gasometer Park,1087,member,1980,0.00
117670,09/05/2026 12:42,09/05/2026 13:07,Dockside Market,Westfield Green,1175,casual,1997,4.75
117671,09/05/2026 12:53,09/05/2026 13:17,Harbor East,Old Town Square,1024,casual,1986,4.60
117672,09/05/2026 12:56,09/05/2026 13:03,Botanic Gardens,Athletics Center,1091,member,1999,0.00
117673,09/05/2026 13:03,09/05/2026 13:22,University Gate,Athletics Center,1215,casual,1967,4.00
117674,09/05/2026 13:06,09/05/2026 13:21,Old Town Square,Old Mill Crossing,1208,Member,1993,0.00
117675,09/05/2026 13:33,09/05/2026 13:41,Clocktower Plaza,Pier 12,1260,MEMBER,1985,0.00
117676,09/05/2026 13:48,09/05/2026 14:48,Union Plaza,Pier 12,1252,member,1992,1.50
117677,09/05/2026 13:48,09/05/2026 13:53,Central Station,Central Station,1152,MEMBER,1983,0.00
117678,09/05/2026 13:55,09/05/2026 14:01,Pier 12,Pier 12,1041,member,1974,0.00
117679,09/05/2026 14:14,09/05/2026 14:56,Old Town Square,Marina Green,1094,casual,1997,7.30
117680,09/05/2026 14:27,09/05/2026 14:45,Student Commons,Tramline Depot,1179,MEMBER,1965,0.00
117681,09/05/2026 14:34,09/05/2026 14:39,Central Station,Central Station,1252,member,1983,0.00
117682,09/05/2026 14:46,09/05/2026 15:01,University Gate,University Gate,1164,casual,1970,3.25
117683,09/05/2026 14:53,09/05/2026 15:05,Steelworks Gate,Marina Green,1103,casual,1991,2.80
117684,09/05/2026 14:56,09/05/2026 15:11,Central Station,King's Cross Lane,1229,casual,1975,3.40
117685,09/05/2026 14:58,09/05/2026 15:21,Athletics Center,Poplar Circle,1224,casual,1996,4.45
117686,09/05/2026 15:06,09/05/2026 15:28,Sunset Boulevard,Warehouse Row,1242,Casual,1983,4.45
117687,09/05/2026 15:06,09/05/2026 15:38,Gasometer Park,Science Quad,1271,casual,1997,5.80
117688,09/05/2026 15:13,09/05/2026 15:29,Northgate Transit Hub,Old Mill Crossing,1199,casual,1983,3.40
117689,09/05/2026 15:18,09/05/2026 16:06,seawall promenade,Kayak Launch,1230,casual,1968,8.35
117690,09/05/2026 15:39,09/05/2026 15:50,Cathedral Gate,Cathedral Gate,1241,casual,1993,2.65
117691,09/05/2026 15:41,09/05/2026 16:06,Northgate Mall,Central Station,1233,member,1984,0.00
117692,09/05/2026 15:50,09/05/2026 14:36,Aurora & 22nd,Botanic Gardens,1150,member,1998,0.00
117693,09/05/2026 16:13,09/05/2026 17:11,Pier 12,Science Quad,1031,casual,1996,9.70
117694,09/05/2026 16:32,09/05/2026 16:59,Gasometer Park,Gasometer Park,1068,member,1983,0.00
117695,09/05/2026 17:44,09/05/2026 17:52,Kayak Launch,Kayak Launch,1209,member,1971,0.00
117696,09/05/2026 17:50,09/05/2026 18:47,Old Town Square,Seawall Promenade,1044,casual,2000,9.55
117697,09/05/2026 17:54,09/05/2026 18:06,Merchant Hall,Cobbler's Row,1197,casual,1987,2.80
117698,09/05/2026 18:21,09/05/2026 18:33,University Gate,University Gate,1088,member,1990,0.00
117699,09/05/2026 18:46,09/05/2026 18:51,Meridian Tower,Meridian Tower,1319,member,1975,0.00
117700,09/05/2026 20:17,09/05/2026 20:26,Birchwood Terrace,University Gate,1057,member,1997,0.00
117701,09/05/2026 20:21,09/05/2026 20:48,Gasometer Park,Pier 12,1227,casual,1967,5.05
117702,09/05/2026 20:25,09/05/2026 20:42, Dockside Market,Old Town Square,1060,member,1997,0.00
117703,09/05/2026 20:31,09/05/2026 20:34,Pier 12,Clocktower Plaza,1025,member,1993,0.00
117704,09/05/2026 20:50,09/05/2026 21:06,Observatory Hill,Summit Ridge,1113,casual,1990,3.55
117705,09/05/2026 20:57,09/05/2026 21:15,Fountain Court,Fountain Court,1202,member,1999,0.00
117706,09/05/2026 21:06,09/05/2026 21:14,Warehouse Row,Warehouse Row,1025,casual,1968,2.35
117707,09/05/2026 22:12,09/05/2026 22:23,Northgate Mall,Gasometer Park,1153,casual,1956,2.65
117708,09/05/2026 22:49,09/05/2026 23:06,Central Station,Northgate Transit Hub,1316,casual,1995,3.55
117709,09/05/2026 23:18,09/05/2026 23:33,Marina Green,Cedar Park Loop,1183,Casual,1968,3.25
117710,09/05/2026 23:35,09/05/2026 23:47,City Hall,City Hall,1158,member,1988,0.00
117711,09/05/2026 23:47,10/05/2026 00:43,Cobbler's Row,kayak launch,1227,casual,1983,9.55
117712,10/05/2026 01:07,10/05/2026 01:23,Old Mill Crossing,Old Mill Crossing,1114,member,1976,0.00
117713,10/05/2026 01:25,10/05/2026 01:37,Athletics Center,University Gate,1022,member,1994,0.00
117714,10/05/2026 06:58,10/05/2026 07:06,Science Quad,Central Station,1044,Member,1985,0.00
117715,10/05/2026 08:12,10/05/2026 08:29,Old Town Square,Harbor West,1068,member,1972,0.00
117716,10/05/2026 08:16,10/05/2026 08:34,Clocktower Plaza ,Pier 12,1108,casual,1992,3.70
117717,10/05/2026 08:45,10/05/2026 09:34,Cedar Park Loop,Cedar Park Loop,1210,casual,1982,8.35
117718,10/05/2026 09:33,10/05/2026 10:18,Westfield Green,University Gate,1009,casual,1981,7.90
117719,10/05/2026 09:36,10/05/2026 09:54,Cedar Park Loop,Science Quad,1289,member,1987,0.00
117720,10/05/2026 09:48,10/05/2026 09:58,Cathedral Gate,Westfield Green,1069,Member,2002,0.00
117721,10/05/2026 09:53,10/05/2026 10:03,Opera House,Kayak Launch,1031,casual,2001,2.65
117722,10/05/2026 10:04,10/05/2026 10:38,Central Station,Old Town Square,1311,casual,2003,6.10
117723,10/05/2026 10:37,10/05/2026 11:14,University Gate,Central Station,1150,casual,1993,6.70
117724,10/05/2026 10:46,10/05/2026 10:56,Old Town Square,Old Town Square,1327,member,1981,0.00
117725,10/05/2026 11:11,10/05/2026 11:32,Riverside Walk,Rosemont & 5th,1154,Member,1976,0.00
117726,10/05/2026 11:27,10/05/2026 10:20,Gasometer Park,Gasometer Park,1201,member,1984,0.00
117727,10/05/2026 11:34,10/05/2026 11:59,Warehouse Row,Central Station,1145,casual,1992,4.90
117728,10/05/2026 11:44,10/05/2026 11:59,Old Town Square,Old Town Square,1314,casual,1998,3.40
117729,10/05/2026 11:53,10/05/2026 12:11,Steelworks Gate,City Hall,1035,casual,1975,3.70
117730,10/05/2026 11:58,10/05/2026 12:45,Athletics Center,Old Town Square,1079,casual,1981,8.20
117731,10/05/2026 12:02,10/05/2026 12:29,Summit Ridge,Old Town Square,1106,casual,1997,5.05
117732,10/05/2026 12:03,10/05/2026 12:13,Student Commons,Library Mall,1311,Casual,1987,2.65
117733,10/05/2026 12:05,10/05/2026 12:23,Student Commons,Floodgate Road,1208,casual,1995,3.85
117734,10/05/2026 12:55,10/05/2026 13:37,Summit Ridge,Summit Ridge,1041,casual,1987,7.30
117735,10/05/2026 12:56,10/05/2026 13:10,Dockside Market,Pier 12,1119,casual,1965,3.10
117736,10/05/2026 13:20,10/05/2026 13:38,Summit Ridge,Central Station,1216,casual,1983,3.85
117737,10/05/2026 13:30,10/05/2026 14:08,Gasometer Park,City Hall,1219,member,1984,0.00
117738,10/05/2026 13:34,10/05/2026 13:40,Pier 12,Campus North,1335,MEMBER,1984,0.00
117739,10/05/2026 13:43,10/05/2026 14:09,Old Town Square,Northgate Transit Hub,1219,casual,1979,4.90
117740,10/05/2026 13:48,10/05/2026 14:01,Old Town Square,Maple Grove,1092,member,1969,0.00
117741,10/05/2026 13:49,10/05/2026 15:10,Dockside Market,Central Station,1131,casual,1988,13.30
117742,10/05/2026 13:52,10/05/2026 15:15,Pier 12,Pier 12,1128,casual,1983,13.45
117743,10/05/2026 13:58,10/05/2026 14:41,Gasometer Park,Gasometer Park,1336,casual,1978,7.60
117744,10/05/2026 14:09,10/05/2026 14:23,Northgate Mall ,Athletics Center,1233,casual,1984,3.10
117745,10/05/2026 14:11,10/05/2026 14:41,Guildhall Steps,Central Station,1204,member,1986,0.00
117746,10/05/2026 14:24,10/05/2026 14:49,Kayak Launch,University Gate,1202,casual,1996,4.75
117747,10/05/2026 14:27,10/05/2026 14:44,Pier 12,Athletics Center,1267,member,1989,0.00
117748,10/05/2026 14:57,10/05/2026 15:18,Old Town Square,Old Mill Crossing,1276,Casual,1962,4.30
117749,10/05/2026 15:03,10/05/2026 15:14,Merchant Hall,Merchant Hall,1216,member,1984,0.00
117750,10/05/2026 15:08,10/05/2026 16:10,University Gate,Central Station,1077,casual,1992,10.45
117751,10/05/2026 15:08,10/05/2026 15:31,Old Town Square,Old Town Square,1048,casual,1982,4.45
117752,10/05/2026 15:14,10/05/2026 15:50,central station,Central Station,1130,casual,1983,6.40
117753,10/05/2026 15:20,10/05/2026 15:31,Steelworks Gate,Poplar Circle,1011,casual,1994,2.65
117754,10/05/2026 15:23,10/05/2026 15:48,Clocktower Plaza,Sunset Boulevard,1011,casual,1965,4.90
117755,10/05/2026 15:24,10/05/2026 15:34,Aurora & 22nd,Aurora & 22nd,1341,casual,1984,2.65
117756,10/05/2026 15:29,10/05/2026 15:47,University Gate,Heron Park,1073,member,1997,0.00
117757,10/05/2026 15:56,10/05/2026 16:34,Old Mill Crossing,Athletics Center ,1052,casual,1980,6.85
117758,10/05/2026 16:06,10/05/2026 16:27,Pier 12,Riverside Walk,1269,casual,1964,4.30
117759,10/05/2026 16:13,10/05/2026 16:34,Campus North,Campus North,1118,member,1978,0.00
117760,10/05/2026 16:56,10/05/2026 17:05,Seawall Promenade,Athletics Center,1120,member,1999,0.00
117761,10/05/2026 17:42,10/05/2026 18:22,King's Cross Lane,Gasometer Park,1315,casual,2020,7.00
117762,10/05/2026 18:27,10/05/2026 18:44,Athletics Center,Athletics Center,1216,casual,2002,3.70
117763,10/05/2026 19:00,10/05/2026 19:05,Willow Bend,Ferry Meadow,1223,member,1973,0.00
117764,10/05/2026 19:10,10/05/2026 20:09,Harbor East,Fountain Court,1185,casual,1974,9.85
117765,10/05/2026 19:25,10/05/2026 19:47,Kayak Launch,Dockside Market,1164,casual,1972,4.45
117766,10/05/2026 19:41,10/05/2026 20:07,Seawall Promenade,Westfield Green,1253,member,1993,0.00
117767,10/05/2026 20:10,10/05/2026 20:18,Athletics Center,Old Mill Crossing,1091,member,1961,0.00
117768,10/05/2026 21:38,10/05/2026 22:27,Union Plaza,Union Plaza,1050,casual,1976,8.50
117769,10/05/2026 22:03,10/05/2026 22:15,Old Town Square,Gasometer Park,1259,casual,1967,2.80
117770,10/05/2026 23:24,10/05/2026 23:38,Opera House,Old Town Square,1155,member,1963,0.00
117771,11/05/2026 01:54,11/05/2026 02:56,Lighthouse Point,Science Quad,1175,casual,1978,10.30
117772,11/05/2026 02:43,11/05/2026 03:20,Kayak Launch,Northgate Transit Hub,1085,casual,1987,6.55
117773,11/05/2026 06:05,11/05/2026 06:12,Old Town Square,Harbor East,1052,member,1969,0.00
117774,11/05/2026 06:31,11/05/2026 06:38,Willow Bend,Willow Bend,1285,member,1983,0.00
117775,11/05/2026 07:05,11/05/2026 07:46,Lighthouse Point,Kayak Launch,1124,casual,1979,7.15
117776,11/05/2026 07:11,11/05/2026 07:27,Maple Grove,Old Town Square,1152,Casual,1984,3.55
117777,11/05/2026 07:36,11/05/2026 07:48,Cedar Park Loop,Maple Grove,1119,member,1990,0.00
117778,11/05/2026 07:39,11/05/2026 08:22,Student Commons,Central Station,1007,Casual,1988,7.45
117779,11/05/2026 07:51,11/05/2026 08:29,Union Plaza,Union Plaza,1101,casual,1994,6.70
117780,11/05/2026 08:04,11/05/2026 08:26,Tannery Yard,Aurora & 22nd,1188,casual,1999,4.45
117781,11/05/2026 08:11,11/05/2026 08:22,Pier 12,Aurora & 22nd,1019,member,1990,0.00
117782,11/05/2026 08:18,11/05/2026 08:32,Pier 12,Observatory Hill,1237,member,1969,0.00
117783,11/05/2026 08:23,11/05/2026 08:32,Kayak Launch,Kayak Launch ,1183,Casual,1975,2.50
117783,11/05/2026 08:23,11/05/2026 08:32,Kayak Launch,Kayak Launch ,1183,Casual,1975,2.50
117784,11/05/2026 08:25,11/05/2026 08:34,Fountain Court,Fountain Court,1158,member,2005,0.00
117785,11/05/2026 08:25,11/05/2026 08:37,University Gate,Seawall Promenade,1084,member,1984,0.00
117786,11/05/2026 08:33,11/05/2026 08:38,Pier 12,Pier 12,1184,Member,1990,0.00
117787,11/05/2026 09:04,11/05/2026 09:12,Grand & 9th,Marina Green,1172,member,1966,0.00
117788,11/05/2026 09:37,11/05/2026 10:00,Cedar Park Loop,Central Station,1111,Casual,1999,4.45
117789,11/05/2026 09:48,11/05/2026 10:19,Old Mill Crossing,Clocktower Plaza,1022,member,1982,0.00
117790,11/05/2026 11:32,11/05/2026 12:48,Gasometer Park,Clocktower Plaza,1024,casual,1993,12.40
117791,11/05/2026 11:50,11/05/2026 11:56,Observatory Hill,Observatory Hill,1226,member,1988,0.00
117792,11/05/2026 11:59,11/05/2026 12:18,Cobbler's Row,Pier 12,1245,casual,1989,3.85
117793,11/05/2026 12:06,11/05/2026 12:22,Dockside Market,Dockside Market,1154,casual,1977,3.40
117794,11/05/2026 12:56,11/05/2026 13:00,Kayak Launch,Old Town Square,1054,member,1996,
117795,11/05/2026 13:04,11/05/2026 13:24,University Gate,Sunset Boulevard,1135,member,1993,0.00
117796,11/05/2026 13:16,11/05/2026 14:15,Lighthouse Point,Summit Ridge,1206,casual,1997,10.00
117797,11/05/2026 13:16,11/05/2026 13:28,Northgate Transit Hub,Central Station,1176,member,2006,0.00
117798,11/05/2026 13:45,11/05/2026 13:56,Cobbler's Row,Guildhall Steps,1118,MEMBER,1997,0.00
117799,11/05/2026 14:15,11/05/2026 14:43,Warehouse Row,Summit Ridge,1162,MEMBER,1993,0.00
117800,11/05/2026 15:01,11/05/2026 15:25,Old Mill Crossing,Summit Ridge,1264,casual,1984,4.60
117801,11/05/2026 15:12,11/05/2026 15:20,Westfield Green,Old Town Square,1109,member,1978,0.00
117802,11/05/2026 15:23,11/05/2026 15:32,Gasometer Park,Aurora & 22nd,1011,member,1976,0.00
117803,11/05/2026 15:26,11/05/2026 15:48,Athletics Center,Steelworks Gate,1119,member,1982,0.00
117804,11/05/2026 15:30,11/05/2026 15:47,Library Mall,Library Mall,1180,member,1991,0.00
117805,11/05/2026 15:34,11/05/2026 15:45,Athletics Center,Athletics Center,1201,member,1999,0.00
117806,11/05/2026 16:10,11/05/2026 17:10,Dockside Market,Athletics Center,1024,casual,2001,10.15
117807,11/05/2026 16:11,11/05/2026 16:51,Central Station,Kayak Launch,1031,casual,1986,7.15
117808,11/05/2026 16:18,11/05/2026 16:32,Kayak Launch,Kayak Launch,1087,member,1990,0.00
117809,11/05/2026 16:28,11/05/2026 16:41,Aurora & 40th,Aurora & 40th,1077,Member,1961,0.00
117810,11/05/2026 16:30,11/05/2026 16:50,Gasometer Park,Willow Bend,1133,member,1988,0.00
117811,11/05/2026 16:38,11/05/2026 16:49,Pier 12,University Gate,1337,Member,1990,0.00
117812,11/05/2026 17:03,11/05/2026 17:07,Opera House, Old Town Square,1175,Member,1982,0.00
117813,11/05/2026 17:11,11/05/2026 17:17,Clocktower Plaza,Merchant Hall,1132,member,1967,0.00
117814,11/05/2026 17:12,11/05/2026 17:21,Aurora & 40th,Exchange Street,1306,casual,1992,2.35
117815,11/05/2026 17:47,11/05/2026 17:53,Athletics Center,Gasometer Park,1213,member,1977,0.00
117816,11/05/2026 17:54,11/05/2026 18:12,Harbor West,Harbor West,1016,Member,1975,0.00
117817,11/05/2026 18:14,11/05/2026 18:36,University Gate,Poplar Circle,1343,member,1996,0.00
117818,11/05/2026 18:18,11/05/2026 18:22,Summit Ridge,Summit Ridge,1106,member,1976,0.00
117819,11/05/2026 18:34,11/05/2026 19:08,Old Town Square,Summit Ridge,1193,member,1988,0.00
117820,11/05/2026 18:53,11/05/2026 19:03,Opera House,Kayak Launch,1225,member,1994,0.00
117821,11/05/2026 19:04,11/05/2026 19:13,Gasometer Park,Gasometer Park,1217,member,1967,0.00
117822,11/05/2026 19:11,11/05/2026 19:22,Cedar Park Loop,Cobbler's Row,1312,member,1998,0.00
117823,11/05/2026 19:33,11/05/2026 20:11,Central Station,Guildhall Steps,1040,casual,1997,6.85
117824,11/05/2026 19:38,11/05/2026 19:53,City Hall,City Hall,1163,casual,1993,3.25
117824,11/05/2026 19:38,11/05/2026 19:53,City Hall,City Hall,1163,casual,1993,3.25
117825,11/05/2026 19:42,11/05/2026 19:48,Old Town Square,University Gate,1190,member,1980,0.00
117826,11/05/2026 20:12,11/05/2026 20:23,Old Mill Crossing,Old Mill Crossing,1253,member,1990,0.00
117827,11/05/2026 20:32,11/05/2026 20:39,Cedar Park Loop,Kayak Launch,1259,member,2007,0.00
117828,11/05/2026 20:42,11/05/2026 21:00,Northgate Transit Hub,Old Town Square,1217,casual,2006,3.70
117829,11/05/2026 20:45,11/05/2026 20:55,King's Cross Lane,Old Town Square,1213,member,1984,0.00
117830,11/05/2026 22:47,11/05/2026 23:43,Observatory Hill,Warehouse Row,1180,Casual,2004,9.40
117831,11/05/2026 23:17,11/05/2026 23:34,Steelworks Gate,Library Mall,1158,casual,1976,3.70
117832,12/05/2026 05:12,12/05/2026 05:34,Kayak Launch,Gasometer Park,1134,casual,1974,4.45
117833,12/05/2026 05:15,12/05/2026 05:35,Aurora & 22nd,Gasometer Park,1312,member,1987,0.00
117834,12/05/2026 05:25,12/05/2026 06:00,Seawall Promenade,Seawall Promenade,1131,Casual,1978,6.40
117835,12/05/2026 06:54,12/05/2026 07:44,Observatory Hill,Steelworks Gate,1070,casual,1998,8.65
117836,12/05/2026 07:45,12/05/2026 07:52,Summit Ridge,Aurora & 40th,1070,member,1996,0.00
117837,12/05/2026 07:48,12/05/2026 07:51,Northgate Transit Hub,City Hall,1167,member,1985,0.00
117838,12/05/2026 08:07,12/05/2026 08:13,Riverside Walk,Exchange Street,1231,MEMBER,1986,0.00
117839,12/05/2026 08:23,12/05/2026 09:05,Westfield Green,city hall,1062,casual,1964,7.45
117840,12/05/2026 08:23,12/05/2026 08:56,Fountain Court,Harbor West,1299,casual,1989,6.10
117841,12/05/2026 09:26,12/05/2026 09:34,Northgate Transit Hub,Dockside Market,1122,member,1987,0.00
117842,12/05/2026 09:26,12/05/2026 09:47,Athletics Center,Opera House,1221,Member,1977,0.00
117843,12/05/2026 09:28,12/05/2026 09:33,Student Commons,Foundry District,1281,member,1989,0.00
117844,12/05/2026 09:30,12/05/2026 09:43,Tramline Depot,Science Quad,1233,casual,1994,3.10
117845,12/05/2026 09:54,12/05/2026 10:02,Maple Grove,Kayak Launch,1314,Member,1980,0.00
117846,12/05/2026 09:58,12/05/2026 10:13,Poplar Circle,Poplar Circle,1204,casual,2001,3.25
117847,12/05/2026 10:13,12/05/2026 10:56,Pier 12,Gasometer Park,1025,casual,1993,7.60
117848,12/05/2026 10:13,12/05/2026 10:36,Sunset Boulevard,Westfield Green,1005,member,1993,0.00
117849,12/05/2026 10:14,12/05/2026 10:24,Seawall Promenade,Aurora & 22nd,1142,member,1992,0.00
117850,12/05/2026 11:52,12/05/2026 12:01,Merchant Hall,Aurora & 40th,1207,member,1973,0.00
117851,12/05/2026 12:07,12/05/2026 12:23,Hillcrest Point,Hillcrest Point,1298,member,,0.00
117852,12/05/2026 12:37,12/05/2026 12:55,Aurora & 40th ,Opera House,1261,member,1960,0.00
117853,12/05/2026 13:04,12/05/2026 13:26,Old Town Square,Old Town Square,1223,casual,1985,4.45
117854,12/05/2026 14:18,12/05/2026 14:31,Old Town Square,Old Town Square,1271,casual,1991,3.10
117855,12/05/2026 14:43,12/05/2026 14:52,Kayak Launch,Cobbler's Row,1312,member,1989,0.00
117856,12/05/2026 14:48,12/05/2026 14:59,Central Station,Central Station,1043,casual,1970,2.65
117857,12/05/2026 15:07,12/05/2026 15:56,Central Station,Cedar Park Loop,1306,Casual,1999,8.50
117858,12/05/2026 15:14,12/05/2026 15:56,Student Commons,Old Town Square,1098,casual,1987,7.30
117859,12/05/2026 15:30,12/05/2026 15:42,Maple Grove,Summit Ridge,1102,member,1985,0.00
117860,12/05/2026 15:47,12/05/2026 16:14,Pier 12,Gasometer Park,1082,casual,1979,5.20
117861,12/05/2026 15:52,12/05/2026 14:36,University Gate,Kayak Launch,1003,member,1970,0.00
117862,12/05/2026 16:09,12/05/2026 16:17,Old Town Square,Fountain Court,1130,casual,2005,2.35
117863,12/05/2026 16:12,12/05/2026 16:18,Old Town Square,Harbor East,1206,member,1981,0.00
117864,12/05/2026 16:26,12/05/2026 16:52,Aurora & 22nd,Summit Ridge,1208,casual,,4.90
117865,12/05/2026 16:45,12/05/2026 17:19,Central Station,Student Commons,1040,casual,1984,6.25
117866,12/05/2026 16:59,12/05/2026 17:13,Aurora & 22nd,Sunset Boulevard,1234,member,1980,0.00
117867,12/05/2026 17:19,12/05/2026 17:26,Warehouse Row,Warehouse Row,1254,member,1982,0.00
117868,12/05/2026 17:22,12/05/2026 17:37,Harbor East,Merchant Hall,1310,member,1996,0.00
117869,12/05/2026 17:33,12/05/2026 17:51,Old Town Square,Grand & 9th,1327,Casual,1972,3.85
117870,12/05/2026 17:33,12/05/2026 16:13,Observatory Hill,Observatory Hill,1248,Member,,0.00
117871,12/05/2026 17:46,12/05/2026 18:25,Aurora & 22nd,Opera House ,1128,casual,1981,6.85
117872,12/05/2026 17:48,12/05/2026 17:57,Observatory Hill,Riverside Walk,1268,member,1995,0.00
117873,12/05/2026 17:52,12/05/2026 18:02,University Gate,Central Station,1233,casual,1982,2.65
117874,12/05/2026 17:55,12/05/2026 18:13,Kayak Launch,Tramline Depot,1132,casual,1968,3.85
117875,12/05/2026 18:26,12/05/2026 18:36,Kayak Launch,Kayak Launch,1073,Member,1982,0.00
117876,12/05/2026 19:07,12/05/2026 19:20,Lighthouse Point,Aurora & 22nd,1261,member,1972,0.00
117877,12/05/2026 19:20,12/05/2026 19:25,Cobbler's Row,Heron Park,1162,member,1981,0.00
117878,12/05/2026 19:31,12/05/2026 19:43,Warehouse Row,Lighthouse Point,1239,member,1983,0.00
117879,12/05/2026 19:39,12/05/2026 19:47,Kayak Launch,Old Town Square,1168,member,1983,0.00
117880,12/05/2026 19:41,12/05/2026 19:52,riverside walk,Old Town Square,1193,MEMBER,1970,0.00
117881,12/05/2026 19:44,12/05/2026 19:57,Fountain Court,Fountain Court,1334,Member,1964,0.00
117882,12/05/2026 19:50,12/05/2026 19:55,Cobbler's Row,Kayak Launch,1084,Member,1992,0.00
117883,12/05/2026 19:52,12/05/2026 20:13,Maple Grove,Steelworks Gate,1343,member,1976,0.00
117884,12/05/2026 20:03,12/05/2026 20:14,Central Station,Fountain Court,1197,member,1992,0.00
117885,12/05/2026 20:52,12/05/2026 20:57,Central Station,Central Station,1347,casual,,1.90
117886,13/05/2026 00:50,13/05/2026 01:06,Seawall Promenade,university gate,1347,casual,1994,3.40
117887,13/05/2026 06:14,13/05/2026 06:26,Warehouse Row,Sunset Boulevard,1047,casual,1983,2.95
117888,13/05/2026 07:09,13/05/2026 07:13,Campus North,Old Town Square,1248,member,1993,0.00
117889,13/05/2026 07:19,13/05/2026 07:50,Warehouse Row,Harbor East,1029,casual,1990,5.80
117890,13/05/2026 07:44,13/05/2026 08:07,Athletics Center,Old Town Square,1158,Casual,1989,4.45
117891,13/05/2026 08:02,13/05/2026 08:14,Kayak Launch,Cathedral Gate,1213,member,1987,0.00
117892,13/05/2026 08:04,13/05/2026 08:17,King's Cross Lane,Summit Ridge,1010,member,1991,0.00
117893,13/05/2026 08:20,13/05/2026 08:28,Dockside Market,University Gate,1276,member,1997,0.00
117894,13/05/2026 08:28,13/05/2026 08:56,Kayak Launch,Sunset Boulevard,1145,casual,1987,5.20
117895,13/05/2026 08:49,13/05/2026 09:00,Central Station,Old Town Square,1274,casual,1978,2.80
117896,13/05/2026 08:54,13/05/2026 09:11,Northgate Transit Hub,University Gate,1083,MEMBER,1984,0.00
117897,13/05/2026 09:31,13/05/2026 09:39,Pier 12,Old Town Square,1242,member,1967,0.00
117898,13/05/2026 09:46,13/05/2026 10:00,Athletics Center,Central Station,1217,casual,2002,3.25
117899,13/05/2026 10:23,13/05/2026 10:32,Grand & 9th,Cedar Park Loop,1329,casual,1984,2.50
117900,13/05/2026 10:28,13/05/2026 10:52,Gasometer Park,Botanic Gardens,1035,member,1982,0.00
117901,13/05/2026 10:42,13/05/2026 10:52,Gasometer Park,Riverside Walk,1269,member,1989,0.00
117902,13/05/2026 10:58,13/05/2026 11:46,Athletics Center,Summit Ridge,1031,casual,1976,8.20
117903,13/05/2026 12:05,13/05/2026 12:07,Old Town Square,Harbor West,1202,Member,1992,0.00
117904,13/05/2026 12:18,13/05/2026 12:43,Athletics Center,Aurora & 22nd,1044,Casual,1960,4.75
117905,13/05/2026 12:44,13/05/2026 13:04,Kayak Launch,Science Quad,1011,member,1996,0.00
117906,13/05/2026 13:12,13/05/2026 13:44,Northgate Transit Hub,Warehouse Row,1254,member,2001,0.00
117907,13/05/2026 13:37,13/05/2026 13:45,Kayak Launch ,Summit Ridge,1259,Casual,1987,2.20
117908,13/05/2026 13:38,13/05/2026 13:47,Central Station,Athletics Center,1288,casual,2001,2.35
117909,13/05/2026 13:55,13/05/2026 14:00,Student Commons,Kayak Launch,1090,member,2001,0.00
117910,13/05/2026 14:07,13/05/2026 14:17,Riverside Walk,Gasometer Park,1133,casual,1990,2.65
117911,13/05/2026 14:54,13/05/2026 15:23,Harbor East,Riverside Walk,1119,casual,1987,5.35
117912,13/05/2026 15:21,13/05/2026 15:27,Old Town Square,Old Town Square,1064,casual,1980,1.90
117913,13/05/2026 15:27,13/05/2026 15:41,Maple Grove,Summit Ridge,1033,casual,1998,3.25
117914,13/05/2026 15:31,13/05/2026 15:42,Cedar Park Loop,Westfield Green,1306,MEMBER,1997,0.00
117915,13/05/2026 15:40,13/05/2026 15:57,Fountain Court,Kayak Launch,1288,member,,0.00
117916,13/05/2026 16:11,13/05/2026 16:30,Old Town Square,Old Town Square,1219,Casual,1990,4.00
117917,13/05/2026 16:12,13/05/2026 16:29,Old Town Square,Riverside Walk,1215,member,1966,0.00
117918,13/05/2026 16:18,13/05/2026 17:19,Cobbler's Row,Observatory Hill,1261,casual,1977,10.15
117919,13/05/2026 17:00,13/05/2026 17:17,University Gate,Tannery Yard,1298,member,1974,0.00
117920,13/05/2026 17:18,13/05/2026 17:29,Athletics Center,Athletics Center,1302,member,1986,0.00
117921,13/05/2026 17:25,13/05/2026 18:13,Observatory Hill,Athletics Center,1177,casual,1993,8.35
117922,13/05/2026 17:31,13/05/2026 18:14,Summit Ridge,Poplar Circle,1027,casual,1991,7.45
117923,13/05/2026 17:36,13/05/2026 17:43,Sunset Boulevard,Central Station,1198,member,1987,0.00
117924,13/05/2026 17:45,13/05/2026 18:09,Opera House,Opera House,1172,member,2003,0.00
117925,13/05/2026 17:48,13/05/2026 18:16,Hillcrest Point,Lighthouse Point,1189,member,1999,0.00
117926,13/05/2026 17:50,13/05/2026 17:55,Old Mill Crossing,Harbor West,1344,member,1993,0.00
117927,13/05/2026 17:59,13/05/2026 18:09,Seawall Promenade,Cobbler's Row,1001,member,1993,0.00
117928,13/05/2026 18:08,13/05/2026 18:16,Central Station,Old Town Square,1041,member,1990,0.00
117929,13/05/2026 18:27,13/05/2026 18:41,Kayak Launch,Student Commons,1166,member,1988,0.00
117930,13/05/2026 18:36,13/05/2026 19:48,Dockside Market,Dockside Market,1347,casual,1977,11.80
117931,13/05/2026 18:53,13/05/2026 19:04,Gasometer Park,Gasometer Park,1120,member,2002,0.00
117932,13/05/2026 19:13,13/05/2026 19:22,Dockside Market,Old Town Square,1286,member,1973,0.00
117933,13/05/2026 19:17,13/05/2026 19:27,City Hall,City Hall,1201,member,1997,0.00
117934,13/05/2026 19:36,13/05/2026 19:54,Old Town Square,Student Commons,1202,member,1993,0.00
117935,13/05/2026 19:43,13/05/2026 19:49,Central Station,Cedar Park Loop,1344,member,1964,0.00
117936,13/05/2026 21:31,13/05/2026 21:35,Student Commons,Library Mall,1109,Member,1959,0.00
117937,13/05/2026 22:13,13/05/2026 22:17,Kayak Launch,Student Commons,1079,member,1998,0.00
117938,14/05/2026 06:12,14/05/2026 06:45,Warehouse Row,University Gate,1268,casual,1977,6.10
117939,14/05/2026 06:17,14/05/2026 06:58,Cobbler's Row,Botanic Gardens,1327,casual,1990,7.30
117940,14/05/2026 06:25,14/05/2026 06:32,Dockside Market,Gasometer Park ,1164,member,1985,0.00
117941,14/05/2026 06:54,14/05/2026 08:10,Fountain Court,Gasometer Park,1031,Casual,1989,12.55
117942,14/05/2026 07:00,14/05/2026 07:17,Student Commons,Northgate Transit Hub,1057,member,1989,0.00
117943,14/05/2026 07:23,14/05/2026 07:29,Riverside Walk,Opera House,1186,member,1998,0.00
117944,14/05/2026 07:24,14/05/2026 07:45,Athletics Center,Athletics Center,1333,casual,1972,4.30
117945,14/05/2026 07:27,14/05/2026 07:47,Harbor East,Botanic Gardens,1149,member,1977,0.00
117946,14/05/2026 07:28,14/05/2026 08:23,Cobbler's Row,Gasometer Park,1194,casual,2004,9.40
117947,14/05/2026 07:53,14/05/2026 08:05,Orchard Lane,Westfield Green,1261,member,1994,0.00
117948,14/05/2026 07:54,14/05/2026 08:02,Pier 12,Old Town Square,1161,member,1982,0.00
117949,14/05/2026 08:06,14/05/2026 08:12,Pier 12,Summit Ridge,1343,member,1992,0.00
117950,14/05/2026 08:08,14/05/2026 08:17,Riverside Walk,Exchange Street,1228,member,1988,0.00
117951,14/05/2026 08:37,14/05/2026 08:42,Athletics Center,Northgate Transit Hub,1003,casual,1990,1.90
117952,14/05/2026 09:04,14/05/2026 09:44,Fountain Court,Steelworks Gate,1028,casual,1985,7.00
117953,14/05/2026 10:44,14/05/2026 11:33,Pier 12 ,Northgate Mall,1030,casual,2001,8.50
117954,14/05/2026 11:22,14/05/2026 11:33,University Gate,Kayak Launch,1206,member,1965,0.00
117955,14/05/2026 11:34,14/05/2026 11:53,Old Town Square,Old Town Square,1222,casual,1982,4.00
117956,14/05/2026 11:35,14/05/2026 11:42,University Gate,Exchange Street,1060,member,1960,0.00
117957,14/05/2026 12:15,14/05/2026 12:20,Student Commons,Gasometer Park,1215,member,1981,0.00
117958,14/05/2026 13:22,14/05/2026 13:41,Lighthouse Point,Ferry Meadow,1052,Member,1975,0.00
117959,14/05/2026 13:33,14/05/2026 14:03,Dockside Market,City Hall,1154,Casual,1989,5.65
117960,14/05/2026 13:52,14/05/2026 14:01,Aurora & 22nd,Kayak Launch,1013,member,1988,0.00
117961,14/05/2026 14:03,14/05/2026 14:08,Lighthouse Point,Rosemont & 5th,1197,member,1975,0.00
117962,14/05/2026 14:06,14/05/2026 14:14,Riverside Walk,Guildhall Steps,1132,member,1994,0.00
117963,14/05/2026 14:25,14/05/2026 14:55,Cobbler's Row,Harbor West,1083,casual,1985,5.50
117964,14/05/2026 14:54,14/05/2026 15:28,Athletics Center,Merchant Hall,1052,member,1988,0.00
117965,14/05/2026 14:54,14/05/2026 15:00,Kayak Launch,Student Commons,1222,member,1969,0.00
117966,14/05/2026 15:12,14/05/2026 15:25,Cobbler's Row,Cobbler's Row,1278,member,1985,0.00
117967,14/05/2026 15:20,14/05/2026 15:59,Tannery Yard,University Gate,1166,casual,1980,6.85
117967,14/05/2026 15:20,14/05/2026 15:59,Tannery Yard,University Gate,1166,casual,1980,6.85
117968,14/05/2026 15:25,14/05/2026 15:43,Central Station,Pier 12,1023,Member,,0.00
117969,14/05/2026 15:42,14/05/2026 16:03,Northgate Transit Hub,Northgate Transit Hub,1134,member,1982,0.00
117970,14/05/2026 15:45,14/05/2026 16:11,Central Station,Gasometer Park,1185,member,1900,0.00
117971,14/05/2026 16:07,14/05/2026 16:17,Birchwood Terrace,Old Town Square,1088,MEMBER,1981,0.00
117972,14/05/2026 16:23,14/05/2026 16:34,Old Town Square,Old Town Square,1249,member,1976,0.00
117973,14/05/2026 17:09,14/05/2026 17:22,Cedar Park Loop,Gasometer Park,1077,Casual,1981,3.10
117974,14/05/2026 17:18,14/05/2026 17:24,Central Station,Central Station,1146,Member,1978,0.00
117975,14/05/2026 17:21,14/05/2026 17:35,Harbor East,Aurora & 40th,1158,member,2000,0.00
117976,14/05/2026 17:43,14/05/2026 17:50,Dockside Market,Steelworks Gate,1024,member,1973,0.00
117977,14/05/2026 17:55,14/05/2026 18:05,Old Town Square,Harbor East,1324,casual,1978,2.50
117978,14/05/2026 18:08,14/05/2026 18:42,Pier 12,Pier 12,1219,casual,1986,6.25
117979,14/05/2026 18:09,14/05/2026 18:21,Pier 12,Old Town Square,1072,member,1979,0.00
117980,14/05/2026 18:13,14/05/2026 18:21,Aurora & 40th,Northgate Mall,1201,member,1986,0.00
117981,14/05/2026 18:15,14/05/2026 18:24,Opera House,Student Commons,1322,casual,1970,2.50
117982,14/05/2026 18:22,14/05/2026 18:31,Athletics Center,Central Station,1022,Casual,1990,2.35
117983,14/05/2026 18:28,14/05/2026 18:39,Cedar Park Loop,Central Station,1243,Member,1995,0.00
117984,14/05/2026 18:44,14/05/2026 17:15,Old Town Square,Old Town Square,1281,member,1985,0.00
117985,14/05/2026 18:50,14/05/2026 18:58,Harbor East,Old Town Square,1179,member,1973,0.00
117986,14/05/2026 19:11,14/05/2026 19:22,Kayak Launch,Kayak Launch,1206,member,1990,0.00
117987,14/05/2026 19:36,14/05/2026 19:40,King's Cross Lane,Opera House,1315,member,1981,0.00
117988,14/05/2026 19:38,14/05/2026 19:45,Harbor West,Old Town Square,1324,member,1981,0.00
117989,14/05/2026 20:56,14/05/2026 21:05,Tramline Depot,Steelworks Gate,1125,casual,1978,2.35
117990,14/05/2026 21:07,14/05/2026 21:42,Harbor East,Science Quad,1085,casual,1978,6.25
117991,14/05/2026 21:13,14/05/2026 21:29,Maple Grove,Steelworks Gate,1167,Casual,1986,3.40
117992,14/05/2026 21:23,14/05/2026 21:41,Gasometer Park,Gasometer Park,1051,member,1993,0.00
117993,14/05/2026 22:34,14/05/2026 22:58,Clocktower Plaza,Summit Ridge,1012,casual,1977,4.75
117994,14/05/2026 22:47,14/05/2026 22:52,Sunset Boulevard,Sunset Boulevard,1084,member,1992,0.00
117995,14/05/2026 22:56,14/05/2026 23:23,Old Town Square,Maple Grove,1322,casual,1994,5.20
117996,14/05/2026 23:33,15/05/2026 00:07,Union Plaza,King's Cross Lane,1026,member,1995,0.00
117997,15/05/2026 05:45,15/05/2026 06:15,Old Mill Crossing,Old Mill Crossing,1266,casual,1991,5.50
117998,15/05/2026 06:23,15/05/2026 06:41,Union Plaza,Botanic Gardens,1077,member,1988,0.00
117999,15/05/2026 07:00,15/05/2026 07:21,Kayak Launch,Kayak Launch,1058,casual,1989,4.30
118000,15/05/2026 07:01,15/05/2026 07:56,Foundry District,Seawall Promenade,1228,casual,1976,9.25
118001,15/05/2026 07:16,15/05/2026 07:51,Foundry District,Foundry District,1198,member,1997,0.00
118002,15/05/2026 07:25,15/05/2026 07:39,Science Quad,Science Quad,1170,Casual,1983,3.25
118003,15/05/2026 07:58,15/05/2026 08:10,Union Plaza,Union Plaza,1153,member,1975,0.00
118004,15/05/2026 08:02,15/05/2026 08:14,Old Town Square,Old Town Square,1001,member,1988,0.00
118005,15/05/2026 08:04,15/05/2026 08:23,Exchange Street,Old Mill Crossing,1158,casual,,3.85
118006,15/05/2026 08:05,15/05/2026 09:04,Old Mill Crossing,Westfield Green,1119,casual,1982,10.00
118007,15/05/2026 08:17,15/05/2026 08:45,Aurora & 22nd,Gasometer Park,1213,casual,1992,5.35
118008,15/05/2026 08:24,15/05/2026 08:32,Exchange Street,Botanic Gardens,1303,Member,1987,0.00
118009,15/05/2026 08:41,15/05/2026 08:53,Summit Ridge,Summit Ridge,1343,casual,1964,2.80
118010,15/05/2026 08:43,15/05/2026 08:50,Summit Ridge,Poplar Circle,1278,member,1976,0.00
118011,15/05/2026 08:49,15/05/2026 09:06,Steelworks Gate,University Gate,1034,member,1988,0.00
118012,15/05/2026 08:52,15/05/2026 08:59,Clocktower Plaza,Clocktower Plaza,1152,member,1981,0.00
118013,15/05/2026 08:56,15/05/2026 09:04,Poplar Circle,Gasometer Park,1166,member,1993,0.00
118014,15/05/2026 10:51,15/05/2026 11:17,Cobbler's Row,Old Mill Crossing,1274,casual,1970,4.90
118015,15/05/2026 11:00,15/05/2026 11:03,Science Quad,Old Town Square,1034,Member,1900,0.00
118016,15/05/2026 11:02,15/05/2026 11:27,Central Station,Central Station,1261,casual,1976,4.75
118017,15/05/2026 11:27,15/05/2026 11:34,Harbor East,Old Town Square,1027,member,1987,0.00
118018,15/05/2026 11:34,15/05/2026 11:43,Library Mall,Grand & 9th,1180,member,1996,0.00
118019,15/05/2026 11:38,15/05/2026 11:54,Steelworks Gate,Central Station,1225,casual,1996,3.55
118020,15/05/2026 12:06,15/05/2026 12:13,University Gate,King's Cross Lane,1229,member,1970,0.00
118021,15/05/2026 12:15,15/05/2026 12:30,Gasometer Park,Cobbler's Row,1111,member,1983,0.00
118022,15/05/2026 12:36,15/05/2026 12:55,Library Mall,Old Town Square,1049,member,1992,0.00
118023,15/05/2026 13:25,15/05/2026 13:35,King's Cross Lane,Cobbler's Row,1118,casual,1991,2.65
118024,15/05/2026 13:31,15/05/2026 13:40,Westfield Green,Gasometer Park,1057,member,1984,0.00
118025,15/05/2026 13:36,15/05/2026 13:48,Westfield Green,Guildhall Steps,1082,member,1976,0.00
118026,15/05/2026 15:26,15/05/2026 15:33,Northgate Transit Hub,Old Town Square,1276,member,1974,0.00
118027,15/05/2026 15:46,15/05/2026 15:55,Rosemont & 5th,City Hall,1248,member,1987,0.00
118028,15/05/2026 16:27,15/05/2026 17:08,Old Town Square,Old Town Square,1272,casual,1988,7.15
118029,15/05/2026 16:35,15/05/2026 16:38,King's Cross Lane,AURORA & 40TH,1219,member,1986,0.00
118030,15/05/2026 16:42,15/05/2026 16:53,Student Commons,Library Mall,1317,casual,1978,2.80
118031,15/05/2026 16:59,15/05/2026 17:17,Opera House,Opera House,1328,casual,1989,3.70
118032,15/05/2026 17:27,15/05/2026 17:35,Old Town Square,Cobbler's Row,1244,member,1985,0.00
118033,15/05/2026 17:39,15/05/2026 17:55,Tannery Yard,Central Station,1095,member,1990,0.00
118034,15/05/2026 17:43,15/05/2026 17:50,Maple Grove,Rosemont & 5th,1248,casual,1975,2.20
118035,15/05/2026 17:47,15/05/2026 17:57,Ferry Landing,Steelworks Gate,1208,casual,1985,2.65
118036,15/05/2026 17:52,15/05/2026 18:08,Hillcrest Point,Sunset Boulevard,1025,member,1982,0.00
118037,15/05/2026 17:53,15/05/2026 18:06,City Hall,City Hall,1022,member,1984,0.00
118038,15/05/2026 17:56,15/05/2026 18:10,Pier 12,Heron Park,1056,member,1997,0.00
118039,15/05/2026 18:07,15/05/2026 18:28,Cedar Park Loop,Athletics Center,1155,member,1994,0.00
118040,15/05/2026 18:21,15/05/2026 18:26,Gasometer Park,Seawall Promenade,1128,MEMBER,1996,0.00
118041,15/05/2026 18:31,15/05/2026 18:38,Marina Green,Foundry District,1103,member,1989,0.00
118042,15/05/2026 18:35,15/05/2026 18:47,Old Mill Crossing,Old Mill Crossing,1145,member,1984,0.00
118043,15/05/2026 18:47,15/05/2026 18:57,Grand & 9th,Grand & 9th,1159,member,1963,0.00
118044,15/05/2026 18:55,15/05/2026 19:09,Steelworks Gate,Dockside Market,1077,Casual,1963,3.25
118045,15/05/2026 19:13,15/05/2026 19:22,Grand & 9th,Summit Ridge,1070,member,1980,0.00
118046,15/05/2026 19:17,15/05/2026 19:46,Weaver Street,Central Station,1150,casual,1971,5.50
118047,15/05/2026 19:31,15/05/2026 20:08,Central Station,Central Station,1103,member,1995,0.00
118048,15/05/2026 19:31,15/05/2026 19:50,Grand & 9th,Old Town Square,1243,member,1996,0.00
118049,15/05/2026 19:52,15/05/2026 19:56,Campus North,Aurora & 22nd,1007,member,1987,0.00
118050,15/05/2026 20:16,15/05/2026 20:21,Old Mill Crossing,Central Station,1057,Member,1980,0.00
118051,15/05/2026 20:42,15/05/2026 20:50,Seawall Promenade,Old Town Square,1099,member,1975,0.00
118052,15/05/2026 21:01,15/05/2026 21:30,Dockside Market,University Gate,1064,Casual,1990,5.35
118053,15/05/2026 21:12,15/05/2026 21:33,Gasometer Park,Aurora & 40th,1001,member,1984,0.00
118054,15/05/2026 21:30,15/05/2026 22:07,Cedar Park Loop,Old Town Square,1123,casual,1984,6.55
118055,15/05/2026 21:34,15/05/2026 21:52,Riverside Walk,Old Mill Crossing,1201,casual,1975,3.70
118056,15/05/2026 22:08,15/05/2026 22:23,Pier 12,Old Town Square,1234,member,1982,0.00
118057,15/05/2026 22:34,15/05/2026 22:44,Poplar Circle,Sunset Boulevard,1293,MEMBER,1984,0.00
118058,15/05/2026 22:42,15/05/2026 22:51,Athletics Center,Tannery Yard,1182,member,1980,0.00
118058,15/05/2026 22:42,15/05/2026 22:51,Athletics Center,Tannery Yard,1182,member,1980,0.00
118059,15/05/2026 22:46,15/05/2026 23:11,Tannery Yard,Riverside Walk,1013,casual,1977,4.90
118059,15/05/2026 22:46,15/05/2026 23:11,Tannery Yard,Riverside Walk,1013,casual,1977,4.90
118060,15/05/2026 23:29,16/05/2026 00:01,Old Town Square,Grand & 3rd,1058,member,1985,0.00
118060,15/05/2026 23:29,16/05/2026 00:01,Old Town Square,Grand & 3rd,1058,member,1985,0.00
118061,16/05/2026 00:52,16/05/2026 01:12,Ferry Meadow,Old Town Square,1031,casual,1979,4.15
118062,16/05/2026 07:20,16/05/2026 08:36,Gasometer Park,Central Station,1335,casual,1979,12.55
118063,16/05/2026 08:11,16/05/2026 08:18,Clocktower Plaza,Maple Grove,1121,member,1998,0.00
118064,16/05/2026 08:31,16/05/2026 08:43,Gasometer Park,Gasometer Park,1259,casual,1972,2.95
118065,16/05/2026 08:55,16/05/2026 09:14,Old Mill Crossing,Old Mill Crossing,1052,casual,1991,3.85
118066,16/05/2026 09:11,16/05/2026 09:29,Tramline Depot,Botanic Gardens,1025,member,1998,0.00
118067,16/05/2026 09:25,16/05/2026 09:57,Gasometer Park,Central Station,1326,Member,1962,0.00
118068,16/05/2026 09:26,16/05/2026 10:09,City Hall,Pier 12,1226,Casual,1992,7.45
118069,16/05/2026 09:52,16/05/2026 10:09,Old Mill Crossing,Gasometer Park,1070,casual,1976,3.55
118070,16/05/2026 09:55,16/05/2026 10:03,Old Town Square,Gasometer Park,1233,Member,1998,0.00
118071,16/05/2026 10:29,16/05/2026 10:52,Science Quad,Science Quad,1015,casual,1987,4.60
118072,16/05/2026 10:31,16/05/2026 10:37,Harbor East,Gasometer Park,1004,member,1986,0.00
118073,16/05/2026 11:10,16/05/2026 11:26,Kayak Launch,Riverside Walk,1278,MEMBER,1993,0.00
118074,16/05/2026 11:13,16/05/2026 11:29,Kayak Launch,Kayak Launch,1062,member,1970,0.00
118075,16/05/2026 11:15,16/05/2026 11:29,Maple Grove,Gasometer Park ,1089,member,1994,0.00
118076,16/05/2026 11:23,16/05/2026 12:05,Seawall Promenade,Science Quad,1321,casual,1988,7.45
118077,16/05/2026 11:29,16/05/2026 11:37,Floodgate Road ,Willow Bend,1100,Casual,1985,2.35
118078,16/05/2026 11:52,16/05/2026 12:07,Old Town Square,Grand & 9th,1117,casual,1969,3.40
118079,16/05/2026 11:53,16/05/2026 12:06,Clocktower Plaza,Clocktower Plaza,1031,member,1987,0.00
118080,16/05/2026 11:53,16/05/2026 12:32,Athletics Center,Athletics Center,1295,casual,,6.85
118081,16/05/2026 12:04,16/05/2026 12:18,Old Town Square,Old Town Square,1145,casual,1985,3.10
118082,16/05/2026 12:07,16/05/2026 12:28,Old Town Square,Central Station,1263,Casual,1987,4.15
118083,16/05/2026 12:41,16/05/2026 13:03,Aurora & 40th,Central Station,1225,Casual,1994,4.30
118084,16/05/2026 12:44,16/05/2026 13:12,Orchard Lane,Orchard Lane,1102,casual,1989,5.20
118085,16/05/2026 12:51,16/05/2026 12:59,Observatory Hill,Student Commons,1070,member,1973,0.00
118086,16/05/2026 13:19,16/05/2026 13:38,Gasometer Park,University Gate,1345,casual,1992,3.85
118087,16/05/2026 13:22,16/05/2026 13:42,Guildhall Steps,Steelworks Gate,1101,casual,2000,4.15
118088,16/05/2026 13:40,16/05/2026 13:49,Northgate Transit Hub,Cobbler's Row,1337,member,1993,0.00
118089,16/05/2026 13:44,16/05/2026 13:51,Ferry Meadow,Old Town Square,1233,member,1998,0.00
118090,16/05/2026 14:14,16/05/2026 14:50,Student Commons,Old Town Square,1153,casual,1993,6.40
118091,16/05/2026 14:14,16/05/2026 14:32,Gasometer Park,Student Commons,1240,casual,1980,3.70
118092,16/05/2026 14:16,16/05/2026 14:24,Foundry District,Birchwood Terrace,1222,member,1992,0.00
118093,16/05/2026 14:20,16/05/2026 14:40,Dockside Market,Northgate Transit Hub,1034,Member,1990,0.00
118094,16/05/2026 14:21,16/05/2026 14:32,City Hall,Kayak Launch,1152,member,,0.00
118095,16/05/2026 14:26,16/05/2026 14:36,Kayak Launch,Gasometer Park,1013,MEMBER,1992,0.00
118096,16/05/2026 14:30,16/05/2026 14:38,Steelworks Gate,Northgate Transit Hub,1019,member,1974,0.00
118097,16/05/2026 14:54,16/05/2026 15:35,Science Quad,Central Station,1265,Member,1992,0.00
118098,16/05/2026 14:58,16/05/2026 15:07,Aurora & 22nd,Warehouse Row,1278,member,1998,0.00
118099,16/05/2026 15:20,16/05/2026 15:28,Summit Ridge,Dockside Market,1084,member,1973,0.00
118099,16/05/2026 15:20,16/05/2026 15:28,Summit Ridge,Dockside Market,1084,member,1973,0.00
118100,16/05/2026 15:21,16/05/2026 15:40,Rosemont & 5th,Westfield Green,1046,casual,1977,3.85
118101,16/05/2026 15:47,16/05/2026 16:04,Aurora & 22nd,Gasometer Park,1077,casual,1983,3.55
118102,16/05/2026 15:51,16/05/2026 16:10,Gasometer Park,Merchant Hall,1162,Member,1976,0.00
118103,16/05/2026 16:00,16/05/2026 16:28,University Gate,Kayak Launch,1313,casual,1996,5.35
118104,16/05/2026 16:11,16/05/2026 16:51,Gasometer Park,Gasometer Park,1006,member,1999,0.00
118105,16/05/2026 16:12,16/05/2026 16:30,Steelworks Gate,Gasometer Park,1064,member,1991,0.00
118106,16/05/2026 16:15,16/05/2026 16:31,Old Town Square,Riverside Walk,1216,casual,1996,3.55
118107,16/05/2026 16:44,16/05/2026 16:57,Cobbler's Row,Cobbler's Row,1027,member,1978,0.00
118108,16/05/2026 17:06,16/05/2026 17:51,Athletics Center,Athletics Center,1066,casual,1983,7.75
118109,16/05/2026 17:12,16/05/2026 17:21,Exchange Street,Old Town Square,1244,member,1975,0.00
118110,16/05/2026 17:55,16/05/2026 18:14,University Gate,Harbor East,1201,member,1970,0.00
118111,16/05/2026 17:57,16/05/2026 18:04,Clocktower Plaza,Clocktower Plaza,1128,member,1985,0.00
118112,16/05/2026 18:22,16/05/2026 19:08,Athletics Center,Old Town Square,1245,casual,1965,7.90
118113,16/05/2026 19:00,16/05/2026 19:13,Old Mill Crossing,Seawall Promenade,1342,casual,1984,2.95
118114,16/05/2026 19:19,16/05/2026 19:28,Summit Ridge,Summit Ridge,1324,member,1969,0.00
118115,16/05/2026 19:25,16/05/2026 19:33,Opera House,Pier 12,1211,member,1982,0.00
118116,16/05/2026 19:45,16/05/2026 18:38,Aurora & 40th,Old Town Square,1281,member,2001,0.00
118117,16/05/2026 21:28,16/05/2026 21:41,Dockside Market,Gasometer Park,1343,casual,1992,2.95
118118,16/05/2026 21:39,16/05/2026 21:45,Kayak Launch,Old Town Square,1278,Member,1974,0.00
118119,16/05/2026 21:41,16/05/2026 21:57,Sunset Boulevard,Gasometer Park,1312,member,1987,0.00
118120,16/05/2026 22:37,16/05/2026 22:43,Pier 12,Riverside Walk,1194,Member,1984,0.00
118121,16/05/2026 22:56,16/05/2026 23:12,Pier 12,Dockside Market,1307,member,1995,0.00
118122,17/05/2026 00:20,17/05/2026 00:36,Exchange Street,Grand & 9th,1345,member,1970,0.00
118123,17/05/2026 02:47,17/05/2026 02:59,Clocktower Plaza,Clocktower Plaza,1107,casual,1990,2.95
118124,17/05/2026 06:23,17/05/2026 06:41,Harbor East,Harbor East,1192,casual,1984,3.70
118125,17/05/2026 06:45,17/05/2026 08:30,Grand & 3rd,Exchange Street,1259,casual,1988,16.75
118126,17/05/2026 07:13,17/05/2026 07:29,Cobbler's Row,Dockside Market,1195,member,1971,0.00
118127,17/05/2026 07:53,17/05/2026 08:06,Athletics Center,Central Station,1192,casual,1992,3.10
118128,17/05/2026 09:05,17/05/2026 09:25,Central Station,Central Station,1208,MEMBER,1999,0.00
118129,17/05/2026 09:48,17/05/2026 10:03,Ferry Landing,Old Town Square,1241,member,1988,0.00
118130,17/05/2026 10:04,17/05/2026 10:17,Gasometer Park,Old Mill Crossing,1028,casual,1988,2.95
118130,17/05/2026 10:04,17/05/2026 10:17,Gasometer Park,Old Mill Crossing,1028,casual,1988,2.95
118131,17/05/2026 10:23,17/05/2026 10:33,Pier 12,Lighthouse Point,1155,member,,0.00
118132,17/05/2026 10:24,17/05/2026 11:01,Clocktower Plaza,Gasometer Park,1233,casual,1985,6.55
118133,17/05/2026 10:32,17/05/2026 10:55,Westfield Green,Pier 12,1044,casual,1973,4.45
118134,17/05/2026 10:47,17/05/2026 11:13,Gasometer Park,Gasometer Park,1255,casual,2002,5.05
118135,17/05/2026 10:54,17/05/2026 11:11,King's Cross Lane,Heron Park,1179,Casual,1986,3.55
118136,17/05/2026 11:06,17/05/2026 11:21,Warehouse Row,Old Town Square,1027,Casual,1996,3.40
118137,17/05/2026 11:09,17/05/2026 11:19,Gasometer Park,Harbor East,1323,casual,1965,2.50
118138,17/05/2026 11:20,17/05/2026 11:30,Central Station,Northgate Mall,1128,member,1985,0.00
118139,17/05/2026 11:58,17/05/2026 12:07,City Hall,City Hall,1024,member,1975,0.00
118140,17/05/2026 12:05,17/05/2026 12:30,Northgate Transit Hub,Warehouse Row,1216,casual,1986,4.90
118141,17/05/2026 12:35,17/05/2026 12:46,Central Station,Old Town Square,1275,member,1988,0.00
118142,17/05/2026 13:04,17/05/2026 13:20,Hillcrest Point,Hillcrest Point,1325,casual,1973,3.55
118143,17/05/2026 13:05,17/05/2026 13:16,Gasometer Park,University Gate,1259,member,1993,0.00
118144,17/05/2026 13:26,17/05/2026 13:33,City Hall,Gasometer Park,1044,member,1994,0.00
118145,17/05/2026 13:49,17/05/2026 13:58,Clocktower Plaza,Clocktower Plaza,1021,member,1995,0.00
118146,17/05/2026 13:50,17/05/2026 14:09,Pier 12,Opera House,1215,member,,0.00
118147,17/05/2026 14:00,17/05/2026 14:10,Aurora & 40th,Grand & 9th,1062,member,1976,0.00
118148,17/05/2026 14:19,17/05/2026 14:28,Gasometer Park,Sunset Boulevard,1083,member,1987,0.00
118149,17/05/2026 14:19,17/05/2026 14:29,Summit Ridge,Kayak Launch,1229,Member,1970,0.00
118150,17/05/2026 14:27,17/05/2026 14:36,Old Mill Crossing,Steelworks Gate,1288,casual,1996,2.35
118151,17/05/2026 14:36,17/05/2026 14:48,Marina Green,Old Town Square,1066,casual,1992,2.80
118152,17/05/2026 15:20,17/05/2026 15:32,Old Mill Crossing,Kayak Launch,1347,member,1989,0.00
118153,17/05/2026 15:30,17/05/2026 15:42,Kayak Launch,Old Town Square,1087,casual,1998,2.95
118154,17/05/2026 15:34,17/05/2026 15:42,Student Commons,Summit Ridge,1312,member,2003,0.00
118155,17/05/2026 16:09,17/05/2026 16:30,Opera House,Dockside Market,1164,member,1994,0.00
118156,17/05/2026 16:48,17/05/2026 16:59,Summit Ridge,Summit Ridge,1211,member,2002,0.00
118157,17/05/2026 18:02,17/05/2026 18:17,Pier 12,Pier 12,1259,casual,,3.25
118158,17/05/2026 18:08,17/05/2026 18:25,Clocktower Plaza,Cedar Park Loop,1262,member,1976,0.00
118159,17/05/2026 21:35,17/05/2026 21:55,Gasometer Park,Northgate Transit Hub,1277,casual,1984,4.15
118160,18/05/2026 02:19,18/05/2026 02:28,Old Town Square,Cobbler's Row,1041,Member,,0.00
118161,18/05/2026 05:10,18/05/2026 05:23,Summit Ridge,Summit Ridge,1328,member,1992,0.00
118162,18/05/2026 06:48,18/05/2026 06:55,Kayak Launch,Campus North,1116,MEMBER,2005,0.00
118163,18/05/2026 07:12,18/05/2026 07:25,Sunset Boulevard,Sunset Boulevard,1011,member,1971,0.00
118164,18/05/2026 07:45,18/05/2026 07:56,Student Commons,Library Mall,1245,casual,1988,2.65
118165,18/05/2026 07:50,18/05/2026 08:00,University Gate,Aurora & 40th,1201,member,1993,0.00
118166,18/05/2026 07:52,18/05/2026 08:01,Northgate Mall,Pier 12,1096,casual,1984,2.50
118167,18/05/2026 08:00,18/05/2026 08:07,Old Town Square,University Gate,1206,MEMBER,1987,0.00
118168,18/05/2026 08:11,18/05/2026 08:21,Botanic Gardens,Dockside Market,1307,member,1988,0.00
118169,18/05/2026 08:15,18/05/2026 08:23,Westfield Green,Science Quad,1170,Member,1984,0.00
118170,18/05/2026 08:21,18/05/2026 08:38,Aurora & 22nd,Gasometer Park,1127,member,1985,0.00
118171,18/05/2026 08:31,18/05/2026 08:42,Gasometer Park,Cedar Park Loop,1044,member,1979,0.00
118172,18/05/2026 08:31,18/05/2026 08:39,Old Town Square,Student Commons,1279,Member,1989,0.00
118173,18/05/2026 08:39,18/05/2026 08:47,Aurora & 40th,Aurora & 40th,1190,member,1988,0.00
118174,18/05/2026 08:53,18/05/2026 09:13,Opera House,Old Mill Crossing,1034,member,1989,0.00
118175,18/05/2026 08:58,18/05/2026 09:17,Meridian Tower,Dockside Market,1223,casual,1993,4.00
118176,18/05/2026 08:59,18/05/2026 09:32,Riverside Walk,Exchange Street,1083,Casual,1999,6.10
118177,18/05/2026 09:02,18/05/2026 09:16,Athletics Center,Pier 12,1169,casual,1986,3.10
118178,18/05/2026 09:03,18/05/2026 09:21,Merchant Hall,Maple Grove,1006,casual,1986,3.85
118179,18/05/2026 09:04,18/05/2026 09:11,Aurora & 40th,Aurora & 40th,1325,member,2002,0.00
118180,18/05/2026 09:12,18/05/2026 09:33,Warehouse Row,Cedar Park Loop,1114,member,1975,0.00
118181,18/05/2026 09:29,18/05/2026 10:10,Birchwood Terrace,Maple Grove,1345,casual,1984,7.15
118182,18/05/2026 09:40,18/05/2026 10:04,Warehouse Row,Old Mill Crossing,1220,member,1981,0.00
118183,18/05/2026 09:46,18/05/2026 09:57,Central Station,Seawall Promenade,1222,member,1978,0.00
118184,18/05/2026 10:37,18/05/2026 10:54,University Gate,Westfield Green,1130,member,2002,0.00
118185,18/05/2026 10:43,18/05/2026 11:01,Observatory Hill,Central Station,1083,casual,1988,3.70
118186,18/05/2026 10:52,18/05/2026 11:01,City Hall,Old Town Square,1248,MEMBER,1977,0.00
118187,18/05/2026 10:55,18/05/2026 11:06,Orchard Lane,Orchard Lane,1005,member,1973,0.00
118188,18/05/2026 11:07,18/05/2026 11:22,Summit Ridge,Old Town Square,1086,casual,1975,3.25
118189,18/05/2026 12:10,18/05/2026 12:23,Harbor East,Gasometer Park,1324,member,1989,0.00
118190,18/05/2026 12:29,18/05/2026 12:33,Marina Green,Marina Green,1010,member,1987,0.00
118191,18/05/2026 12:54,18/05/2026 13:05,Lighthouse Point,Dockside Market,1119,member,1975,0.00
118192,18/05/2026 13:01,18/05/2026 13:11,Athletics Center,Athletics Center,1193,member,1997,0.00
118193,18/05/2026 13:04,18/05/2026 13:37,Exchange Street,EXCHANGE STREET,1168,member,1997,0.00
118194,18/05/2026 13:22,18/05/2026 13:58,Old Town Square,Ferry Meadow,1327,casual,1966,6.40
118195,18/05/2026 13:40,18/05/2026 13:53,Lighthouse Point,Old Mill Crossing,1213,member,1991,0.00
118196,18/05/2026 13:58,18/05/2026 14:23,Steelworks Gate,Old Town Square,1083,member,1975,0.00
118197,18/05/2026 13:59,18/05/2026 14:07,Campus North,Old Town Square,1297,member,1991,0.00
118198,18/05/2026 14:05,18/05/2026 14:50,Heron Park,Heron Park,1164,casual,1973,7.75
118199,18/05/2026 14:14,18/05/2026 14:21,Harbor West,Harbor West,1041,casual,1988,2.20
118200,18/05/2026 14:21,18/05/2026 14:58,Old Town Square,Kayak Launch,1335,casual,1996,6.55
118201,18/05/2026 14:23,18/05/2026 14:31,Central Station,Union Plaza,1307,member,1974,0.00
118202,18/05/2026 15:15,18/05/2026 15:24,Old Town Square,Old Town Square,1041,casual,1990,2.50
118203,18/05/2026 15:41,18/05/2026 15:46,Old Town Square,Student Commons,1277,member,1994,0.00
118204,18/05/2026 15:41,18/05/2026 15:53,Hillcrest Point,Cobbler's Row,1019,member,2001,0.00
118205,18/05/2026 16:06,18/05/2026 16:24,Old Mill Crossing,Northgate Transit Hub,1119,casual,1990,3.70
118206,18/05/2026 16:46,18/05/2026 17:02,Old Mill Crossing,Pier 12,1231,member,1995,0.00
118207,18/05/2026 16:48,18/05/2026 17:01,Gasometer Park,Gasometer Park,1226,MEMBER,1993,0.00
118208,18/05/2026 16:54,18/05/2026 17:04,Opera House,Steelworks Gate,1128,MEMBER,2004,0.00
118209,18/05/2026 16:57,18/05/2026 17:04,Warehouse Row,Westfield Green,1233,MEMBER,2001,0.00
118210,18/05/2026 17:07,18/05/2026 17:17,Student Commons,Westfield Green,1208,member,1982,0.00
118211,18/05/2026 17:18,18/05/2026 17:30,Athletics Center,Kayak Launch,1028,casual,1994,2.80
118212,18/05/2026 17:30,18/05/2026 17:40,Summit Ridge,Aurora & 40th,1331,member,1979,0.00
118213,18/05/2026 17:31,18/05/2026 17:42,Kayak Launch ,Kayak Launch,1052,Casual,1990,2.80
118214,18/05/2026 17:44,18/05/2026 17:54,Old Town Square,Science Quad,1233,Member,,0.00
118215,18/05/2026 17:57,18/05/2026 18:14,Gasometer Park,Floodgate Road,1126,casual,1993,3.70
118216,18/05/2026 18:04,18/05/2026 18:20,Athletics Center,Gasometer Park,1233,casual,2000,3.40
118217,18/05/2026 18:17,18/05/2026 18:34,Riverside Walk,Marina Green,1133,Casual,1975,3.70
118218,18/05/2026 18:21,18/05/2026 18:26,Summit Ridge,Warehouse Row,1172,member,1996,0.00
118219,18/05/2026 19:14,18/05/2026 19:35,Steelworks Gate,Harbor East,1077,member,1988,0.00
118220,18/05/2026 20:51,18/05/2026 21:13,Student Commons,Merchant Hall,1251,Casual,2004,4.30
118221,18/05/2026 21:48,18/05/2026 22:38,Central Station,Science Quad,1067,casual,1991,8.65
118222,18/05/2026 22:04,18/05/2026 22:12,Hillcrest Point,Seawall Promenade,1126,member,1982,0.00
118223,18/05/2026 22:41,18/05/2026 22:45,Steelworks Gate,Harbor East,1268,member,1988,0.00
118224,18/05/2026 22:44,18/05/2026 22:53,City Hall,Athletics Center,1209,member,1985,0.00
118224,18/05/2026 22:44,18/05/2026 22:53,City Hall,Athletics Center,1209,member,1985,0.00
118225,18/05/2026 23:46,18/05/2026 23:52,Gasometer Park,Maple Grove,1337,casual,1980,2.05
118226,18/05/2026 23:49,18/05/2026 23:55,Student Commons,Westfield Green,1097,member,1986,0.00
118227,19/05/2026 00:59,19/05/2026 01:24,Student Commons,Library Mall,1233,casual,1994,4.75
118228,19/05/2026 06:25,19/05/2026 06:41,Kayak Launch,Kayak Launch,1138,member,1983,0.00
118229,19/05/2026 06:54,19/05/2026 07:02,Old Town Square,Pier 12,1341,member,1983,0.00
118230,19/05/2026 07:15,19/05/2026 07:33,Summit Ridge,Poplar Circle,1252,member,1970,0.00
118231,19/05/2026 07:30,19/05/2026 07:52,Cedar Park Loop,King's Cross Lane,1062,casual,1988,4.30
118232,19/05/2026 07:43,19/05/2026 07:56,Ferry Meadow,Ferry Meadow,1164,Casual,1983,2.95
118233,19/05/2026 08:00,19/05/2026 08:22,Cobbler's Row,Cobbler's Row,1096,casual,1992,4.30
118234,19/05/2026 08:01,19/05/2026 08:14,Northgate Transit Hub,Northgate Transit Hub,1157,casual,1964,3.10
118235,19/05/2026 08:01,19/05/2026 08:11,Cobbler's Row,Cobbler's Row,1259,member,1968,0.00
118236,19/05/2026 08:05,19/05/2026 08:11,Exchange Street,Poplar Circle,1017,member,1999,0.00
118237,19/05/2026 08:09,19/05/2026 08:31,Old Town Square,Cobbler's Row,1194,member,2004,0.00
118238,19/05/2026 08:11,19/05/2026 08:36,Floodgate Road,Floodgate Road,1142,casual,1992,4.90
118239,19/05/2026 08:27,19/05/2026 08:37,Warehouse Row,Sunset Boulevard,1065,member,1966,0.00
118240,19/05/2026 08:32,19/05/2026 09:07,Athletics Center,Gasometer Park,1051,casual,1994,6.25
118241,19/05/2026 08:33,19/05/2026 08:48,Observatory Hill,Opera House,1011,casual,1963,3.25
118242,19/05/2026 08:50,19/05/2026 09:00,Old Town Square,Ferry Meadow,1119,member,1974,0.00
118243,19/05/2026 08:54,19/05/2026 09:07,Summit Ridge,Summit Ridge,1024,casual,1985,3.10
118244,19/05/2026 08:57,19/05/2026 09:16,Central Station,Old Town Square,1216,member,1999,0.00
118245,19/05/2026 09:24,19/05/2026 09:44,Student Commons,Old Town Square,1126,member,1993,0.00
118246,19/05/2026 09:29,19/05/2026 09:47,Student Commons,Campus North,1048,casual,1990,3.85
118247,19/05/2026 09:34,19/05/2026 09:41,Kayak Launch, Kayak Launch,1191,member,1964,0.00
118248,19/05/2026 09:35,19/05/2026 09:57,Summit Ridge,Summit Ridge,1288,member,1998,0.00
118249,19/05/2026 09:50,19/05/2026 10:00, Athletics Center,Athletics Center,1269,casual,1984,2.50
118250,19/05/2026 10:22,19/05/2026 10:41,Willow Bend,Student Commons,1216,Member,1979,0.00
118251,19/05/2026 10:32,19/05/2026 11:16,Cedar Park Loop,Old Town Square,1177,member,1978,0.00
118252,19/05/2026 12:36,19/05/2026 12:48,Opera House,Gasometer Park,1307,MEMBER,1978,0.00
118253,19/05/2026 12:41,19/05/2026 12:46,Cedar Park Loop,Northgate Mall,1217,member,1995,0.00
118254,19/05/2026 13:37,19/05/2026 13:53,Observatory Hill,Old Town Square,1008,member,1971,0.00
118255,19/05/2026 13:52,19/05/2026 14:03,Gasometer Park,City Hall,1279,casual,1997,2.80
118256,19/05/2026 13:53,19/05/2026 14:03,Steelworks Gate,Old Town Square,1204,member,1961,0.00
118257,19/05/2026 14:16,19/05/2026 14:39,Old Town Square,Old Town Square,1011,member,1991,0.00
118258,19/05/2026 14:36,19/05/2026 14:46,Old Town Square,Warehouse Row,1135,member,1973,0.00
118259,19/05/2026 14:52,19/05/2026 15:11,Northgate Transit Hub,Fountain Court,1084,Casual,1992,3.85
118260,19/05/2026 15:26,19/05/2026 15:56,Kayak Launch,Kayak Launch,1123,member,1991,0.00
118261,19/05/2026 15:42,19/05/2026 15:54,Lighthouse Point,Lighthouse Point,1217,member,2002,0.00
118262,19/05/2026 15:42,19/05/2026 15:58,Exchange Street,Old Town Square,1063,member,1996,0.00
118263,19/05/2026 15:58,19/05/2026 16:16,Harbor East,Foundry District,1311,casual,1993,3.70
118264,19/05/2026 16:11,19/05/2026 16:17,Orchard Lane,Old Town Square,1255,casual,1994,2.05
118265,19/05/2026 16:18,19/05/2026 16:25,Observatory Hill,Observatory Hill,1280,member,1991,0.00
118266,19/05/2026 16:18,19/05/2026 16:27,Old Town Square,Dockside Market,1315,member,1996,0.00
118267,19/05/2026 16:27,19/05/2026 16:31,Cathedral Gate,Cathedral Gate,1347,member,2005,0.00
118268,19/05/2026 16:37,19/05/2026 16:44,Summit Ridge,Summit Ridge,1084,member,1992,0.00
118269,19/05/2026 16:44,19/05/2026 16:56,City Hall,Pier 12,1298,member,1982,0.00
118270,19/05/2026 16:48,19/05/2026 17:07,Old Town Square,Seawall Promenade,1031,casual,,3.85
118271,19/05/2026 16:59,19/05/2026 17:16,King's Cross Lane,Old Town Square,1081,casual,1992,3.70
118272,19/05/2026 17:13,19/05/2026 17:22,Kayak Launch,SUNSET BOULEVARD,1192,member,1970,0.00
118273,19/05/2026 17:15,19/05/2026 17:38,Dockside Market,Aurora & 22nd,1074,member,1983,0.00
118274,19/05/2026 17:17,19/05/2026 17:33,Central Station,Union Plaza,1244,member,1978,0.00
118275,19/05/2026 17:28,19/05/2026 17:53,Tannery Yard,Old Town Square,1236,casual,1964,4.75
118276,19/05/2026 17:35,19/05/2026 18:01,Maple Grove,Hillcrest Point,1117,casual,1969,4.90
118277,19/05/2026 17:46,19/05/2026 17:53,Birchwood Terrace,Poplar Circle,1311,Member,1991,0.00
118278,19/05/2026 17:49,19/05/2026 18:10,Central Station,Central Station,1171,member,1997,0.00
118279,19/05/2026 18:00,19/05/2026 18:05,Athletics Center,Athletics Center,1227,member,1990,0.00
118280,19/05/2026 18:06,19/05/2026 18:15,City Hall,Dockside Market,1320,casual,1975,2.35
118281,19/05/2026 18:37,19/05/2026 18:54,Warehouse Row,Tannery Yard,1338,member,1988,0.00
118282,19/05/2026 18:39,19/05/2026 18:53,Athletics Center,Gasometer Park,1078,casual,1981,3.25
118283,19/05/2026 18:50,19/05/2026 19:12,Botanic Gardens,Meridian Tower,1035,casual,1998,4.45
118284,19/05/2026 19:41,19/05/2026 19:53,Northgate Transit Hub,Gasometer Park,1002,casual,1988,2.95
118285,19/05/2026 20:07,19/05/2026 20:16,Gasometer Park,Riverside Walk,1246,member,1993,0.00
118286,19/05/2026 20:09,19/05/2026 20:16,Athletics Center,Athletics Center,1254,member,1960,0.00
118287,19/05/2026 20:15,19/05/2026 20:41,Aurora & 22nd,Aurora & 22nd,1052,casual,2001,5.05
118288,19/05/2026 21:54,19/05/2026 22:11,Botanic Gardens,Botanic Gardens,1225,casual,1986,3.70
118289,19/05/2026 22:30,19/05/2026 22:34,Kayak Launch,Athletics Center,1262,member,1970,0.00
118290,19/05/2026 22:51,19/05/2026 23:01,Seawall Promenade,Student Commons,1349,Member,1986,0.00
118291,19/05/2026 23:23,19/05/2026 23:45,Opera House,Birchwood Terrace,1234,member,1975,0.00
118292,20/05/2026 05:54,20/05/2026 06:08,Steelworks Gate,Steelworks Gate,1253,member,1993,0.00
118293,20/05/2026 06:40,20/05/2026 06:54,Gasometer Park,Gasometer Park,1062,member,1986,0.00
118294,20/05/2026 06:55,20/05/2026 07:14,Old Town Square,Student Commons,1034,member,1977,0.00
118295,20/05/2026 07:30,20/05/2026 07:56,Steelworks Gate,Central Station,1082,member,1970,0.00
118296,20/05/2026 07:30,20/05/2026 07:37,Sunset Boulevard,Heron Park,1319,member,1991,0.00
118297,20/05/2026 07:43,20/05/2026 07:54,Pier 12,Grand & 9th,1157,member,1994,0.00
118298,20/05/2026 07:44,20/05/2026 08:08,Student Commons,Library Mall,1311,casual,2002,4.60
118299,20/05/2026 08:25,20/05/2026 08:33,Harbor East,Student Commons,1179,casual,1993,2.20
118300,20/05/2026 08:25,20/05/2026 08:44,Fountain Court,Old Town Square,1168,member,1958,0.00
118301,20/05/2026 08:39,20/05/2026 08:56,Summit Ridge,Warehouse Row,1192,member,1978,0.00
118302,20/05/2026 08:44,20/05/2026 08:53,Student Commons,Student Commons,1093,casual,1983,2.50
118303,20/05/2026 08:44,20/05/2026 09:08,Old Town Square,University Gate,1208,member,1974,0.00
118304,20/05/2026 08:48,20/05/2026 09:16,Old Mill Crossing,Seawall Promenade,1025,member,1967,0.00
118305,20/05/2026 09:03,20/05/2026 09:13,Riverside Walk,University Gate,1192,casual,1971,2.65
118306,20/05/2026 09:10,20/05/2026 09:26,Old Town Square,Summit Ridge,1087,casual,1979,3.55
118307,20/05/2026 09:17,20/05/2026 09:36,Gasometer Park,Gasometer Park,1047,casual,1994,3.85
118308,20/05/2026 09:37,20/05/2026 09:52,Guildhall Steps,Guildhall Steps,1083,member,1991,0.00
118309,20/05/2026 09:39,20/05/2026 09:45,Riverside Walk,Kayak Launch,1329,member,1994,0.00
118310,20/05/2026 09:43,20/05/2026 10:07,Cedar Park Loop,Cedar Park Loop,1158,member,1963,0.00
118311,20/05/2026 09:58,20/05/2026 10:08,Steelworks Gate,Westfield Green,1040,casual,1982,2.50
118312,20/05/2026 10:00,20/05/2026 10:39,Student Commons,Marina Green,1211,member,2001,0.00
118313,20/05/2026 10:33,20/05/2026 11:14,Student Commons,Steelworks Gate,1231,casual,2001,7.30
118314,20/05/2026 11:08,20/05/2026 11:18,Student Commons,Student Commons,1092,member,1991,0.00
118315,20/05/2026 11:20,20/05/2026 11:53,Pier 12,Kayak Launch,1129,member,1977,0.00
118316,20/05/2026 11:22,20/05/2026 11:29,Athletics Center,Athletics Center,1307,member,1980,0.00
118317,20/05/2026 11:32,20/05/2026 11:36,Dockside Market,Sunset Boulevard,1044,member,1986,0.00
118318,20/05/2026 11:39,20/05/2026 12:00,Opera House,Old Town Square,1208,member,1975,0.00
118319,20/05/2026 11:46,20/05/2026 12:06,Steelworks Gate,Observatory Hill,1046,casual,1985,4.00
118320,20/05/2026 11:59,20/05/2026 12:14,Summit Ridge,Summit Ridge,1278,member,2005,0.00
118321,20/05/2026 12:00,20/05/2026 12:04,Seawall Promenade,Old Town Square,1348,casual,1991,1.60
118322,20/05/2026 12:20,20/05/2026 12:26,City Hall,City Hall,1207,member,1996,0.00
118323,20/05/2026 12:52,20/05/2026 13:05,Old Town Square,Central Station,1097,member,1975,0.00
118324,20/05/2026 12:55,20/05/2026 13:03,Meridian Tower,Meridian Tower,1283,member,1992,0.00
118325,20/05/2026 13:11,20/05/2026 13:25,Meridian Tower,Botanic Gardens,1350,member,1992,0.00
118326,20/05/2026 13:18,20/05/2026 13:54,City Hall,University Gate,1260,casual,1999,6.55
118327,20/05/2026 13:27,20/05/2026 13:45,Old Town Square,Aurora & 22nd,1125,member,1997,0.00
118328,20/05/2026 13:55,20/05/2026 14:09,Fountain Court,Fountain Court,1160,casual,1996,3.25
118329,20/05/2026 14:01,20/05/2026 14:21,Old Town Square,Student Commons,1249,member,1997,0.00
118330,20/05/2026 14:10,20/05/2026 14:25,Central Station,Seawall Promenade,1132,member,1958,0.00
118331,20/05/2026 14:32,20/05/2026 14:42,Old Town Square,Summit Ridge,1213,member,1977,0.00
118332,20/05/2026 14:47,20/05/2026 15:01,Maple Grove,University Gate,1240,member,1987,0.00
118333,20/05/2026 14:56,20/05/2026 15:15,Gasometer Park,Merchant Hall,1327,member,1984,0.00
118334,20/05/2026 15:30,20/05/2026 15:43,Weaver Street,Weaver Street,1274,MEMBER,2003,0.00
118335,20/05/2026 15:31,20/05/2026 15:55,Central Station,Maple Grove,1119,member,1968,0.00
118336,20/05/2026 15:49,20/05/2026 16:12,Maple Grove,Student Commons,1322,member,1985,0.00
118337,20/05/2026 16:03,20/05/2026 16:22,Aurora & 22nd,Old Town Square,1238,member,1998,0.00
118338,20/05/2026 16:30,20/05/2026 17:15,Observatory Hill,Exchange Street,1252,casual,1980,7.75
118339,20/05/2026 16:33,20/05/2026 16:42,Northgate Mall,Westfield Green,1271,member,1989,0.00
118340,20/05/2026 16:42,20/05/2026 17:21,Old Town Square,Meridian Tower,1036,member,1978,0.00
118341,20/05/2026 16:46,20/05/2026 16:56,Student Commons,Central Station,1201,member,1972,0.00
118342,20/05/2026 17:03,20/05/2026 17:20,Opera House,Aurora & 22nd,1149,member,1983,0.00
118343,20/05/2026 17:09,20/05/2026 17:30,Gasometer Park,Floodgate Road,1120,MEMBER,1970,0.00
118344,20/05/2026 17:45,20/05/2026 18:01,Westfield Green,Gasometer Park,1311,casual,1991,3.40
118345,20/05/2026 17:49,20/05/2026 18:02,Old Town Square,Maple Grove,1255,member,,0.00
118346,20/05/2026 18:18,20/05/2026 18:21,Marina Green,Observatory Hill,1065,member,1997,0.00
118347,20/05/2026 18:19,20/05/2026 18:43,Gasometer Park,Gasometer Park,1221,member,2001,0.00
118348,20/05/2026 18:41,20/05/2026 18:49,University Gate,Central Station,1164,Member,1989,0.00
118349,20/05/2026 19:00,20/05/2026 19:08,Central Station,University Gate,1274,member,2002,0.00
118350,20/05/2026 19:18,20/05/2026 19:24,Sunset Boulevard,Foundry District,1309,member,1976,0.00
118351,20/05/2026 19:50,20/05/2026 20:24,Gasometer Park,Warehouse Row,1331,casual,1993,6.25
118352,20/05/2026 20:04,20/05/2026 20:17,Old Town Square,Old Mill Crossing,1324,member,1971,0.00
118353,20/05/2026 20:32,20/05/2026 20:44,Westfield Green, Grand & 3rd,1277,member,1982,0.00
118354,20/05/2026 20:50,20/05/2026 20:55,Rosemont & 5th,Rosemont & 5th,1011,member,1977,0.00
118355,20/05/2026 21:25,20/05/2026 21:32,Old Mill Crossing,Old Mill Crossing,1151,casual,2003,2.05
118356,20/05/2026 21:27,20/05/2026 21:54,Old Town Square,Old Town Square,1297,Member,1990,0.00
118357,20/05/2026 23:02,20/05/2026 23:10,Westfield Green,Westfield Green,1206,Member,1990,0.00
118358,21/05/2026 05:11,21/05/2026 05:29,Aurora & 22nd,Old Town Square,1164,member,1991,0.00
118358,21/05/2026 05:11,21/05/2026 05:29,Aurora & 22nd,Old Town Square,1164,member,1991,0.00
118359,21/05/2026 07:00,21/05/2026 07:24,Seawall Promenade,Seawall Promenade,1231,casual,1985,4.75
118360,21/05/2026 07:22,21/05/2026 07:41,Pier 12,Pier 12,1325,member,1996,0.00
118361,21/05/2026 07:28,21/05/2026 07:42,Pier 12,Gasometer Park ,1012,member,1978,0.00
118362,21/05/2026 07:28,21/05/2026 08:15,University Gate,Observatory Hill,1192,casual,1983,8.05
118363,21/05/2026 07:35,21/05/2026 08:02,Cedar Park Loop,Opera House,1215,casual,1985,5.20
118364,21/05/2026 08:00,21/05/2026 08:19,Gasometer Park,Gasometer Park,1018,member,2005,0.00
118365,21/05/2026 08:09,21/05/2026 08:15,Sunset Boulevard,Rosemont & 5th,1079,member,1997,0.00
118366,21/05/2026 08:19,21/05/2026 08:43,Gasometer Park,Student Commons,1209,Member,1982,0.00
118367,21/05/2026 08:30,21/05/2026 08:37,Warehouse Row,City Hall,1201,member,1991,0.00
118368,21/05/2026 08:42,21/05/2026 09:31,Kayak Launch,Cedar Park Loop,1322,MEMBER,1988,0.50
118369,21/05/2026 09:03,21/05/2026 09:08,Summit Ridge,Harbor West,1261,member,1995,0.00
118370,21/05/2026 09:40,21/05/2026 10:04,Aurora & 40th,Harbor East,1061,member,1988,0.00
118371,21/05/2026 09:58,21/05/2026 10:12,Riverside Walk,Pier 12,1152,Casual,1978,3.10
118372,21/05/2026 10:41,21/05/2026 10:54,Gasometer Park,Student Commons,1252,member,1993,0.00
118373,21/05/2026 10:46,21/05/2026 11:06,King's Cross Lane,Central Station,1306,casual,1966,4.00
118374,21/05/2026 11:43,21/05/2026 11:49,Student Commons,Library Mall,1121,member,1981,0.00
118375,21/05/2026 11:47,21/05/2026 12:15,Kayak Launch,Poplar Circle,1149,casual,1997,5.35
118376,21/05/2026 11:58,21/05/2026 12:09,Steelworks Gate,Kayak Launch,1027,member,1983,0.00
118377,21/05/2026 12:06,21/05/2026 12:12,Clocktower Plaza,City Hall,1043,member,1974,0.00
118378,21/05/2026 12:12,21/05/2026 12:26,Westfield Green,Orchard Lane,1035,member,1998,0.00
118379,21/05/2026 12:24,21/05/2026 12:42,Dockside Market,Dockside Market,1063,member,1964,0.00
118380,21/05/2026 12:41,21/05/2026 12:50,Cedar Park Loop,Union Plaza,1211,member,1972,0.00
118381,21/05/2026 12:51,21/05/2026 13:05,Gasometer Park,Meridian Tower,1065,Casual,1978,3.10
118382,21/05/2026 12:51,21/05/2026 13:12,Summit Ridge,Summit Ridge,1158,member,1973,0.00
118383,21/05/2026 12:54,21/05/2026 13:11,Student Commons,University Gate,1004,member,1999,0.00
118384,21/05/2026 13:02,21/05/2026 13:29,Poplar Circle,Riverside Walk,1160,member,1984,0.00
118385,21/05/2026 13:42,21/05/2026 13:54,Pier 12,Dockside Market,1271,casual,1994,2.95
118386,21/05/2026 13:50,21/05/2026 14:01,Harbor East,Harbor East,1009,member,1976,0.00
118387,21/05/2026 14:12,21/05/2026 14:17,Kayak Launch,Kayak Launch,1004,member,1976,0.00
118388,21/05/2026 15:07,21/05/2026 15:17,Maple Grove,Central Station,1057,member,1992,0.00
118389,21/05/2026 15:19,21/05/2026 15:30,Opera House,Opera House,1246,member,1998,0.00
118390,21/05/2026 16:07,21/05/2026 16:13,Central Station,Riverside Walk,1257,member,1986,0.00
118391,21/05/2026 16:28,21/05/2026 16:55,Old Town Square,Pier 12,1281,casual,1987,5.05
118392,21/05/2026 16:37,21/05/2026 16:48,Warehouse Row,Warehouse Row,1031,casual,1992,2.65
118393,21/05/2026 16:52,21/05/2026 17:00,Old Town Square,Cobbler's Row,1024,member,1981,0.00
118394,21/05/2026 17:05,21/05/2026 17:35,Gasometer Park,Gasometer Park,1095,casual,1993,5.50
118395,21/05/2026 17:15,21/05/2026 17:40,Birchwood Terrace,Old Mill Crossing,1333,casual,1998,4.90
118396,21/05/2026 17:17,21/05/2026 17:31,Riverside Walk,Exchange Street,1090,Casual,1987,3.25
118397,21/05/2026 17:33,21/05/2026 17:36,Steelworks Gate,Observatory Hill,1262,casual,,1.60
118398,21/05/2026 17:38,21/05/2026 18:39,Sunset Boulevard,King's Cross Lane,1333,casual,1993,10.30
118399,21/05/2026 17:53,21/05/2026 18:08,Student Commons,Observatory Hill,1058,MEMBER,1984,0.00
118400,21/05/2026 18:03,21/05/2026 18:33,Opera House,Merchant Hall,1079,member,,0.00
118401,21/05/2026 18:07,21/05/2026 18:14,Clocktower Plaza,Gasometer Park,1019,member,1991,0.00
118402,21/05/2026 18:27,21/05/2026 18:42,Rosemont & 5th,Rosemont & 5th,1255,member,1985,0.00
118403,21/05/2026 18:27,21/05/2026 18:39,Central Station,Athletics Center,1278,member,2003,0.00
118404,21/05/2026 18:40,21/05/2026 18:55,Student Commons,Poplar Circle,1173,member,1994,0.00
118405,21/05/2026 19:25,21/05/2026 19:33,Cedar Park Loop,Union Plaza,1091,member,1983,0.00
118406,21/05/2026 19:45,21/05/2026 20:22,Northgate Mall,Gasometer Park,1055,casual,,6.70
118407,21/05/2026 20:44,21/05/2026 20:55,Opera House,Marina Green,1152,member,1988,0.00
118408,21/05/2026 21:23,21/05/2026 21:37,Northgate Transit Hub,City Hall,1120,member,1993,0.00
118409,21/05/2026 21:32,21/05/2026 21:46,Ferry Meadow ,Ferry Meadow,1106,MEMBER,1988,0.00
118410,21/05/2026 22:15,21/05/2026 22:35,City Hall,City Hall,1044,member,1976,0.00
118411,21/05/2026 22:27,21/05/2026 22:35,Grand & 3rd ,Grand & 3rd,1272,member,1987,0.00
118412,22/05/2026 00:33,22/05/2026 00:45,Sunset Boulevard,Old Town Square ,1031,member,1969,0.00
118413,22/05/2026 05:37,22/05/2026 05:48,Summit Ridge,Old Town Square,1024,casual,1985,2.65
118414,22/05/2026 06:13,22/05/2026 06:33,Old Mill Crossing,Cobbler's Row,1080,casual,1972,4.00
118415,22/05/2026 07:22,22/05/2026 07:28,Botanic Gardens,Kayak Launch,1101,member,1988,0.00
118416,22/05/2026 07:31,22/05/2026 07:45,Athletics Center,Northgate Transit Hub,1078,member,1997,0.00
118417,22/05/2026 07:31,22/05/2026 07:48,Willow Bend,Willow Bend,1164,casual,1985,3.55
118418,22/05/2026 08:02,22/05/2026 08:10,Summit Ridge,Cedar Park Loop,1184,member,1983,0.00
118419,22/05/2026 08:02,22/05/2026 08:15,Aurora & 22nd,Central Station,1244,casual,1980,2.95
118420,22/05/2026 08:03,22/05/2026 08:34,Westfield Green,Old Town Square,1213,casual,1992,5.65
118421,22/05/2026 08:16,22/05/2026 08:21,Old Town Square,Old Town Square,1192,Member,1979,0.00
118422,22/05/2026 08:22,22/05/2026 08:30,Gasometer Park,Dockside Market,1071,casual,1979,2.35
118423,22/05/2026 08:23,22/05/2026 09:01,Maple Grove,Aurora & 40th,1050,member,1993,0.00
118424,22/05/2026 08:24,22/05/2026 08:42,Kayak Launch,Gasometer Park,1068,member,,0.00
118425,22/05/2026 08:42,22/05/2026 09:11,Aurora & 40th,Athletics Center,1318,casual,1976,5.35
118426,22/05/2026 08:47,22/05/2026 08:57,Aurora & 40th,Aurora & 40th,1243,member,2000,0.00
118427,22/05/2026 08:50,22/05/2026 08:55,Kayak Launch,Kayak Launch,1256,member,2002,0.00
118428,22/05/2026 09:12,22/05/2026 09:20,Old Mill Crossing,old mill crossing,1171,casual,1988,2.20
118429,22/05/2026 10:36,22/05/2026 11:03,Kayak Launch,Kayak Launch,1271,casual,,5.20
118430,22/05/2026 11:51,22/05/2026 12:08,Old Town Square,City Hall,1016,casual,1989,3.70
118431,22/05/2026 12:00,22/05/2026 12:07,Marina Green,Birchwood Terrace,1345,MEMBER,1974,0.00
118432,22/05/2026 12:34,22/05/2026 13:02,Harbor East,Northgate Mall,1120,Casual,1976,5.35
118433,22/05/2026 12:41,22/05/2026 12:52,Gasometer Park,Botanic Gardens,1340,Member,1991,0.00
118434,22/05/2026 12:54,22/05/2026 13:07,Cathedral Gate,Cathedral Gate,1179,Member,1986,0.00
118435,22/05/2026 13:22,22/05/2026 13:53,Summit Ridge,Floodgate Road,1085,Casual,1991,5.65
118436,22/05/2026 13:24,22/05/2026 13:32,Westfield Green,Grand & 3rd,1346,Member,1987,0.00
118437,22/05/2026 13:32,22/05/2026 13:57,Lighthouse Point ,Summit Ridge,1025,casual,1977,4.90
118438,22/05/2026 13:32,22/05/2026 13:47,University Gate,Tannery Yard,1190,member,1983,0.00
118439,22/05/2026 13:42,22/05/2026 14:13,Old Town Square,OLD TOWN SQUARE,1135,member,1994,0.00
118440,22/05/2026 13:55,22/05/2026 14:13,Central Station,Riverside Walk,1070,member,1983,0.00
118441,22/05/2026 14:02,22/05/2026 14:12,Summit Ridge,Northgate Mall ,1290,member,,0.00
118442,22/05/2026 14:24,22/05/2026 14:33,Pier 12,Pier 12,1058,member,1994,0.00
118443,22/05/2026 15:09,22/05/2026 15:22,Old Town Square,Old Town Square,1192,casual,1977,3.10
118444,22/05/2026 15:12,22/05/2026 15:24,Summit Ridge,Kayak Launch,1293,member,1993,0.00
118445,22/05/2026 15:33,22/05/2026 16:05,Aurora & 22nd,Steelworks Gate,1175,casual,1989,5.80
118446,22/05/2026 15:34,22/05/2026 16:04,Central Station,Central Station,1152,casual,1999,5.50
118446,22/05/2026 15:34,22/05/2026 16:04,Central Station,Central Station,1152,casual,1999,5.50
118447,22/05/2026 16:04,22/05/2026 16:45,Student Commons,City Hall,1293,casual,,7.30
118448,22/05/2026 16:11,22/05/2026 16:56,Kayak Launch,Gasometer Park,1276,casual,1970,7.90
118449,22/05/2026 16:22,22/05/2026 16:40,Cobbler's Row ,Kayak Launch,1086,Member,1966,0.00
118450,22/05/2026 17:19,22/05/2026 18:11,Athletics Center,Westfield Green,1268,casual,1987,8.95
118451,22/05/2026 17:19,22/05/2026 17:35,Observatory Hill,guildhall steps,1208,casual,1994,3.55
118452,22/05/2026 17:29,22/05/2026 18:17,Ferry Meadow,Athletics Center,1135,member,,0.30
118453,22/05/2026 17:41,22/05/2026 18:08,Dockside Market,Campus North,1268,member,1977,0.00
118454,22/05/2026 17:46,22/05/2026 18:00,Gasometer Park,Central Station,1003,member,1989,0.00
118455,22/05/2026 18:00,22/05/2026 18:12,Gasometer Park,Old Town Square,1226,casual,1987,2.80
118456,22/05/2026 18:00,22/05/2026 18:12,Gasometer Park,Pier 12,1213,Casual,1994,2.80
118457,22/05/2026 18:01,22/05/2026 18:10,Grand & 9th,Old Mill Crossing,1086,Member,1978,0.00
118458,22/05/2026 18:07,22/05/2026 18:19,Seawall Promenade,Gasometer Park,1337,Member,2002,0.00
118459,22/05/2026 18:27,22/05/2026 19:08,Steelworks Gate,Steelworks Gate,1146,casual,1985,7.30
118460,22/05/2026 18:52,22/05/2026 19:24,Central Station,University Gate,1229,member,1988,0.00
118461,22/05/2026 19:31,22/05/2026 19:46,Gasometer Park,Harbor East,1246,member,1970,0.00
118462,22/05/2026 19:31,22/05/2026 19:34,Central Station,Central Station,1127,member,1975,0.00
118463,22/05/2026 20:00,22/05/2026 20:20,Harbor West,Harbor West,1063,casual,1995,4.00
118464,22/05/2026 20:22,22/05/2026 20:35,Old Town Square,City Hall,1345,member,1965,0.00
118465,22/05/2026 21:13,22/05/2026 21:26,Science Quad,Rosemont & 5th,1240,casual,1991,2.95
118466,22/05/2026 21:39,22/05/2026 21:56,Old Town Square,City Hall,1046,member,1991,0.00
118467,22/05/2026 22:08,22/05/2026 22:18,Old Town Square,Gasometer Park,1081,member,1989,0.00
118468,22/05/2026 23:37,22/05/2026 23:47,Campus North,Athletics Center,1001,member,1971,0.00
118469,23/05/2026 01:26,23/05/2026 01:39,Marina Green,Marina Green,1347,member,1986,0.00
118470,23/05/2026 02:02,23/05/2026 02:20,University Gate,Seawall Promenade,1007,member,1982,0.00
118471,23/05/2026 06:42,23/05/2026 09:18,Tramline Depot,Cedar Park Loop,1306,casual,1968,24.55
118472,23/05/2026 07:03,23/05/2026 07:19,Harbor West,University Gate,1105,casual,1971,3.55
118473,23/05/2026 08:05,23/05/2026 08:35,Central Station,Central Station,1206,member,1964,0.00
118474,23/05/2026 08:06,23/05/2026 08:19,Harbor East,Old Town Square,1012,casual,1970,3.10
118475,23/05/2026 08:18,23/05/2026 08:37,Cedar Park Loop,Rosemont & 5th,1145,casual,1978,3.85
118476,23/05/2026 08:52,23/05/2026 09:18,City Hall,Gasometer Park,1077,member,1975,0.00
118477,23/05/2026 09:00,23/05/2026 10:17,Central Station,Athletics Center,1297,Casual,1998,12.70
118478,23/05/2026 09:17,23/05/2026 09:30,Central Station,Central Station,1213,casual,2001,2.95
118479,23/05/2026 09:24,23/05/2026 09:41,Kayak Launch,Old Mill Crossing,1027,casual,1965,3.55
118480,23/05/2026 09:55,23/05/2026 10:58,Athletics Center,Athletics Center,1006,casual,1983,10.60
118481,23/05/2026 10:16,23/05/2026 10:25,Maple Grove,University Gate,1133,member,1993,0.00
118482,23/05/2026 10:20,23/05/2026 10:38,Student Commons,Clocktower Plaza,1044,Casual,1990,3.70
118483,23/05/2026 10:28,23/05/2026 10:39,Summit Ridge,Athletics Center,1013,member,1996,0.00
118484,23/05/2026 10:30,23/05/2026 10:38,Cobbler's Row,Old Mill Crossing,1180,casual,1984,2.20
118485,23/05/2026 10:39,23/05/2026 09:46,University Gate,Observatory Hill,1275,casual,2020,6.55
118486,23/05/2026 10:48,23/05/2026 10:56,Central Station,Central Station,1157,casual,,2.35
118487,23/05/2026 10:51,23/05/2026 11:13,Gasometer Park,City Hall,1066,casual,1983,4.30
118488,23/05/2026 11:07,23/05/2026 11:41,Grand & 3rd,Cedar Park Loop,1003,member,1982,0.00
118489,23/05/2026 11:08,23/05/2026 11:24,Old Mill Crossing,Central Station,1121,Member,1992,0.00
118490,23/05/2026 11:10,23/05/2026 11:23,University Gate,Central Station,1215,member,1971,0.00
118491,23/05/2026 11:24,23/05/2026 11:31,Maple Grove,Steelworks Gate,1271,member,1974,0.00
118492,23/05/2026 11:41,23/05/2026 12:01,Orchard Lane,Dockside Market,1092,member,1993,0.00
118493,23/05/2026 11:41,23/05/2026 11:54,Lighthouse Point,City Hall,1044,casual,1993,3.10
118494,23/05/2026 11:41,23/05/2026 11:44,Sunset Boulevard,Gasometer Park,1226,member,1900,0.00
118495,23/05/2026 11:42,23/05/2026 12:06,Grand & 3rd,Grand & 9th,1233,member,1964,0.00
118496,23/05/2026 11:46,23/05/2026 12:07,Westfield Green,Grand & 3rd,1112,casual,1971,4.15
118497,23/05/2026 11:50,23/05/2026 12:06,Cedar Park Loop,Northgate Mall,1272,Casual,1976,3.40
118498,23/05/2026 12:11,23/05/2026 12:16,Old Mill Crossing,Grand & 9th,1315,member,1994,0.00
118499,23/05/2026 12:18,23/05/2026 12:50,Dockside Market ,Old Town Square,1208,casual,1969,5.95
118500,23/05/2026 12:41,23/05/2026 12:55,Meridian Tower,Central Station,1208,casual,1997,3.10
118501,23/05/2026 12:44,23/05/2026 12:52,Seawall Promenade,Old Town Square,1216,casual,1993,2.20
118502,23/05/2026 12:47,23/05/2026 12:55,Kayak Launch,Central Station ,1044,member,1995,0.00
118503,23/05/2026 12:58,23/05/2026 13:37,Westfield Green,Northgate Transit Hub,1116,member,1985,0.00
118504,23/05/2026 13:12,23/05/2026 13:19,Old Mill Crossing,Student Commons,1175,member,1978,0.00
118505,23/05/2026 13:17,23/05/2026 13:25,Harbor East,Riverside Walk,1286,member,2002,0.00
118506,23/05/2026 13:48,23/05/2026 14:30,Old Town Square,Old Town Square,1201,casual,1996,7.45
118507,23/05/2026 13:51,23/05/2026 14:18,Rosemont & 5th,Kayak Launch,1041,casual,1996,5.20
118508,23/05/2026 14:04,23/05/2026 14:19,Guildhall Steps,Union Plaza,1327,Casual,1985,3.40
118509,23/05/2026 14:09,23/05/2026 14:39,Kayak Launch,Science Quad,1297,casual,1985,5.65
118510,23/05/2026 14:11,23/05/2026 14:24,Central Station,Old Mill Crossing,1235,Casual,1972,3.10
118511,23/05/2026 14:22,23/05/2026 14:49,Athletics Center,City Hall,1193,casual,1982,5.20
118512,23/05/2026 14:32,23/05/2026 14:52,Riverside Walk,Ferry Landing,1204,casual,2000,4.15
118513,23/05/2026 14:39,23/05/2026 14:57,Union Plaza,Northgate Transit Hub,1305,member,1991,0.00
118514,23/05/2026 14:42,23/05/2026 14:50,Northgate Mall,City Hall,1227,member,1997,0.00
118515,23/05/2026 14:42,23/05/2026 15:13,Sunset Boulevard,Central Station,1004,casual,1971,5.65
118516,23/05/2026 15:03,23/05/2026 15:53,Steelworks Gate,Science Quad,1236,member,1986,0.50
118517,23/05/2026 15:31,23/05/2026 15:51,Grand & 9th,GRAND & 9TH,1311,casual,1972,4.00
118518,23/05/2026 16:02,23/05/2026 16:26,Kayak Launch,Exchange Street,1070,Casual,1985,4.75
118519,23/05/2026 16:28,23/05/2026 16:34,Willow Bend,Science Quad,1233,MEMBER,1987,0.00
118520,23/05/2026 16:35,23/05/2026 17:19,Opera House,Clocktower Plaza,1347,casual,2005,7.60
118521,23/05/2026 16:59,23/05/2026 17:24,Student Commons,university gate,1197,Casual,1971,4.75
118522,23/05/2026 17:04,23/05/2026 17:23,Westfield Green,Grand & 3rd,1025,Casual,1989,4.00
118523,23/05/2026 17:19,23/05/2026 17:30,Science Quad,Aurora & 22nd,1249,member,1995,0.00
118524,23/05/2026 17:30,23/05/2026 17:36,Summit Ridge,Dockside Market,1303,member,1996,0.00
118525,23/05/2026 18:24,23/05/2026 18:37,Gasometer Park,Gasometer Park,1159,casual,1990,3.10
118526,23/05/2026 18:25,23/05/2026 19:20,Pier 12,Cedar Park Loop,1204,casual,1958,9.25
118527,23/05/2026 19:26,23/05/2026 20:11,Poplar Circle,Poplar Circle,1201,casual,1976,7.90
118528,23/05/2026 20:39,23/05/2026 20:48,Cedar Park Loop,Central Station,1206,member,1988,0.00
118529,23/05/2026 21:18,23/05/2026 21:38,Guildhall Steps,Old Town Square,1123,casual,1976,4.15
118530,23/05/2026 21:19,23/05/2026 21:25,Guildhall Steps,Botanic Gardens,1343,member,1978,0.00
118531,23/05/2026 21:26,23/05/2026 21:50,Merchant Hall,Seawall Promenade,1318,casual,2007,4.60
118532,23/05/2026 22:21,23/05/2026 22:43,Clocktower Plaza,Northgate Mall,1319,casual,1959,4.30
118533,24/05/2026 00:12,24/05/2026 00:25,Merchant Hall,Central Station,1192,member,1993,0.00
118534,24/05/2026 00:49,24/05/2026 00:58,Steelworks Gate,Aurora & 40th,1278,casual,1996,2.50
118535,24/05/2026 01:43,24/05/2026 02:28,Gasometer Park,Gasometer Park,1307,casual,1985,7.75
118536,24/05/2026 07:04,24/05/2026 07:32,Riverside Walk,Orchard Lane,1179,casual,1989,5.20
118537,24/05/2026 07:08,24/05/2026 07:25,Student Commons,Summit Ridge,1170,member,1988,0.00
118538,24/05/2026 08:15,24/05/2026 08:50,Gasometer Park,Fountain Court,1141,member,1961,0.00
118539,24/05/2026 08:26,24/05/2026 09:18,Old Town Square,Aurora & 40th,1075,casual,1990,8.95
118540,24/05/2026 08:40,24/05/2026 08:52,Old Town Square,Old Mill Crossing,1067,casual,1989,2.95
118541,24/05/2026 09:48,24/05/2026 10:22,Harbor East,City Hall,1206,casual,1971,6.25
118542,24/05/2026 10:11,24/05/2026 10:18,Central Station,Central Station,1137,member,1993,0.00
118543,24/05/2026 10:16,24/05/2026 10:20,Riverside Walk,Riverside Walk,1114,casual,1988,1.75
118544,24/05/2026 10:28,24/05/2026 10:37,Observatory Hill,Central Station,1233,member,1967,0.00
118545,24/05/2026 10:38,24/05/2026 10:46,Athletics Center,Pier 12,1175,member,1981,0.00
118546,24/05/2026 10:58,24/05/2026 11:05,Gasometer Park,Pier 12,1268,casual,1959,2.20
118547,24/05/2026 11:01,24/05/2026 11:08,Westfield Green,Grand & 3rd,1010,member,1997,0.00
118548,24/05/2026 11:06,24/05/2026 11:55,Opera House,Rosemont & 5th,1052,casual,1986,8.35
118549,24/05/2026 11:07,24/05/2026 11:42,Pier 12,University Gate,1224,casual,1975,6.25
118550,24/05/2026 11:44,24/05/2026 11:54,Sunset Boulevard,Tannery Yard,1101,member,1980,0.00
118551,24/05/2026 12:03,24/05/2026 12:12,Athletics Center,Athletics Center,1027,member,,0.00
118552,24/05/2026 12:04,24/05/2026 12:29,Willow Bend,Central Station,1203,member,1977,0.00
118553,24/05/2026 12:05,24/05/2026 12:26,Old Town Square,Northgate Transit Hub,1152,casual,1984,4.15
118554,24/05/2026 12:07,24/05/2026 12:55,Library Mall,Athletics Center,1013,casual,1988,8.35
118555,24/05/2026 12:50,24/05/2026 12:58,Seawall Promenade,Riverside Walk,1124,casual,1996,2.35
118556,24/05/2026 13:01,24/05/2026 13:18,Pier 12,Pier 12,1008,casual,1992,3.55
118557,24/05/2026 13:06,24/05/2026 13:31,University Gate,Harbor East,1204,Member,1988,0.00
118558,24/05/2026 13:10,24/05/2026 13:38,Central Station,Pier 12,1240,casual,1994,5.35
118559,24/05/2026 13:10,24/05/2026 13:26,Gasometer Park,Old Mill Crossing,1062,member,1987,0.00
118560,24/05/2026 13:32,24/05/2026 14:35,Merchant Hall,Old Town Square,1060,casual,1988,10.45
118561,24/05/2026 14:02,24/05/2026 14:08,Old Town Square,Cedar Park Loop,1297,member,1983,0.00
118562,24/05/2026 14:05,24/05/2026 14:26,Athletics Center,Maple Grove,1030,casual,1996,4.30
118563,24/05/2026 14:20,24/05/2026 14:37,Kayak Launch,Central Station,1278,casual,1995,3.55
118564,24/05/2026 15:02,24/05/2026 15:22,Science Quad,Science Quad,1122,casual,1977,4.00
118565,24/05/2026 15:17,24/05/2026 15:30,Lighthouse Point,Science Quad,1258,member,1977,0.00
118566,24/05/2026 15:17,24/05/2026 15:28,Student Commons,Seawall Promenade,1193,member,1982,0.00
118567,24/05/2026 15:19,24/05/2026 15:29,Cathedral Gate,Lighthouse Point,1344,member,1969,0.00
118568,24/05/2026 15:26,24/05/2026 15:35,Pier 12,Athletics Center,1013,member,1965,0.00
118569,24/05/2026 15:28,24/05/2026 15:36,Fountain Court,Botanic Gardens,1341,casual,1996,2.35
118570,24/05/2026 15:52,24/05/2026 16:14,University Gate,King's Cross Lane,1303,member,1961,0.00
118571,24/05/2026 16:17,24/05/2026 16:29,Aurora & 40th,Opera House,1311,casual,1964,2.95
118572,24/05/2026 16:26,24/05/2026 16:44,Central Station,Northgate Transit Hub,1025,casual,1990,3.70
118573,24/05/2026 16:33,24/05/2026 18:20,Steelworks Gate,Old Town Square,1100,casual,1992,17.20
118574,24/05/2026 16:39,24/05/2026 17:10,Harbor East,Steelworks Gate,1117,member,1974,0.00
118575,24/05/2026 17:04,24/05/2026 17:25,Old Mill Crossing,Cobbler's Row,1307,casual,,4.15
118576,24/05/2026 17:04,24/05/2026 17:14,Old Town Square,Summit Ridge,1116,casual,1977,2.50
118577,24/05/2026 17:50,24/05/2026 18:19,Old Town Square,Old Town Square,1243,casual,2002,5.50
118578,24/05/2026 18:35,24/05/2026 18:50,Harbor East,Opera House,1124,casual,1973,3.40
118579,24/05/2026 18:50,24/05/2026 19:14,Gasometer Park,Westfield Green,1138,casual,1977,4.75
118580,24/05/2026 18:55,24/05/2026 19:03,Observatory Hill,Summit Ridge,1049,member,1988,0.00
118581,24/05/2026 19:44,24/05/2026 19:52,Northgate Transit Hub,City Hall,1308,Member,1962,0.00
118582,24/05/2026 20:14,24/05/2026 20:49,Aurora & 40th,Birchwood Terrace,1044,casual,1989,6.40
118583,24/05/2026 20:29,24/05/2026 20:34,Pier 12,Pier 12,1332,casual,1996,1.90
118584,24/05/2026 21:39,24/05/2026 21:59,Athletics Center,City Hall,1201,casual,1973,4.15
118585,24/05/2026 22:00,24/05/2026 22:26,Lighthouse Point,Athletics Center,1173,Casual,1986,4.90
118586,24/05/2026 22:35,24/05/2026 22:53,University Gate,Central Station,1312,casual,1998,3.70
118587,24/05/2026 23:41,24/05/2026 23:53,Kayak Launch,Athletics Center,1341,member,1993,0.00
118588,25/05/2026 05:04,25/05/2026 06:26,Gasometer Park,Old Town Square,1243,Member,1993,3.80
118589,25/05/2026 05:30,25/05/2026 05:40,Steelworks Gate,Pier 12,1135,member,1978,0.00
118590,25/05/2026 06:08,25/05/2026 06:42,Summit Ridge,Gasometer Park,1174,casual,1964,6.25
118591,25/05/2026 06:33,25/05/2026 06:46,Old Town Square,Riverside Walk,1237,member,1989,0.00
118592,25/05/2026 07:26,25/05/2026 08:15,Old Town Square,Summit Ridge,1228,casual,1996,8.35
118593,25/05/2026 08:13,25/05/2026 08:40,Merchant Hall,Cedar Park Loop,1114,casual,1984,5.05
118594,25/05/2026 08:25,25/05/2026 08:35,Seawall Promenade,Northgate Transit Hub,1195,MEMBER,2001,0.00
118595,25/05/2026 08:27,25/05/2026 08:46,Old Mill Crossing,Aurora & 22nd,1311,casual,1985,4.00
118596,25/05/2026 08:31,25/05/2026 08:45,Clocktower Plaza,Westfield Green,1243,member,1972,0.00
118597,25/05/2026 08:45,25/05/2026 09:01,Heron Park,Old Mill Crossing,1044,Member,1992,0.00
118598,25/05/2026 08:46,25/05/2026 09:11,Floodgate Road,Northgate Transit Hub,1330,casual,1980,4.75
118599,25/05/2026 09:16,25/05/2026 09:30,Observatory Hill,Gasometer Park,1196,member,1990,0.00
118600,25/05/2026 09:30,25/05/2026 09:49,Aurora & 22nd,Guildhall Steps,1197,casual,1986,4.00
118601,25/05/2026 09:39,25/05/2026 09:59,Dockside Market,Gasometer Park,1051,MEMBER,1994,0.00
118602,25/05/2026 09:42,25/05/2026 09:55,Gasometer Park,Gasometer Park,1061,casual,1978,2.95
118603,25/05/2026 09:56,25/05/2026 10:09,Orchard Lane,Orchard Lane,1312,member,1985,0.00
118604,25/05/2026 10:05,25/05/2026 10:10,Dockside Market,Willow Bend,1063,Member,1982,0.00
118605,25/05/2026 11:17,25/05/2026 11:26,Kayak Launch,Kayak Launch,1262,member,1979,0.00
118606,25/05/2026 11:25,25/05/2026 11:29,Dockside Market,Meridian Tower ,1176,casual,1996,1.75
118607,25/05/2026 12:04,25/05/2026 12:21,Aurora & 40th,Riverside Walk,1325,member,1969,0.00
118608,25/05/2026 12:12,25/05/2026 12:26,Hillcrest Point,Hillcrest Point,1068,casual,1974,0.00
118609,25/05/2026 12:19,25/05/2026 12:29,Grand & 3rd,Seawall Promenade,1229,member,1995,0.00
118610,25/05/2026 12:24,25/05/2026 12:36,Northgate Transit Hub,City Hall,1011,member,1980,0.00
118611,25/05/2026 12:39,25/05/2026 12:45,Science Quad,Summit Ridge,1116,Member,,0.00
118612,25/05/2026 12:41,25/05/2026 13:37,Kayak Launch,Grand & 9th,1120,casual,1977,9.40
118613,25/05/2026 12:47,25/05/2026 13:15,Merchant Hall ,Merchant Hall,1347,casual,1981,5.35
118614,25/05/2026 13:07,25/05/2026 13:23,Old Town Square,Old Town Square,1063,casual,2003,3.55
118615,25/05/2026 14:57,25/05/2026 15:06,Cobbler's Row,Science Quad,1243,casual,1974,2.35
118616,25/05/2026 15:36,25/05/2026 15:45,University Gate,Northgate Mall,1283,casual,1992,2.35
118617,25/05/2026 15:38,25/05/2026 15:43,Athletics Center,Exchange Street,1031,member,1975,0.00
118618,25/05/2026 16:14,25/05/2026 16:23,Poplar Circle,Poplar Circle,1093,member,1990,0.00
118619,25/05/2026 16:31,25/05/2026 16:43,Gasometer Park,Northgate Transit Hub,1266,member,1996,0.00
118620,25/05/2026 16:38,25/05/2026 17:05,Marina Green,Old Town Square,1014,casual,1970,5.05
118621,25/05/2026 17:05,25/05/2026 17:30,Grand & 3rd,Old Town Square,1068,member,2000,0.00
118622,25/05/2026 17:18,25/05/2026 17:22,Sunset Boulevard,Steelworks Gate,1274,member,1971,0.00
118623,25/05/2026 17:19,25/05/2026 17:30,Northgate Transit Hub,central station,1245,member,2020,0.00
118624,25/05/2026 17:46,25/05/2026 17:54,Sunset Boulevard,Northgate Mall,1040,member,1984,0.00
118625,25/05/2026 18:07,25/05/2026 18:20,Exchange Street,Birchwood Terrace,1072,member,1989,0.00
118626,25/05/2026 18:40,25/05/2026 18:46,Cobbler's Row,Seawall Promenade,1037,Member,1971,0.00
118627,25/05/2026 19:21,25/05/2026 19:33,Old Town Square,Marina Green,1324,casual,1997,2.80
118628,25/05/2026 20:05,25/05/2026 20:16,Student Commons,Maple Grove,1237,member,1987,0.00
118629,25/05/2026 20:47,25/05/2026 21:01,Cedar Park Loop,Observatory Hill,1215,member,2002,0.00
118630,25/05/2026 21:22,25/05/2026 21:27,Westfield Green,Grand & 3rd,1350,member,1979,
118631,25/05/2026 21:51,25/05/2026 22:13,Steelworks Gate,Fountain Court,1159,member,1987,0.00
118632,25/05/2026 22:26,25/05/2026 22:40,Pier 12,Ferry Meadow,1012,casual,1991,3.25
118633,25/05/2026 22:58,25/05/2026 23:20,Old Town Square ,Student Commons,1233,member,,0.00
118634,25/05/2026 23:36,25/05/2026 23:41,Athletics Center,Athletics Center,1192,Member,1991,0.00
118635,26/05/2026 00:56,26/05/2026 01:12,Cobbler's Row,Old Town Square,1277,casual,1992,3.40
118636,26/05/2026 01:44,26/05/2026 02:06,Birchwood Terrace,Old Town Square,1136,casual,1988,4.45
118637,26/05/2026 05:17,26/05/2026 05:26,Clocktower Plaza,Aurora & 22nd,1110,member,1992,0.00
118638,26/05/2026 06:12,26/05/2026 06:33,King's Cross Lane,King's Cross Lane,1319,member,1972,0.00
118639,26/05/2026 06:58,26/05/2026 07:24,Old Town Square,Seawall Promenade,1044,member,1990,0.00
118640,26/05/2026 07:11,26/05/2026 07:41,Central Station,Central Station,1265,member,1976,0.00
118641,26/05/2026 07:13,26/05/2026 07:23,Old Town Square,Cobbler's Row,1233,member,1989,0.00
118642,26/05/2026 07:26,26/05/2026 07:39,Birchwood Terrace,Kayak Launch,1150,member,1983,0.00
118643,26/05/2026 07:35,26/05/2026 07:43,Science Quad,Riverside Walk,1213,member,1976,0.00
118644,26/05/2026 07:38,26/05/2026 08:30,Observatory Hill,Merchant Hall,1141,casual,1981,8.80
118645,26/05/2026 07:39,26/05/2026 07:43,Seawall Promenade,Seawall Promenade ,1201,Casual,1970,1.60
118646,26/05/2026 07:53,26/05/2026 08:14,Heron Park,Heron Park,1068,member,1982,0.00
118647,26/05/2026 07:57,26/05/2026 08:02,Aurora & 22nd,City Hall,1293,member,1977,0.00
118648,26/05/2026 07:59,26/05/2026 08:15,Marina Green,Westfield Green,1252,member,1991,0.00
118649,26/05/2026 08:10,26/05/2026 08:18,opera house,Gasometer Park,1144,Member,1991,0.00
118650,26/05/2026 08:11,26/05/2026 08:22,Harbor East,Sunset Boulevard,1143,member,1978,0.00
118651,26/05/2026 08:13,26/05/2026 08:41,Steelworks Gate,Steelworks Gate,1278,member,2000,0.00
118652,26/05/2026 08:16,26/05/2026 08:39,Steelworks Gate,University Gate,1005,Casual,1980,4.60
118653,26/05/2026 08:18,26/05/2026 08:33,Old Town Square,Old Town Square,1333,Member,1994,0.00
118654,26/05/2026 08:29,26/05/2026 08:46,City Hall,Central Station,1208,casual,1987,3.70
118655,26/05/2026 08:42,26/05/2026 08:53,Student Commons,Botanic Gardens,1347,member,1983,0.00
118656,26/05/2026 08:48,26/05/2026 09:19,Kayak Launch,Birchwood Terrace,1182,member,2003,0.00
118657,26/05/2026 08:55,26/05/2026 09:15,University Gate,Central Station,1019,casual,1996,4.15
118658,26/05/2026 08:55,26/05/2026 09:15,Gasometer Park,Student Commons,1208,casual,2002,4.00
118659,26/05/2026 09:20,26/05/2026 09:49,Steelworks Gate,Meridian Tower,1006,member,1977,0.00
118660,26/05/2026 09:47,26/05/2026 10:09,Lighthouse Point,Kayak Launch,1108,member,1979,0.00
118661,26/05/2026 10:20,26/05/2026 10:22,Sunset Boulevard,Sunset Boulevard,1231,member,1994,0.00
118662,26/05/2026 10:44,26/05/2026 11:17,Pier 12,Athletics Center,1335,Casual,1961,5.95
118663,26/05/2026 10:50,26/05/2026 10:59,Gasometer Park,Cedar Park Loop,1208,MEMBER,1976,0.00
118664,26/05/2026 11:01,26/05/2026 11:18,Student Commons,City Hall,1315,Member,1990,0.00
118665,26/05/2026 11:30,26/05/2026 11:38,Cobbler's Row,Cobbler's Row,1150,member,1966,0.00
118666,26/05/2026 12:35,26/05/2026 12:57,Old Mill Crossing,Old Town Square,1277,casual,1995,4.45
118667,26/05/2026 12:39,26/05/2026 12:49,Union Plaza,Old Town Square,1201,member,1991,0.00
118668,26/05/2026 12:41,26/05/2026 13:04,Kayak Launch,Gasometer Park,1035,member,1989,0.00
118669,26/05/2026 12:53,26/05/2026 13:08,Cathedral Gate,Fountain Court,1200,member,2001,0.00
118670,26/05/2026 13:07,26/05/2026 13:17,Birchwood Terrace,Northgate Transit Hub,1036,casual,1982,2.50
118671,26/05/2026 13:13,26/05/2026 13:42,Northgate Mall,Northgate Transit Hub,1216,casual,1900,5.50
118672,26/05/2026 13:40,26/05/2026 13:44,Cedar Park Loop,Pier 12,1064,member,1974,0.00
118673,26/05/2026 13:46,26/05/2026 14:01,Ferry Landing,Student Commons,1217,member,1989,0.00
118674,26/05/2026 13:53,26/05/2026 14:02,Gasometer Park,Cobbler's Row,1272,MEMBER,2006,0.00
118675,26/05/2026 13:58,26/05/2026 14:10,Student Commons,Library Mall,1306,member,1981,0.00
118676,26/05/2026 14:02,26/05/2026 14:19,Athletics Center,Science Quad,1162,casual,1987,3.70
118677,26/05/2026 14:30,26/05/2026 14:49,Aurora & 22nd,Aurora & 22nd,1314,Member,1993,0.00
118678,26/05/2026 14:35,26/05/2026 14:51,Gasometer Park,Old Town Square,1211,casual,1965,3.55
118679,26/05/2026 14:45,26/05/2026 15:01,Riverside Walk,Rosemont & 5th,1195,member,1989,0.00
118680,26/05/2026 14:47,26/05/2026 15:03,Opera House,Opera House,1034,member,1980,0.00
118681,26/05/2026 14:51,26/05/2026 15:01,Marina Green,Pier 12,1133,casual,1971,2.50
118682,26/05/2026 15:01,26/05/2026 15:15,Poplar Circle,Student Commons,1004,member,1989,0.00
118683,26/05/2026 15:29,26/05/2026 15:41,Sunset Boulevard,Exchange Street,1152,member,1979,0.00
118684,26/05/2026 15:30,26/05/2026 15:32,Old Mill Crossing,Old Town Square,1087,MEMBER,2003,0.00
118685,26/05/2026 15:35,26/05/2026 16:04,Observatory Hill,Observatory Hill,1320,casual,1984,5.50
118686,26/05/2026 15:39,26/05/2026 16:20,Pier 12,Athletics Center,1131,member,1976,0.00
118687,26/05/2026 15:43,26/05/2026 16:02,Science Quad,Kayak Launch,1194,casual,1965,4.00
118688,26/05/2026 15:49,26/05/2026 16:06,Old Town Square,Old Town Square,1084,member,1984,0.00
118689,26/05/2026 16:08,26/05/2026 16:26,Old Mill Crossing,Old Mill Crossing,1086,member,1974,0.00
118690,26/05/2026 16:10,26/05/2026 16:28,Botanic Gardens,Cathedral Gate,1172,MEMBER,1976,0.00
118691,26/05/2026 16:15,26/05/2026 16:37,Student Commons,Library Mall,1103,member,1984,0.00
118692,26/05/2026 16:18,26/05/2026 16:44,Opera House ,Old Town Square,1275,casual,1994,4.90
118693,26/05/2026 16:21,26/05/2026 16:26,Sunset Boulevard,Birchwood Terrace,1053,member,1977,0.00
118694,26/05/2026 16:25,26/05/2026 16:31,Harbor West,Kayak Launch,1312,member,1990,
118695,26/05/2026 16:27,26/05/2026 15:29,Northgate Mall,Athletics Center,1009,casual,1984,7.90
118696,26/05/2026 17:03,26/05/2026 17:18,Poplar Circle,Pier 12,1152,casual,1970,3.25
118697,26/05/2026 17:07,26/05/2026 17:15,Clocktower Plaza,Clocktower Plaza,1342,member,1971,0.00
118698,26/05/2026 17:13,26/05/2026 17:46,Cobbler's Row,Pier 12,1024,casual,,6.10
118699,26/05/2026 17:22,26/05/2026 17:40,Tannery Yard,Tannery Yard,1079,member,1992,0.00
118700,26/05/2026 17:33,26/05/2026 17:36,Riverside Walk,Exchange Street,1127,member,1979,0.00
118701,26/05/2026 17:34,26/05/2026 17:59,Opera House,Central Station,1206,member,1976,0.00
118702,26/05/2026 17:47,26/05/2026 18:38,Summit Ridge,Steelworks Gate,1151,casual,1993,8.65
118703,26/05/2026 17:53,26/05/2026 17:58,Gasometer Park,Gasometer Park,1294,member,1998,0.00
118704,26/05/2026 17:58,26/05/2026 18:22,Riverside Walk,Exchange Street,1327,casual,1981,4.75
118705,26/05/2026 18:28,26/05/2026 18:43,University Gate,Central Station,1158,casual,1980,3.40
118706,26/05/2026 19:03,26/05/2026 19:31,Pier 12,Grand & 3rd,1311,casual,1998,5.20
118707,26/05/2026 20:08,26/05/2026 20:20,Sunset Boulevard,Aurora & 22nd,1064,member,1992,0.00
118708,26/05/2026 20:17,26/05/2026 20:32,Summit Ridge,Summit Ridge,1267,member,1989,0.00
118709,26/05/2026 20:21,26/05/2026 20:35,Gasometer Park,Maple Grove,1195,member,1993,0.00
118710,26/05/2026 22:30,26/05/2026 22:35,Athletics Center,Riverside Walk,1348,member,1987,0.00
118711,26/05/2026 22:35,26/05/2026 22:50,Pier 12,Central Station,1051,member,1981,0.00
118712,26/05/2026 22:42,26/05/2026 22:51,Student Commons,Athletics Center,1079,member,1982,0.00
118713,27/05/2026 06:41,27/05/2026 06:54,Sunset Boulevard,Gasometer Park,1293,casual,1988,3.10
118714,27/05/2026 06:57,27/05/2026 07:16,Old Mill Crossing,Westfield Green,1311,casual,1983,4.00
118715,27/05/2026 06:57,27/05/2026 07:07,Old Town Square,Warehouse Row,1337,member,2002,0.00
118716,27/05/2026 06:59,27/05/2026 07:02,Athletics Center,Athletics Center,1126,member,1994,0.00
118717,27/05/2026 07:22,27/05/2026 07:27,Campus North,Warehouse Row,1276,member,1995,0.00
118718,27/05/2026 07:24,27/05/2026 07:32,Floodgate Road,Gasometer Park,1113,member,1982,0.00
118719,27/05/2026 07:28,27/05/2026 07:48,Old Town Square,Old Town Square,1208,member,1977,0.00
118720,27/05/2026 07:30,27/05/2026 07:40,City Hall,City Hall,1240,casual,1974,2.65
118721,27/05/2026 07:44,27/05/2026 07:58,Summit Ridge,Kayak Launch,1204,member,1962,0.00
118722,27/05/2026 07:59,27/05/2026 08:19,Gasometer Park,Gasometer Park,1350,member,1997,0.00
118723,27/05/2026 08:04,27/05/2026 08:24,Botanic Gardens,Old Mill Crossing,1197,casual,1989,4.00
118724,27/05/2026 08:17,27/05/2026 08:30,Athletics Center,Gasometer Park,1100,member,1973,0.00
118725,27/05/2026 08:37,27/05/2026 08:55,Central Station,Summit Ridge,1070,member,1976,0.00
118726,27/05/2026 08:45,27/05/2026 09:01,Harbor West,Cedar Park Loop,1149,member,1989,0.00
118727,27/05/2026 08:56,27/05/2026 09:05,Pier 12,Pier 12,1233,member,1999,0.00
118728,27/05/2026 09:23,27/05/2026 09:42,Harbor East,Old Town Square,1231,casual,1991,3.85
118729,27/05/2026 09:36,27/05/2026 10:06,Steelworks Gate,Aurora & 22nd,1107,member,1971,0.00
118730,27/05/2026 11:02,27/05/2026 11:30,Cobbler's Row,Merchant Hall,1131,member,2003,0.00
118731,27/05/2026 11:11,27/05/2026 11:29,Northgate Mall,Summit Ridge,1108,member,1967,0.00
118732,27/05/2026 11:44,27/05/2026 12:20,Ferry Meadow,Ferry Meadow,1049,member,1975,0.00
118733,27/05/2026 11:45,27/05/2026 11:54,Maple Grove,Exchange Street,1019,casual,1994,2.35
118734,27/05/2026 11:55,27/05/2026 12:25,Westfield Green,Kayak Launch,1013,Casual,1989,5.50
118735,27/05/2026 11:58,27/05/2026 12:13,Gasometer Park,Gasometer Park,1097,member,1969,0.00
118736,27/05/2026 12:02,27/05/2026 12:29,Student Commons,Central Station,1069,casual,1980,5.05
118737,27/05/2026 12:17,27/05/2026 12:27,Opera House,Athletics Center,1018,member,1993,0.00
118738,27/05/2026 13:06,27/05/2026 13:28,Gasometer Park,Gasometer Park,1161,casual,1993,4.45
118739,27/05/2026 13:06,27/05/2026 13:18,Steelworks Gate,Steelworks Gate,1217,member,1982,0.00
118740,27/05/2026 13:14,27/05/2026 13:27,Union Plaza,Gasometer Park,1280,Member,1997,0.00
118741,27/05/2026 13:48,27/05/2026 14:04,Ferry Meadow,Aurora & 40th,1004,Member,1974,0.00
118742,27/05/2026 14:37,27/05/2026 15:00,Old Mill Crossing,Northgate Transit Hub,1334,member,1984,0.00
118743,27/05/2026 15:10,27/05/2026 15:40,Botanic Gardens,Gasometer Park,1062,casual,1993,5.50
118744,27/05/2026 15:37,27/05/2026 15:44,Old Town Square,OLD TOWN SQUARE,1190,member,1976,0.00
118745,27/05/2026 15:41,27/05/2026 16:00,Westfield Green,Ferry Landing,1269,Member,2004,0.00
118746,27/05/2026 16:43,27/05/2026 18:03,Westfield Green,Observatory Hill,1090,Casual,1980,13.15
118747,27/05/2026 16:48,27/05/2026 16:55,Science Quad,Westfield Green,1215,member,1987,0.00
118748,27/05/2026 16:58,27/05/2026 17:23,Harbor East,Riverside Walk,1177,member,1992,0.00
118749,27/05/2026 17:05,27/05/2026 17:45,Union Plaza,Union Plaza,1201,casual,1989,7.00
118750,27/05/2026 17:42,27/05/2026 18:05,Maple Grove,Westfield Green,1204,member,2000,0.00
118751,27/05/2026 18:36,27/05/2026 18:42,Cobbler's Row,Cobbler's Row,1304,member,1998,0.00
118752,27/05/2026 19:15,27/05/2026 19:24,Fountain Court,Sunset Boulevard,1034,casual,2000,2.50
118753,27/05/2026 19:16,27/05/2026 19:19,Gasometer Park,Maple Grove,1181,Member,1984,0.00
118754,27/05/2026 20:05,27/05/2026 20:27,Student Commons,Aurora & 22nd,1044,Casual,1977,4.30
118755,27/05/2026 20:42,27/05/2026 20:48,Gasometer Park,Gasometer Park,1324,member,1987,0.00
118756,27/05/2026 21:03,27/05/2026 21:05,King's Cross Lane,Central Station,1226,member,1987,0.00
118757,27/05/2026 21:17,27/05/2026 21:58,University Gate,Old Town Square,1204,casual,1994,7.30
118758,27/05/2026 21:22,27/05/2026 21:31,University Gate,University Gate,1201,member,1986,0.00
118759,27/05/2026 21:24,27/05/2026 21:36,Gasometer Park,Westfield Green,1140,member,1984,0.00
118760,27/05/2026 21:55,27/05/2026 22:16,Aurora & 22nd,Lighthouse Point,1260,casual,1979,4.15
118761,28/05/2026 01:46,28/05/2026 02:21,Central Station,Central Station,1155,member,1992,0.00
118762,28/05/2026 06:00,28/05/2026 06:19,Old Town Square,Old Town Square,1284,member,1989,0.00
118763,28/05/2026 06:06,28/05/2026 04:38,Old Town Square,Science Quad,1070,member,1988,0.00
118764,28/05/2026 06:06,28/05/2026 06:32,Harbor East,Athletics Center,1052,member,1985,0.00
118765,28/05/2026 06:13,28/05/2026 06:19,Warehouse Row,City Hall,1096,casual,1980,2.05
118766,28/05/2026 06:23,28/05/2026 06:29,Kayak Launch,Science Quad,1043,casual,1983,2.05
118767,28/05/2026 06:31,28/05/2026 06:55,Old Town Square,Dockside Market,1154,Casual,1986,4.75
118768,28/05/2026 06:31,28/05/2026 06:49,Library Mall,Hillcrest Point,1237,casual,1991,3.70
118769,28/05/2026 06:34,28/05/2026 06:43,Birchwood Terrace,Pier 12,1278,MEMBER,1971,0.00
118770,28/05/2026 06:45,28/05/2026 06:54,City Hall,City Hall,1011,member,1986,0.00
118771,28/05/2026 07:14,28/05/2026 07:27,Steelworks Gate,University Gate,1048,member,1976,0.00
118772,28/05/2026 07:26,28/05/2026 07:32,Central Station,Athletics Center,1251,member,1967,0.00
118773,28/05/2026 07:47,28/05/2026 08:00,Seawall Promenade,Seawall Promenade,1243,Casual,1994,2.95
118774,28/05/2026 07:48,28/05/2026 08:04,Kayak Launch,Kayak Launch,1311,member,1959,0.00
118775,28/05/2026 07:56,28/05/2026 08:03,Warehouse Row,Warehouse Row,1348,casual,1973,2.20
118776,28/05/2026 08:00,28/05/2026 08:09,Maple Grove,University Gate,1018,Member,1989,0.00
118777,28/05/2026 08:04,28/05/2026 08:13,Old Town Square,Old Town Square,1280,casual,1981,2.50
118778,28/05/2026 08:21,28/05/2026 08:39,Aurora & 22nd,Kayak Launch,1111,Member,1990,0.00
118779,28/05/2026 08:28,28/05/2026 08:12,Warehouse Row,Opera House,1264,casual,1980,6.55
118780,28/05/2026 08:33,28/05/2026 08:41,Guildhall Steps,Aurora & 22nd,1184,Casual,1973,2.35
118781,28/05/2026 08:42,28/05/2026 08:51,Old Town Square,Opera House,1295,member,2001,0.00
118782,28/05/2026 08:47,28/05/2026 08:57,University Gate,University Gate,1334,member,1993,0.00
118783,28/05/2026 09:07,28/05/2026 09:20,Warehouse Row,Aurora & 22nd,1201,casual,1980,3.10
118784,28/05/2026 09:38,28/05/2026 09:42,Observatory Hill,Observatory Hill,1302,member,1988,0.00
118785,28/05/2026 10:07,28/05/2026 10:19,Kayak Launch,Kayak Launch,1236,member,1979,0.00
118786,28/05/2026 10:14,28/05/2026 10:21,Dockside Market,Warehouse Row,1119,member,2002,0.00
118787,28/05/2026 10:29,28/05/2026 10:38,Northgate Transit Hub,City Hall,1252,member,1987,0.00
118788,28/05/2026 10:31,28/05/2026 10:43,Dockside Market,Harbor East,1269,member,2003,0.00
118789,28/05/2026 11:03,28/05/2026 11:55,Student Commons,Warehouse Row,1311,casual,1961,8.80
118790,28/05/2026 11:08,28/05/2026 11:16,Cedar Park Loop,Central Station,1083,Member,1972,0.00
118791,28/05/2026 11:45,28/05/2026 11:53,Old Town Square,Harbor East,1133,member,1982,0.00
118792,28/05/2026 12:02,28/05/2026 12:44,Harbor East,Old Town Square,1146,casual,1988,7.30
118793,28/05/2026 12:34,28/05/2026 13:35,Lighthouse Point,Lighthouse Point,1077,casual,1986,10.30
118794,28/05/2026 12:52,28/05/2026 12:57,BOTANIC GARDENS,Kayak Launch,1240,Member,1984,0.00
118795,28/05/2026 13:03,28/05/2026 13:18,Summit Ridge,Old Mill Crossing,1303,member,1982,0.00
118796,28/05/2026 13:12,28/05/2026 13:30,Library Mall,Science Quad,1138,Member,1977,0.00
118797,28/05/2026 13:35,28/05/2026 13:57,Grand & 3rd,Grand & 3rd,1103,casual,1992,4.30
118798,28/05/2026 14:17,28/05/2026 14:27,Old Town Square,Observatory Hill,1231,member,1972,0.00
118799,28/05/2026 14:38,28/05/2026 14:51,Pier 12,Pier 12,1123,casual,1997,3.10
118800,28/05/2026 14:59,28/05/2026 15:13,Aurora & 40th,Aurora & 40th,1035,member,1971,0.00
118801,28/05/2026 15:25,28/05/2026 16:01,Cobbler's Row,Sunset Boulevard,1324,casual,1978,6.40
118802,28/05/2026 15:30,28/05/2026 15:50,Science Quad,Gasometer Park,1257,member,1973,0.00
118803,28/05/2026 15:53,28/05/2026 16:10,Pier 12,Old Town Square,1128,casual,1974,3.55
118804,28/05/2026 16:08,28/05/2026 16:13,Harbor East,Cedar Park Loop,1001,member,1963,0.00
118805,28/05/2026 16:10,28/05/2026 16:25,Union Plaza,Seawall Promenade,1241,member,1969,0.00
118806,28/05/2026 16:11,28/05/2026 16:26,Student Commons,Observatory Hill,1154,casual,2000,3.25
118807,28/05/2026 16:18,28/05/2026 16:31,Northgate Transit Hub,Cedar Park Loop,1162,member,1993,0.00
118808,28/05/2026 17:07,28/05/2026 17:15,Summit Ridge,Kayak Launch,1343,member,1986,0.00
118809,28/05/2026 17:16,28/05/2026 17:19,Riverside Walk,Opera House,1157,member,1989,0.00
118810,28/05/2026 17:18,28/05/2026 17:29,Pier 12,Pier 12,1060,casual,1990,2.65
118811,28/05/2026 17:20,28/05/2026 17:33,Steelworks Gate,Old Town Square,1307,member,1989,0.00
118812,28/05/2026 17:24,28/05/2026 17:37,Union Plaza,Union Plaza,1072,member,1978,0.00
118813,28/05/2026 17:43,28/05/2026 17:56,Harbor East,Old Town Square,1162,casual,1979,3.10
118814,28/05/2026 17:48,28/05/2026 17:54,Riverside Walk,Cobbler's Row,1114,member,1979,0.00
118815,28/05/2026 17:59,28/05/2026 18:24,Athletics Center,Athletics Center,1303,Casual,1994,4.90
118816,28/05/2026 18:04,28/05/2026 18:28,Central Station,Riverside Walk,1350,casual,1998,4.60
118817,28/05/2026 18:40,28/05/2026 18:48,Birchwood Terrace,Aurora & 40th,1113,member,1988,0.00
118818,28/05/2026 18:45,28/05/2026 19:04,Student Commons,Northgate Mall,1011,casual,1980,3.85
118819,28/05/2026 18:47,28/05/2026 18:55,Merchant Hall,Merchant Hall,1012,member,1989,0.00
118820,28/05/2026 18:51,28/05/2026 18:57,Kayak Launch,University Gate,1296,member,1991,0.00
118821,28/05/2026 19:30,28/05/2026 19:45,Kayak Launch,Pier 12,1217,casual,1986,3.25
118822,28/05/2026 19:50,28/05/2026 19:59,Opera House,Birchwood Terrace,1027,member,1985,0.00
118823,28/05/2026 19:56,28/05/2026 20:13,Maple Grove,University Gate,1101,casual,,3.70
118824,28/05/2026 20:03,28/05/2026 20:11,Maple Grove,Seawall Promenade,1306,casual,1957,2.20
118825,28/05/2026 20:07,28/05/2026 20:20,Central Station,Old Town Square,1261,casual,1970,3.10
118826,28/05/2026 20:11,28/05/2026 20:30,Botanic Gardens,Lighthouse Point,1276,casual,1984,4.00
118827,28/05/2026 20:26,28/05/2026 20:48,Marina Green,Northgate Transit Hub,1332,casual,1988,4.30
118828,28/05/2026 20:39,28/05/2026 20:43,Athletics Center,Marina Green,1240,member,1996,0.00
118829,28/05/2026 20:47,28/05/2026 21:31,Observatory Hill,Athletics Center,1108,casual,1989,7.75
118830,28/05/2026 20:52,28/05/2026 21:39,Old Town Square,Old Town Square,1243,Casual,1997,8.20
118831,28/05/2026 20:52,28/05/2026 21:24,Old Town Square,Old Town Square,1010,casual,1998,5.80
118832,28/05/2026 21:09,28/05/2026 21:44,Riverside Walk,Observatory Hill,1058,casual,1988,6.40
118833,28/05/2026 21:44,28/05/2026 21:46,Clocktower Plaza,Steelworks Gate,1311,member,1971,0.00
118834,28/05/2026 21:54,28/05/2026 21:59,Harbor West,Opera House,1216,member,1991,0.00
118835,29/05/2026 05:56,29/05/2026 06:43,UNION PLAZA,Steelworks Gate,1202,casual,1976,8.20
118836,29/05/2026 06:28,29/05/2026 06:35,Athletics Center,Ferry Landing,1350,member,1991,0.00
118837,29/05/2026 06:45,29/05/2026 07:02,Tannery Yard,Riverside Walk,1193,member,1987,0.00
118838,29/05/2026 07:03,29/05/2026 07:08,Dockside Market,Union Plaza,1095,member,2002,0.00
118839,29/05/2026 07:22,29/05/2026 07:35,Athletics Center,Student Commons,1093,Casual,1991,3.10
118840,29/05/2026 07:24,29/05/2026 07:34,Weaver Street,Lighthouse Point,1190,member,1968,0.00
118841,29/05/2026 07:46,29/05/2026 08:05,Old Town Square,Weaver Street,1166,member,,0.00
118842,29/05/2026 07:58,29/05/2026 08:02,Old Mill Crossing,Lighthouse Point,1044,member,1970,0.00
118843,29/05/2026 08:03,29/05/2026 08:12,Riverside Walk,Maple Grove,1319,Member,1975,0.00
118844,29/05/2026 08:03,29/05/2026 08:17,Central Station,Central Station,1121,member,1990,0.00
118845,29/05/2026 08:03,29/05/2026 08:21,Pier 12,Old Town Square,1303,casual,2003,3.70
118846,29/05/2026 08:17,29/05/2026 08:31,Observatory Hill,Old Town Square,1092,member,1992,0.00
118847,29/05/2026 08:17,29/05/2026 08:32,Hillcrest Point,Hillcrest Point,1312,member,1984,0.00
118848,29/05/2026 08:26,29/05/2026 08:33,Gasometer Park,Pier 12,1061,member,1977,0.00
118849,29/05/2026 08:35,29/05/2026 08:46,Student Commons, Riverside Walk,1133,Member,1999,0.00
118850,29/05/2026 08:50,29/05/2026 09:08,Fountain Court,Warehouse Row,1101,casual,1990,3.70
118851,29/05/2026 08:58,29/05/2026 09:12,Gasometer Park,Gasometer Park,1128,casual,1980,3.10
118852,29/05/2026 09:09,29/05/2026 09:23,Student Commons,Union Plaza,1175,member,1977,0.00
118853,29/05/2026 10:05,29/05/2026 10:20,Gasometer Park,Willow Bend,1236,casual,1980,3.25
118854,29/05/2026 11:13,29/05/2026 11:30,Athletics Center,Pier 12,1272,casual,1985,3.70
118855,29/05/2026 11:22,29/05/2026 11:40,Old Town Square,Old Town Square,1321,member,2000,0.00
118856,29/05/2026 11:34,29/05/2026 11:43, Old Town Square,Old Town Square,1213,member,2001,0.00
118857,29/05/2026 11:41,29/05/2026 12:15,Ferry Landing,Heron Park,1185,casual,1988,6.25
118858,29/05/2026 11:46,29/05/2026 11:52,Observatory Hill,Northgate Transit Hub,1290,member,1974,0.00
118859,29/05/2026 12:06,29/05/2026 12:27,Harbor West,Steelworks Gate,1279,member,1973,0.00
118860,29/05/2026 12:08,29/05/2026 12:50,Harbor West,Kayak Launch,1206,member,1983,0.00
118861,29/05/2026 12:34,29/05/2026 12:46, Student Commons,Pier 12,1133,member,1994,0.00
118862,29/05/2026 12:53,29/05/2026 13:16,Tannery Yard,Tannery Yard,1227,Casual,1998,4.45
118863,29/05/2026 13:29,29/05/2026 13:42,Old Town Square,Union Plaza,1162,casual,1970,2.95
118864,29/05/2026 13:49,29/05/2026 14:22,Sunset Boulevard,Cobbler's Row,1262,member,1998,0.00
118865,29/05/2026 13:54,29/05/2026 14:08,Old Town Square,Science Quad,1136,member,1969,0.00
118866,29/05/2026 14:04,29/05/2026 14:19,Fountain Court,Marina Green,1311,casual,1995,3.25
118867,29/05/2026 15:08,29/05/2026 15:23,Meridian Tower,Athletics Center,1201,member,1978,0.00
118868,29/05/2026 15:32,29/05/2026 15:43,Ferry Landing,City Hall,1067,casual,1985,2.65
118869,29/05/2026 15:52,29/05/2026 16:05,Gasometer Park,Old Town Square,1230,casual,1995,2.95
118870,29/05/2026 15:58,29/05/2026 16:12,Central Station,Kayak Launch,1082,casual,1982,3.10
118871,29/05/2026 15:58,29/05/2026 16:17,Heron Park,Student Commons,1233,casual,1996,4.00
118872,29/05/2026 16:21,29/05/2026 17:26,Dockside Market,Dockside Market,1319,member,1967,2.00
118873,29/05/2026 16:25,29/05/2026 16:52,Gasometer Park,Summit Ridge,1336,member,2000,0.00
118874,29/05/2026 16:28,29/05/2026 16:52,Old Town Square,Kayak Launch,1100,member,1978,0.00
118875,29/05/2026 16:28,29/05/2026 16:47,Observatory Hill,Cedar Park Loop,1120,MEMBER,1900,0.00
118876,29/05/2026 16:52,29/05/2026 17:30,Central Station,Merchant Hall,1233,casual,1961,6.70
118877,29/05/2026 16:53,29/05/2026 17:07,Summit Ridge,Gasometer Park,1324,member,2000,0.00
118878,29/05/2026 16:53,29/05/2026 17:25,Seawall Promenade,Student Commons,1209,casual,1989,5.80
118879,29/05/2026 17:35,29/05/2026 17:59,Gasometer Park,Harbor East,1029,casual,1991,4.75
118880,29/05/2026 17:36,29/05/2026 17:47,Grand & 9th,Gasometer Park,1016,Member,1979,0.00
118881,29/05/2026 17:37,29/05/2026 18:16,Student Commons,Library Mall,1350,member,1980,0.00
118882,29/05/2026 17:58,29/05/2026 18:17,Pier 12,Riverside Walk,1152,member,1971,0.00
118883,29/05/2026 18:08,29/05/2026 18:13,City Hall,Maple Grove,1340,member,1987,0.00
118884,29/05/2026 18:40,29/05/2026 18:50,Willow Bend,Observatory Hill,1348,member,1981,0.00
118885,29/05/2026 18:45,29/05/2026 18:54,Aurora & 22nd,Orchard Lane,1052,MEMBER,1981,0.00
118886,29/05/2026 18:52,29/05/2026 19:09,Gasometer Park,Gasometer Park,1180,member,2001,0.00
118887,29/05/2026 18:52,29/05/2026 18:59,SCIENCE QUAD,Tannery Yard,1191,Member,1967,0.00
118888,29/05/2026 19:02,29/05/2026 19:28,Westfield Green,Student Commons,1033,member,1987,0.00
118889,29/05/2026 19:04,29/05/2026 19:16,City Hall,City Hall,1208,casual,1980,2.95
118890,29/05/2026 19:15,29/05/2026 19:26,Kayak Launch,Kayak Launch,1101,Casual,1984,2.80
118891,29/05/2026 19:26,29/05/2026 19:44,Athletics Center,Athletics Center,1120,casual,1982,3.85
118892,29/05/2026 19:51,29/05/2026 20:04,Merchant Hall,Merchant Hall,1275,casual,1971,2.95
118893,29/05/2026 20:33,29/05/2026 20:40,Gasometer Park,Gasometer Park,1029,member,1973,0.00
118894,29/05/2026 20:50,29/05/2026 21:22,Old Town Square,Gasometer Park,1086,casual,1987,5.95
118895,29/05/2026 20:57,29/05/2026 21:08,Steelworks Gate,Steelworks Gate,1296,member,1981,0.00
118896,29/05/2026 21:43,29/05/2026 22:01,Old Town Square,Harbor East,1303,casual,1990,3.70
118897,29/05/2026 21:45,29/05/2026 21:55,Gasometer Park,Union Plaza,1308,member,1966,0.00
118898,29/05/2026 22:40,29/05/2026 22:43,Cobbler's Row,Cobbler's Row,1201,member,1988,0.00
118899,30/05/2026 00:58,30/05/2026 01:13,Cedar Park Loop,Grand & 9th,1208,member,1994,0.00
118900,30/05/2026 06:03,30/05/2026 06:09,Sunset Boulevard,Sunset Boulevard,1192,member,1973,0.00
118901,30/05/2026 07:24,30/05/2026 07:34,Northgate Mall,Northgate Mall,1162,member,1971,0.00
118902,30/05/2026 09:04,30/05/2026 09:53,Northgate Transit Hub,Science Quad,1194,casual,,8.50
118903,30/05/2026 09:42,30/05/2026 10:40,Dockside Market,Cobbler's Row,1087,casual,1966,9.70
118904,30/05/2026 10:08,30/05/2026 10:24,Aurora & 40th,Summit Ridge,1291,casual,1962,3.40
118905,30/05/2026 10:09,30/05/2026 10:16,Seawall Promenade,Athletics Center,1201,casual,1984,2.20
118906,30/05/2026 10:09,30/05/2026 10:11,University Gate,Central Station,1268,Member,1989,0.00
118907,30/05/2026 10:14,30/05/2026 10:35,Seawall Promenade,Seawall Promenade,1327,casual,1994,4.15
118908,30/05/2026 10:22,30/05/2026 10:31,Student Commons,Aurora & 40th,1201,member,1977,0.00
118909,30/05/2026 10:42,30/05/2026 11:11,Willow Bend,Warehouse Row,1274,casual,1997,5.35
118910,30/05/2026 10:49,30/05/2026 10:59,Science Quad,Hillcrest Point,1328,member,1986,0.00
118911,30/05/2026 10:57,30/05/2026 11:29,Maple Grove,Exchange Street,1307,Casual,1993,5.95
118912,30/05/2026 11:03,30/05/2026 11:24,Central Station,Athletics Center,1271,casual,1970,4.15
118912,30/05/2026 11:03,30/05/2026 11:24,Central Station,Athletics Center,1271,casual,1970,4.15
118913,30/05/2026 11:12,30/05/2026 11:43,Clocktower Plaza,Steelworks Gate,1216,casual,1965,5.80
118914,30/05/2026 11:13,30/05/2026 11:27,Seawall Promenade,opera house,1134,member,1964,0.00
118915,30/05/2026 11:17,30/05/2026 11:34,Merchant Hall,Observatory Hill,1077,Casual,1986,3.55
118916,30/05/2026 11:31,30/05/2026 11:53,Student Commons,Student Commons,1044,member,1996,0.00
118917,30/05/2026 11:32,30/05/2026 11:57,Lighthouse Point,Observatory Hill,1061,casual,1980,4.90
118918,30/05/2026 11:37,30/05/2026 11:44,Old Town Square,Old Town Square,1062,member,1966,0.00
118919,30/05/2026 11:49,30/05/2026 12:07,Riverside Walk,Maple Grove,1124,casual,1971,3.85
118920,30/05/2026 12:31,30/05/2026 12:54,Pier 12,Science Quad,1050,Member,1997,0.00
118921,30/05/2026 13:22,30/05/2026 13:59,Sunset Boulevard,Meridian Tower,1031,casual,1982,6.70
118922,30/05/2026 13:27,30/05/2026 13:38,Central Station,Old Mill Crossing,1100,member,1975,0.00
118923,30/05/2026 13:42,30/05/2026 14:18,Student Commons,Library Mall,1031,casual,1997,6.40
118924,30/05/2026 13:43,30/05/2026 14:02,Science Quad,Warehouse Row,1105,casual,1983,3.85
118925,30/05/2026 13:48,30/05/2026 13:57,Aurora & 22nd,Orchard Lane,1034,casual,1999,2.50
118926,30/05/2026 13:58,30/05/2026 15:23,Old Town Square,Gasometer Park,1327,Casual,1994,13.90
118927,30/05/2026 14:08,30/05/2026 15:13,Observatory Hill,Observatory Hill,1034,casual,1990,10.90
118928,30/05/2026 14:21,30/05/2026 14:53,Hillcrest Point,Gasometer Park,1173,casual,1997,5.95
118929,30/05/2026 14:28,30/05/2026 15:07,Riverside Walk,Kayak Launch,1264,casual,1994,7.00
118930,30/05/2026 14:30,30/05/2026 14:46,Northgate Mall,Northgate Mall,1297,member,1983,0.00
118931,30/05/2026 14:54,30/05/2026 15:06,Sunset Boulevard,Sunset Boulevard,1033,Member,1972,0.00
118932,30/05/2026 15:18,30/05/2026 15:30,Riverside Walk,Harbor East,1029,casual,1993,2.80
118933,30/05/2026 15:20,30/05/2026 15:41,Pier 12,Steelworks Gate,1114,casual,1977,4.30
118934,30/05/2026 15:24,30/05/2026 15:46,Gasometer Park,Northgate Transit Hub,1063,member,1976,0.00
118935,30/05/2026 15:30,30/05/2026 15:38,Old Mill Crossing,Maple Grove,1254,member,1986,0.00
118936,30/05/2026 15:30,30/05/2026 15:41,Harbor West,Summit Ridge,1153,Casual,1988,2.80
118937,30/05/2026 16:19,30/05/2026 16:25,Harbor East,Tannery Yard,1161,casual,1972,1.90
118938,30/05/2026 16:36,30/05/2026 16:52,Sunset Boulevard,Cobbler's Row,1098,member,2002,0.00
118939,30/05/2026 16:50,30/05/2026 17:10,Student Commons,Observatory Hill,1311,Member,1982,0.00
118940,30/05/2026 16:52,30/05/2026 17:02,Poplar Circle,Poplar Circle,1322,casual,1989,2.65
118941,30/05/2026 17:09,30/05/2026 17:26,Northgate Transit Hub,City Hall,1101,casual,1990,3.70
118942,30/05/2026 17:22,30/05/2026 17:33,University Gate,Observatory Hill,1197,member,1983,0.00
118943,30/05/2026 17:29,30/05/2026 17:47,Marina Green,Marina Green,1113,member,1976,0.00
118944,30/05/2026 17:35,30/05/2026 18:33,Summit Ridge,Summit Ridge,1249,casual,1996,9.85
118945,30/05/2026 17:43,30/05/2026 18:21,Kayak Launch,Kayak Launch,1023,Casual,1969,6.70
118946,30/05/2026 17:55,30/05/2026 18:13,Maple Grove,University Gate,1256,member,1996,0.00
118947,30/05/2026 18:10,30/05/2026 18:23,Cathedral Gate,Old Town Square,1290,casual,1990,2.95
118948,30/05/2026 18:13,30/05/2026 18:34,Opera House,Opera House,1124,member,1997,0.00
118949,30/05/2026 18:29,30/05/2026 18:42,Gasometer Park,Old Town Square,1213,member,1979,0.00
118950,30/05/2026 18:38,30/05/2026 18:47,Warehouse Row,Summit Ridge,1038,member,1985,0.00
118951,30/05/2026 18:52,30/05/2026 19:15,Gasometer Park,Dockside Market,1195,casual,1997,4.45
118952,30/05/2026 19:26,30/05/2026 19:56,Central Station ,Summit Ridge,1093,casual,1967,5.65
118953,30/05/2026 19:38,30/05/2026 19:51,City Hall,Kayak Launch,1252,member,2002,0.00
118954,30/05/2026 21:04,30/05/2026 21:13,Kayak Launch,Fountain Court,1040,Casual,1988,2.35
118955,30/05/2026 21:17,30/05/2026 21:25,Cedar Park Loop,Merchant Hall,1028,casual,1971,2.35
118956,30/05/2026 22:41,30/05/2026 22:52,Observatory Hill,Student Commons,1324,member,1976,0.00
118957,30/05/2026 23:30,31/05/2026 00:07,Rosemont & 5th,Kayak Launch,1208,member,1978,0.00
118958,30/05/2026 23:46,31/05/2026 00:16,Central Station,Central Station,1302,casual,,5.50
118959,31/05/2026 00:17,31/05/2026 00:27,Old Town Square,Old Town Square,1107,MEMBER,1982,0.00
118960,31/05/2026 06:16,31/05/2026 06:21,Harbor East,Kayak Launch,1143,casual,1970,1.75
118961,31/05/2026 07:46,31/05/2026 08:12,Old Town Square,Old Town Square,1336,casual,1990,5.05
118962,31/05/2026 10:13,31/05/2026 10:33,Steelworks Gate,Gasometer Park,1079,member,1987,0.00
118963,31/05/2026 10:17,31/05/2026 10:24,Ferry Meadow,Old Town Square,1044,member,1964,0.00
118964,31/05/2026 10:17,31/05/2026 10:44,Lighthouse Point,Campus North,1184,casual,1996,5.05
118965,31/05/2026 10:39,31/05/2026 10:42,Cobbler's Row,Science Quad,1058,member,,
118966,31/05/2026 10:57,31/05/2026 11:33,Student Commons,King's Cross Lane,1308,casual,1993,6.40
118967,31/05/2026 12:12,31/05/2026 12:16,Westfield Green ,City Hall,1233,member,1977,0.00
118968,31/05/2026 12:23,31/05/2026 13:07,Gasometer Park,Athletics Center,1097,casual,1982,7.60
118969,31/05/2026 12:47,31/05/2026 13:11,Old Town Square,Athletics Center,1288,member,1992,0.00
118970,31/05/2026 13:25,31/05/2026 13:33,Harbor West,Riverside Walk,1314,casual,1980,2.20
118971,31/05/2026 13:29,31/05/2026 14:39,Gasometer Park,Lighthouse Point,1146,casual,1999,11.65
118972,31/05/2026 13:43,31/05/2026 13:54,Harbor East,Westfield Green,1340,Member,1994,0.00
118973,31/05/2026 13:51,31/05/2026 14:18,marina green,Old Town Square,1119,casual,1992,5.05
118974,31/05/2026 13:58,31/05/2026 15:04,poplar circle,Athletics Center,1099,casual,1970,10.90
118975,31/05/2026 14:06,31/05/2026 14:15,Gasometer Park,Gasometer Park,1215,member,1988,0.00
118976,31/05/2026 14:26,31/05/2026 14:37,Student Commons,Student Commons,1077,member,1984,0.00
118977,31/05/2026 14:42,31/05/2026 14:51,Gasometer Park,Harbor West,1057,member,1972,0.00
118978,31/05/2026 14:53,31/05/2026 15:43,Aurora & 22nd,Dockside Market,1050,casual,1976,8.50
118979,31/05/2026 15:42,31/05/2026 16:10,Old Town Square,Old Town Square,1171,casual,1984,5.35
118980,31/05/2026 15:46,31/05/2026 15:55,City Hall,City Hall ,1199,member,1965,
118981,31/05/2026 16:15,31/05/2026 16:31,Maple Grove,University Gate,1308,casual,1984,3.55
118982,31/05/2026 16:15,31/05/2026 16:51,Tramline Depot,Pier 12,1243,casual,1975,6.55
118983,31/05/2026 16:20,31/05/2026 16:28,Northgate Mall,Observatory Hill,1085,Member,1988,0.00
118984,31/05/2026 16:22,31/05/2026 16:34,Old Town Square,Old Town Square,1215,member,1993,0.00
118985,31/05/2026 16:30,31/05/2026 16:48,Lighthouse Point,Lighthouse Point,1012,Casual,1966,3.70
118986,31/05/2026 16:49,31/05/2026 17:07,Sunset Boulevard,Pier 12,1115,member,1975,0.00
118987,31/05/2026 17:24,31/05/2026 17:32,Old Town Square,Central Station,1233,casual,1900,2.35
118988,31/05/2026 18:00,31/05/2026 18:08,Old Town Square,Old Town Square,1103,member,1997,0.00
118989,31/05/2026 18:08,31/05/2026 18:19,Gasometer Park,Gasometer Park,1195,casual,1963,2.65
118990,31/05/2026 19:18,31/05/2026 19:24,Student Commons,Steelworks Gate,1079,Casual,1978,2.05
118991,31/05/2026 19:43,31/05/2026 20:17,Kayak Launch,Kayak Launch,1038,casual,1976,6.25
118992,31/05/2026 20:42,31/05/2026 21:44,Pier 12,Harbor East,1162,Casual,1977,10.30
118993,31/05/2026 21:50,31/05/2026 22:00,Gasometer Park,Gasometer Park,1232,casual,1967,2.50
118994,31/05/2026 22:59,31/05/2026 23:08,Gasometer Park,Central Station ,1146,member,1984,0.00
118995,31/05/2026 23:45,01/06/2026 00:00,Aurora & 22nd,Aurora & 22nd,1108,Member,2004,0.00
118996,01/06/2026 02:33,01/06/2026 02:46,Harbor East,Ferry Meadow,1136,member,1976,0.00
118997,01/06/2026 06:47,01/06/2026 07:15,Sunset Boulevard,Sunset Boulevard,1044,member,1977,0.00
118998,01/06/2026 06:52,01/06/2026 07:38,Gasometer Park,Summit Ridge,1226,casual,1992,8.05
118999,01/06/2026 07:19,01/06/2026 07:29,Aurora & 22nd,Student Commons,1193,member,1969,0.00
119000,01/06/2026 07:22,01/06/2026 08:29,Cobbler's Row,Cobbler's Row,1248,casual,1991,11.05
119001,01/06/2026 07:23,01/06/2026 07:48,Exchange Street,Kayak Launch,1252,casual,1966,4.90
119002,01/06/2026 07:52,01/06/2026 08:03,Student Commons,Library Mall,1221,Member,1999,0.00
119003,01/06/2026 08:15,01/06/2026 08:24,Hillcrest Point,Hillcrest Point,1091,member,1970,0.00
119004,01/06/2026 08:24,01/06/2026 08:48,Steelworks Gate,Tramline Depot,1268,casual,1960,4.60
119005,01/06/2026 08:29,01/06/2026 08:35,University Gate,Central Station,1034,member,1986,0.00
119006,01/06/2026 08:35,01/06/2026 08:52,Harbor East,Steelworks Gate,1027,casual,1980,3.70
119007,01/06/2026 08:38,01/06/2026 09:01,University Gate,Cobbler's Row,1177,casual,1995,4.45
119008,01/06/2026 08:55,01/06/2026 09:24,Cobbler's Row,Cobbler's Row,1227,casual,1998,5.35
119009,01/06/2026 08:57,01/06/2026 09:07,Seawall Promenade,Old Town Square,1190,member,1999,0.00
119010,01/06/2026 08:58,01/06/2026 09:13,Orchard Lane,Seawall Promenade,1311,Member,1981,0.00
119011,01/06/2026 09:14,01/06/2026 09:19,Seawall Promenade,Weaver Street,1113,member,2002,0.00
119012,01/06/2026 09:23,01/06/2026 09:43,Meridian Tower,Kayak Launch,1288,casual,1987,4.00
119013,01/06/2026 10:04,01/06/2026 10:26,Maple Grove,Maple Grove,1233,casual,1979,4.30
119014,01/06/2026 10:14,01/06/2026 10:23,Old Town Square,kayak launch,1082,member,1990,0.00
119015,01/06/2026 10:48,01/06/2026 11:15,Athletics Center,Seawall Promenade,1161,casual,1990,5.20
119016,01/06/2026 10:49,01/06/2026 11:16,Observatory Hill,Central Station,1262,member,2003,0.00
119017,01/06/2026 11:02,01/06/2026 11:24,Athletics Center,Athletics Center ,1225,Member,1984,0.00
119018,01/06/2026 11:15,01/06/2026 11:24,Maple Grove,University Gate,1052,member,1990,0.00
119019,01/06/2026 11:32,01/06/2026 11:52,Pier 12,Fountain Court,1201,member,1984,0.00
119020,01/06/2026 11:37,01/06/2026 11:43,Kayak Launch,Kayak Launch,1337,member,1973,0.00
119021,01/06/2026 12:34,01/06/2026 12:48,Warehouse Row,Summit Ridge,1209,member,1976,0.00
119022,01/06/2026 13:04,01/06/2026 13:09,Seawall Promenade,Seawall Promenade,1297,Member,1994,0.00
119023,01/06/2026 13:06,01/06/2026 13:49,Old Town Square,Kayak Launch,1131,member,1996,0.00
119024,01/06/2026 13:08,01/06/2026 14:04,Westfield Green,Athletics Center,1232,member,1962,1.10
119025,01/06/2026 13:55,01/06/2026 14:08,Old Mill Crossing,Tramline Depot,1171,Member,1967,0.00
119026,01/06/2026 14:28,01/06/2026 14:53,Student Commons,Meridian Tower,1272,casual,1995,4.90
119027,01/06/2026 14:38,01/06/2026 14:54,Northgate Mall,Student Commons,1040,casual,1977,3.40
119028,01/06/2026 15:09,01/06/2026 15:22,Gasometer Park,Summit Ridge,1161,member,1987,0.00
119029,01/06/2026 15:41,01/06/2026 16:11,Clocktower Plaza,Old Town Square,1070,casual,1975,5.65
119030,01/06/2026 15:48,01/06/2026 15:56,Central Station,Lighthouse Point,1277,member,1978,0.00
119031,01/06/2026 16:18,01/06/2026 16:25,Gasometer Park,Old Town Square,1283,member,1977,0.00
119031,01/06/2026 16:18,01/06/2026 16:25,Gasometer Park,Old Town Square,1283,member,1977,0.00
119032,01/06/2026 16:26,01/06/2026 16:33,Student Commons,Old Town Square,1172,member,1986,0.00
119033,01/06/2026 16:36,01/06/2026 16:47,Kayak Launch,Student Commons,1202,member,1976,0.00
119034,01/06/2026 16:37,01/06/2026 16:43,Sunset Boulevard,Gasometer Park,1193,casual,1983,1.90
119035,01/06/2026 16:41,01/06/2026 17:02,Riverside Walk,Library Mall,1035,member,1989,0.00
119036,01/06/2026 16:44,01/06/2026 17:04,Old Town Square,Sunset Boulevard,1242,member,1994,0.00
119037,01/06/2026 16:49,01/06/2026 17:02,Ferry Meadow,Gasometer Park,1074,Member,1979,0.00
119038,01/06/2026 16:53,01/06/2026 17:07,Old Town Square,Steelworks Gate,1252,MEMBER,1990,0.00
119039,01/06/2026 16:56,01/06/2026 18:25,Old Town Square,Rosemont & 5th,1273,Casual,1988,14.35
119040,01/06/2026 17:00,01/06/2026 17:08,Summit Ridge,City Hall,1136,Member,1989,0.00
119041,01/06/2026 17:00,01/06/2026 17:20,Maple Grove,Sunset Boulevard,1164,casual,1984,4.15
119042,01/06/2026 17:01,01/06/2026 17:07,Cathedral Gate,Westfield Green,1136,member,1976,0.00
119043,01/06/2026 17:16,01/06/2026 17:27,Marina Green ,Student Commons,1051,member,1983,0.00
119044,01/06/2026 17:25,01/06/2026 17:36,Poplar Circle,Orchard Lane,1233,Member,1964,0.00
119045,01/06/2026 17:27,01/06/2026 17:34,Old Town Square,Aurora & 22nd,1327,member,1974,0.00
119046,01/06/2026 17:29,01/06/2026 17:53,Opera House,Opera House,1066,Member,1981,0.00
119047,01/06/2026 17:35,01/06/2026 17:43,Summit Ridge,Riverside Walk,1103,casual,1990,2.35
119048,01/06/2026 17:45,01/06/2026 17:58,Old Town Square,Poplar Circle,1316,member,1996,0.00
119049,01/06/2026 17:49,01/06/2026 18:00,City Hall,City Hall,1303,member,1993,0.00
119050,01/06/2026 17:52,01/06/2026 17:55,Gasometer Park,Gasometer Park,1004,Member,1988,0.00
119051,01/06/2026 17:59,01/06/2026 18:12,Gasometer Park,Northgate Transit Hub,1011,member,1974,0.00
119052,01/06/2026 18:19,01/06/2026 18:24,Cobbler's Row,Maple Grove,1046,member,2005,0.00
119053,01/06/2026 18:21,01/06/2026 18:53,Student Commons,Library Mall,1044,casual,1999,5.95
119054,01/06/2026 18:31,01/06/2026 18:52,Botanic Gardens,Gasometer Park,1314,member,,0.00
119055,01/06/2026 18:40,01/06/2026 18:46,Steelworks Gate,Poplar Circle,1173,MEMBER,1989,0.00
119056,01/06/2026 18:48,01/06/2026 19:01,University Gate,Central Station,1208,member,1980,0.00
119057,01/06/2026 18:54,01/06/2026 19:08,University Gate,Sunset Boulevard,1276,member,1957,0.00
119058,01/06/2026 18:55,01/06/2026 19:05,Union Plaza,Union Plaza,1165,member,1985,0.00
119059,01/06/2026 19:02,01/06/2026 19:14,Union Plaza,Athletics Center,1303,member,1975,0.00
119060,01/06/2026 19:16,01/06/2026 19:24,Harbor East,Opera House,1209,casual,1970,2.35
119061,01/06/2026 19:34,01/06/2026 19:42,Pier 12,Science Quad,1218,member,1969,0.00
119062,01/06/2026 19:55,01/06/2026 20:08,Willow Bend,Willow Bend,1066,member,1967,0.00
119063,01/06/2026 20:13,01/06/2026 20:19,Westfield Green,Central Station,1208,Member,1978,0.00
119064,01/06/2026 20:50,01/06/2026 21:10,Old Town Square,Summit Ridge,1148,member,1971,0.00
119064,01/06/2026 20:50,01/06/2026 21:10,Old Town Square,Summit Ridge,1148,member,1971,0.00
119065,01/06/2026 20:51,01/06/2026 21:09,Steelworks Gate,Guildhall Steps,1190,member,1985,0.00
119066,01/06/2026 21:00,01/06/2026 21:31,Science Quad,Warehouse Row,1206,casual,1979,5.65
119067,01/06/2026 21:22,01/06/2026 21:48,Gasometer Park,Gasometer Park,1044,member,1974,0.00
119068,01/06/2026 22:06,01/06/2026 22:17,Dockside Market,Northgate Transit Hub,1044,member,1983,0.00
119069,02/06/2026 02:14,02/06/2026 02:19,Opera House,Old Town Square,1213,member,1986,0.00
119070,02/06/2026 03:35,02/06/2026 03:57,Botanic Gardens,Fountain Court,1152,member,,0.00
119071,02/06/2026 06:06,02/06/2026 06:51,Riverside Walk,Harbor West,1018,casual,1993,7.90
119072,02/06/2026 06:35,02/06/2026 06:52,Fountain Court,Gasometer Park,1259,member,1982,0.00
119073,02/06/2026 06:58,02/06/2026 07:06,Old Town Square,Athletics Center,1222,casual,1995,2.35
119074,02/06/2026 07:02,02/06/2026 07:14,Kayak Launch,Kayak Launch,1010,member,1971,0.00
119075,02/06/2026 07:05,02/06/2026 07:08,Kayak Launch,Student Commons,1213,member,1973,0.00
119076,02/06/2026 07:21,02/06/2026 07:38,Cedar Park Loop,Grand & 9th,1079,casual,1986,3.70
119077,02/06/2026 07:36,02/06/2026 07:54,Athletics Center,Old Mill Crossing,1285,member,2003,0.00
119078,02/06/2026 07:47,02/06/2026 08:01,Central Station,Central Station,1350,member,,0.00
119079,02/06/2026 07:51,02/06/2026 08:38,Gasometer Park,Harbor West,1004,casual,1964,8.20
119080,02/06/2026 08:11,02/06/2026 08:36,city hall,City Hall,1031,Member,1997,0.00
119081,02/06/2026 08:19,02/06/2026 08:40,Westfield Green,Poplar Circle,1114,casual,1998,4.15
119082,02/06/2026 08:32,02/06/2026 09:19,Aurora & 22nd,Union Plaza,1050,casual,,8.20
119083,02/06/2026 08:32,02/06/2026 09:23,Northgate Mall,Weaver Street,1144,casual,1967,8.80
119084,02/06/2026 08:32,02/06/2026 09:14,Old Town Square,Gasometer Park,1171,casual,2001,7.30
119085,02/06/2026 08:48,02/06/2026 08:57,Aurora & 40th,Dockside Market,1031,member,1990,0.00
119086,02/06/2026 09:07,02/06/2026 09:18,Lighthouse Point,Northgate Transit Hub,1192,member,1996,0.00
119087,02/06/2026 09:11,02/06/2026 09:18,Old Town Square,Student Commons,1221,member,1981,0.00
119088,02/06/2026 09:12,02/06/2026 09:19,University Gate,Athletics Center,1190,member,1982,0.00
119089,02/06/2026 09:12,02/06/2026 09:24,Old Mill Crossing,Student Commons,1325,casual,2000,2.95
119090,02/06/2026 09:18,02/06/2026 09:35,Poplar Circle,Science Quad,1303,member,1968,0.00
119091,02/06/2026 09:31,02/06/2026 10:02,Athletics Center,Central Station,1035,casual,1969,5.80
119092,02/06/2026 09:53,02/06/2026 10:02,Sunset Boulevard,Opera House,1009,member,2004,0.00
119093,02/06/2026 10:22,02/06/2026 10:28,Northgate Transit Hub,Gasometer Park,1225,member,1996,0.00
119094,02/06/2026 10:38,02/06/2026 11:07,Ferry Meadow,Opera House,1006,casual,1978,5.50
119095,02/06/2026 11:06,02/06/2026 11:16,Pier 12,Birchwood Terrace,1027,member,1974,0.00
119096,02/06/2026 11:30,02/06/2026 11:39,Northgate Mall,Steelworks Gate,1077,member,1994,0.00
119097,02/06/2026 11:46,02/06/2026 11:55,Opera House,Campus North,1315,member,1988,0.00
119098,02/06/2026 11:47,02/06/2026 12:03,Cobbler's Row,Cedar Park Loop,1158,member,1970,0.00
119099,02/06/2026 11:53,02/06/2026 11:57,Pier 12,Central Station,1350,member,1900,0.00
119100,02/06/2026 12:45,02/06/2026 12:52,Botanic Gardens,Guildhall Steps,1040,member,1996,0.00
119101,02/06/2026 12:49,02/06/2026 13:30, Summit Ridge,Cobbler's Row,1319,casual,1992,7.30
119102,02/06/2026 12:49,02/06/2026 12:59,Birchwood Terrace,Old Mill Crossing,1233,MEMBER,1995,0.00
119103,02/06/2026 12:50,02/06/2026 13:08,Summit Ridge,Floodgate Road,1004,member,1996,0.00
119104,02/06/2026 13:06,02/06/2026 13:17,Cedar Park Loop,Cedar Park Loop,1284,member,1975,0.00
119105,02/06/2026 13:09,02/06/2026 13:16,CITY HALL,Kayak Launch,1334,Member,1970,0.00
119106,02/06/2026 13:33,02/06/2026 13:42,Central Station,Northgate Mall,1059,member,1993,0.00
119107,02/06/2026 13:44,02/06/2026 14:05,Riverside Walk,Steelworks Gate,1276,casual,1977,4.30
119108,02/06/2026 13:55,02/06/2026 14:34,Aurora & 22nd,Seawall Promenade,1047,Casual,1990,6.85
119109,02/06/2026 14:09,02/06/2026 14:23,Old Mill Crossing,Athletics Center,1012,member,1976,0.00
119110,02/06/2026 14:13,02/06/2026 14:27,Kayak Launch,Student Commons,1224,casual,1975,3.10
119111,02/06/2026 14:16,02/06/2026 14:29,Fountain Court,Old Town Square,1103,member,1980,0.00
119112,02/06/2026 14:20,02/06/2026 14:26,Seawall Promenade,Pier 12,1052,member,1982,0.00
119113,02/06/2026 14:28,02/06/2026 14:45,University Gate,city hall,1231,casual,1970,3.55
119114,02/06/2026 15:08,02/06/2026 15:14,Harbor East,Old Town Square,1004,member,1974,0.00
119115,02/06/2026 15:47,02/06/2026 15:56,Botanic Gardens,Pier 12,1213,member,1987,0.00
119116,02/06/2026 15:55,02/06/2026 16:00,Westfield Green,Poplar Circle,1158,casual,1986,1.90
119117,02/06/2026 15:57,02/06/2026 16:06,Seawall Promenade,Seawall Promenade,1347,member,1997,0.00
119118,02/06/2026 16:31,02/06/2026 16:50,Gasometer Park,Pier 12,1047,casual,1970,4.00
119119,02/06/2026 16:33,02/06/2026 16:52,Old Town Square,Campus North,1329,member,1987,0.00
119120,02/06/2026 16:33,02/06/2026 16:40,Student Commons,Observatory Hill,1253,Member,1999,0.00
119121,02/06/2026 16:54,02/06/2026 17:15,Westfield Green,Opera House,1227,Member,1989,0.00
119122,02/06/2026 17:11,02/06/2026 17:29,Library Mall,Aurora & 40th,1165,MEMBER,1975,0.00
119123,02/06/2026 17:15,02/06/2026 17:33,Pier 12,University Gate,1268,member,1984,0.00
119124,02/06/2026 17:16,02/06/2026 17:26,Gasometer Park,Gasometer Park,1290,member,1984,0.00
119125,02/06/2026 17:25,02/06/2026 17:33,Riverside Walk,Exchange Street,1074,member,1986,0.00
119126,02/06/2026 17:28,02/06/2026 17:40,Science Quad,Old Mill Crossing,1299,member,1978,0.00
119127,02/06/2026 17:35,02/06/2026 17:47,Maple Grove,Opera House,1162,member,1964,0.00
119128,02/06/2026 17:56,02/06/2026 18:03,Northgate Mall,Weaver Street,1200,casual,1994,2.05
119129,02/06/2026 17:57,02/06/2026 18:39,Gasometer Park,Warehouse Row,1179,Casual,1989,7.45
119130,02/06/2026 18:06,02/06/2026 18:17,Lighthouse Point,Lighthouse Point,1260,casual,2007,2.80
119131,02/06/2026 18:13,02/06/2026 18:24,Gasometer Park,Central Station,1189,member,1986,0.00
119132,02/06/2026 18:15,02/06/2026 18:30,University Gate,Observatory Hill,1141,member,1987,0.00
119133,02/06/2026 18:16,02/06/2026 18:55,Gasometer Park,Guildhall Steps,1202,casual,1983,6.85
119134,02/06/2026 18:38,02/06/2026 18:46,Pier 12,Sunset Boulevard,1173,member,1998,0.00
119135,02/06/2026 18:46,02/06/2026 18:56,Central Station,Cedar Park Loop,1038,Member,1959,0.00
119136,02/06/2026 19:12,02/06/2026 19:46,Grand & 9th,Harbor East,1327,casual,1973,6.25
119137,02/06/2026 21:39,02/06/2026 21:55,HARBOR EAST,Central Station,1311,member,1993,0.00
119138,02/06/2026 22:29,02/06/2026 22:44,Northgate Transit Hub,University Gate,1247,member,1997,0.00
119139,02/06/2026 22:30,02/06/2026 22:52,Aurora & 22nd,Heron Park,1193,member,1987,0.00
119140,02/06/2026 23:35,02/06/2026 23:47,City Hall,Gasometer Park,1233,member,1994,0.00
119141,02/06/2026 23:36,02/06/2026 23:52,Student Commons,Library Mall,1269,member,,0.00
119142,03/06/2026 07:15,03/06/2026 07:33,Student Commons,Library Mall,1261,member,1973,0.00
119143,03/06/2026 07:18,03/06/2026 07:36,Harbor East,Harbor East,1318,casual,1996,3.85
119144,03/06/2026 07:21,03/06/2026 07:27,Ferry Meadow,Ferry Meadow,1206,member,2000,0.00
119145,03/06/2026 07:29,03/06/2026 07:41,Summit Ridge,Athletics Center,1208,member,1996,0.00
119146,03/06/2026 07:38,03/06/2026 07:42,Botanic Gardens,Aurora & 22nd,1193,MEMBER,1988,0.00
119147,03/06/2026 07:47,03/06/2026 08:30,Old Town Square,Athletics Center,1072,casual,1969,7.60
119148,03/06/2026 07:48,03/06/2026 07:54,Guildhall Steps,Guildhall Steps,1037,member,1992,0.00
119149,03/06/2026 07:56,03/06/2026 08:21,Grand & 9th,Grand & 9th,1174,casual,2002,4.90
119150,03/06/2026 08:04,03/06/2026 08:12,Harbor East,Pier 12,1277,casual,2004,2.20
119151,03/06/2026 08:04,03/06/2026 08:19,Old Town Square,Kayak Launch,1209,Member,1993,0.00
119152,03/06/2026 08:19,03/06/2026 08:31,Meridian Tower,Meridian Tower,1036,Casual,1976,2.80
119153,03/06/2026 08:22,03/06/2026 08:36,Poplar Circle,Poplar Circle ,1067,casual,1994,3.10
119154,03/06/2026 08:35,03/06/2026 09:51,Maple Grove,University Gate,1327,casual,2000,12.55
119155,03/06/2026 08:38,03/06/2026 08:47,Fountain Court,Central Station,1225,casual,1971,2.50
119156,03/06/2026 08:47,03/06/2026 09:33,Observatory Hill,Science Quad,1320,casual,1957,8.05
119157,03/06/2026 08:54,03/06/2026 09:13,Summit Ridge,Old Town Square,1013,member,1991,0.00
119158,03/06/2026 08:56,03/06/2026 09:14,Harbor East,Orchard Lane,1136,member,1984,0.00
119159,03/06/2026 09:13,03/06/2026 09:22,Tannery Yard,Tannery Yard,1319,casual,1981,2.35
119160,03/06/2026 09:34,03/06/2026 09:47,Poplar Circle,Poplar Circle,1050,Casual,2002,3.10
119161,03/06/2026 10:25,03/06/2026 10:47,Cobbler's Row,city hall,1264,casual,2003,4.30
119162,03/06/2026 10:37,03/06/2026 11:00,Northgate Transit Hub,Seawall Promenade,1281,casual,,4.45
119163,03/06/2026 11:17,03/06/2026 11:43,Grand & 3rd,Poplar Circle,1098,casual,1993,4.90
119164,03/06/2026 11:34,03/06/2026 11:40,Northgate Transit Hub,Student Commons,1314,member,1984,0.00
119165,03/06/2026 12:08,03/06/2026 12:15,Cedar Park Loop,Central Station,1013,member,1968,0.00
119166,03/06/2026 12:43,03/06/2026 13:31,Weaver Street,Gasometer Park,1116,casual,2020,8.20
119167,03/06/2026 12:48,03/06/2026 13:22,Exchange Street,Kayak Launch,1032,casual,1986,6.10
119168,03/06/2026 12:50,03/06/2026 13:35,Campus North,Central Station,1331,casual,2001,7.75
119169,03/06/2026 13:16,03/06/2026 13:36,Student Commons,Student Commons,1273,member,1986,0.00
119170,03/06/2026 13:44,03/06/2026 13:56,Summit Ridge,Old Town Square,1254,member,1989,0.00
119171,03/06/2026 14:03,03/06/2026 17:03,Summit Ridge,Summit Ridge,1028,casual,1996,28.00
119172,03/06/2026 14:04,03/06/2026 14:11,Riverside Walk,Merchant Hall,1329,Member,1995,0.00
119173,03/06/2026 14:05,03/06/2026 14:15,Pier 12,Pier 12,1312,casual,1989,2.50
119174,03/06/2026 15:01,03/06/2026 15:08,Kayak Launch,Athletics Center,1299,member,1978,0.00
119175,03/06/2026 15:02,03/06/2026 15:08,Maple Grove,Gasometer Park,1121,Member,1982,0.00
119176,03/06/2026 15:10,03/06/2026 16:06,Fountain Court,Old Mill Crossing,1281,casual,1979,9.55
119177,03/06/2026 15:22,03/06/2026 15:43,Weaver Street,Weaver Street,1119,member,1984,0.00
119178,03/06/2026 15:31,03/06/2026 15:37,Old Town Square,Old Mill Crossing,1140,member,1986,0.00
119179,03/06/2026 15:53,03/06/2026 16:43,Observatory Hill,Observatory Hill,1233,Casual,1975,8.65
119180,03/06/2026 16:02,03/06/2026 16:15,Old Mill Crossing,Riverside Walk,1269,member,1986,0.00
119181,03/06/2026 16:02,03/06/2026 16:18,Old Town Square,Old Town Square,1252,member,,0.00
119182,03/06/2026 16:06,03/06/2026 16:25,Old Mill Crossing,Old Mill Crossing,1116,member,1970,0.00
119183,03/06/2026 16:40,03/06/2026 16:52,City Hall,Kayak Launch,1006,member,1986,0.00
119184,03/06/2026 16:49,03/06/2026 17:11,Old Town Square,Gasometer Park,1249,member,1990,0.00
119185,03/06/2026 16:49,03/06/2026 17:01,Pier 12,Cedar Park Loop,1026,member,1972,0.00
119186,03/06/2026 16:50,03/06/2026 16:54,Northgate Mall, Old Town Square,1031,member,1961,0.00
119187,03/06/2026 17:06,03/06/2026 17:29,Central Station,Harbor East,1307,casual,1992,4.45
119188,03/06/2026 17:13,03/06/2026 17:26,Pier 12,Riverside Walk,1268,Casual,1965,3.10
119189,03/06/2026 17:18,03/06/2026 17:27,Opera House,Athletics Center,1285,member,1988,0.00
119190,03/06/2026 17:25,03/06/2026 17:34,Old Town Square,Meridian Tower,1058,casual,1991,2.50
119191,03/06/2026 17:31,03/06/2026 17:45,Student Commons,Warehouse Row,1246,MEMBER,1999,0.00
119192,03/06/2026 17:36,03/06/2026 17:45,King's Cross Lane,Harbor East,1011,member,1989,0.00
119193,03/06/2026 17:38,03/06/2026 17:52,Lighthouse Point,Riverside Walk,1299,member,2002,0.00
119194,03/06/2026 17:56,03/06/2026 18:06,Botanic Gardens,Central Station,1191,member,1977,0.00
119195,03/06/2026 18:06,03/06/2026 18:42,Old Town Square,Old Town Square,1036,casual,1994,6.55
119196,03/06/2026 18:12,03/06/2026 18:17,central station,Central Station,1031,member,1970,
119197,03/06/2026 18:20,03/06/2026 18:29,Aurora & 40th,Student Commons,1107,member,1997,0.00
119198,03/06/2026 18:22,03/06/2026 18:25,Kayak Launch,Athletics Center,1102,member,1965,0.00
119199,03/06/2026 18:51,03/06/2026 19:21,Northgate Transit Hub,Student Commons,1012,Casual,,5.50
119200,03/06/2026 18:59,03/06/2026 19:17,Fountain Court,Athletics Center,1018,member,1991,0.00
119201,03/06/2026 19:06,03/06/2026 19:22,Ferry Meadow,Seawall Promenade,1217,casual,1972,3.40
119202,03/06/2026 19:13,03/06/2026 19:24,Old Town Square,Old Mill Crossing,1010,casual,1975,2.65
119203,03/06/2026 19:16,03/06/2026 19:32,Student Commons,Gasometer Park,1141,casual,1996,3.55
119204,03/06/2026 19:29,03/06/2026 19:41,Old Town Square,Harbor East,1034,casual,2001,2.95
119205,03/06/2026 19:41,03/06/2026 19:55,Warehouse Row,Student Commons,1152,member,1991,0.00
119206,03/06/2026 19:49,03/06/2026 19:58,Exchange Street,Union Plaza,1075,member,2000,0.00
119207,03/06/2026 20:05,03/06/2026 20:23,Kayak Launch,Northgate Transit Hub,1109,member,1972,0.00
119207,03/06/2026 20:05,03/06/2026 20:23,Kayak Launch,Northgate Transit Hub,1109,member,1972,0.00
119208,03/06/2026 20:22,03/06/2026 20:37,Central Station,Gasometer Park,1080,member,2000,0.00
119209,03/06/2026 21:06,03/06/2026 21:50,Old Mill Crossing,Old Mill Crossing,1152,Casual,1983,7.60
119210,03/06/2026 21:30,03/06/2026 22:02,Old Town Square,Summit Ridge,1054,member,1962,0.00
119211,03/06/2026 21:59,03/06/2026 22:27,Gasometer Park ,Old Town Square,1233,casual,1961,5.35
119212,03/06/2026 22:13,03/06/2026 22:16,Steelworks Gate,Steelworks Gate,1123,member,1988,0.00
119213,03/06/2026 22:51,03/06/2026 23:08,Aurora & 22nd,Exchange Street,1233,casual,1993,3.70
119214,04/06/2026 00:03,04/06/2026 00:11,City Hall,Northgate Transit Hub,1233,member,1984,0.00
119215,04/06/2026 05:33,04/06/2026 05:45,Dockside Market,Dockside Market,1216,member,2002,0.00
119216,04/06/2026 06:01,04/06/2026 06:10,Grand & 3rd,Grand & 3rd,1316,member,1972,0.00
119217,04/06/2026 06:12,04/06/2026 06:19,Riverside Walk,Exchange Street,1117,member,1978,0.00
119218,04/06/2026 06:23,04/06/2026 07:10,Athletics Center,Dockside Market,1028,casual,1999,8.20
119219,04/06/2026 06:38,04/06/2026 06:54,Cedar Park Loop,Dockside Market,1208,casual,2000,3.55
119220,04/06/2026 06:43,04/06/2026 07:02,Clocktower Plaza,Clocktower Plaza,1119,casual,1987,3.85
119221,04/06/2026 06:46,04/06/2026 06:59,Exchange Street,Exchange Street,1168,member,1988,0.00
119222,04/06/2026 06:52,04/06/2026 07:25,Guildhall Steps,Guildhall Steps,1034,casual,1986,6.10
119223,04/06/2026 07:09,04/06/2026 07:26,Warehouse Row,Northgate Transit Hub,1028,member,1988,0.00
119224,04/06/2026 07:22,04/06/2026 07:33,Cedar Park Loop,Old Town Square,1201,member,1977,0.00
119225,04/06/2026 07:29,04/06/2026 07:59,Pier 12,University Gate,1324,casual,1998,5.65
119226,04/06/2026 07:35,04/06/2026 07:57,Summit Ridge,Old Town Square,1103,casual,1988,4.45
119227,04/06/2026 07:46,04/06/2026 08:01,Rosemont & 5th,Westfield Green,1134,Member,2003,0.00
119228,04/06/2026 08:02,04/06/2026 08:17,Observatory Hill,City Hall,1213,member,1963,0.00
119229,04/06/2026 08:13,04/06/2026 08:33,Gasometer Park,Rosemont & 5th,1155,member,1965,0.00
119230,04/06/2026 08:26,04/06/2026 09:13,Westfield Green,Sunset Boulevard,1135,Member,1972,0.20
119231,04/06/2026 08:41,04/06/2026 08:55,Pier 12,Science Quad,1341,member,1987,0.00
119232,04/06/2026 08:45,04/06/2026 09:00,Meridian Tower,Gasometer Park,1011,Member,1992,0.00
119233,04/06/2026 08:46,04/06/2026 09:07,Riverside Walk,Exchange Street,1109,casual,1996,4.15
119234,04/06/2026 08:51,04/06/2026 09:04,Kayak Launch,Opera House,1132,casual,1992,3.10
119235,04/06/2026 08:57,04/06/2026 09:34,Summit Ridge,Aurora & 40th,1331,casual,2000,6.70
119236,04/06/2026 09:25,04/06/2026 09:37,Old Town Square,Harbor East,1012,member,2003,0.00
119237,04/06/2026 09:29,04/06/2026 09:41,University Gate,Merchant Hall,1170,member,1986,0.00
119238,04/06/2026 09:54,04/06/2026 10:03,Harbor West,Guildhall Steps,1016,member,,0.00
119239,04/06/2026 10:54,04/06/2026 11:06,Central Station,Central Station,1297,member,1992,0.00
119240,04/06/2026 10:54,04/06/2026 11:11,City Hall,City Hall,1327,casual,,3.55
119241,04/06/2026 11:42,04/06/2026 12:22,Harbor East,Harbor West,1124,casual,1987,7.15
119242,04/06/2026 12:19,04/06/2026 12:26,Old Mill Crossing,Riverside Walk,1202,casual,1990,2.20
119243,04/06/2026 12:25,04/06/2026 12:35,Athletics Center,Athletics Center,1152,casual,1977,2.50
119244,04/06/2026 12:28,04/06/2026 12:37,Northgate Transit Hub,Student Commons,1226,member,1960,0.00
119245,04/06/2026 12:42,04/06/2026 12:48,Grand & 3rd,Northgate Transit Hub,1311,member,1988,0.00
119246,04/06/2026 13:12,04/06/2026 13:21,Cedar Park Loop,Athletics Center,1065,member,1972,0.00
119247,04/06/2026 13:17,04/06/2026 13:24,Harbor East,Northgate Transit Hub,1172,casual,1980,2.20
119248,04/06/2026 13:30,04/06/2026 13:44,Northgate Transit Hub,Opera House ,1085,casual,1990,3.25
119249,04/06/2026 13:41,04/06/2026 13:54,Northgate Mall,Central Station,1343,Member,1994,0.00
119250,04/06/2026 14:27,04/06/2026 14:38,Harbor East,City Hall,1302,MEMBER,1988,0.00
119251,04/06/2026 14:34,04/06/2026 14:45,Cedar Park Loop,Pier 12,1174,member,1974,0.00
119252,04/06/2026 14:55,04/06/2026 13:27,Athletics Center,Kayak Launch,1201,member,1990,0.00
119253,04/06/2026 14:58,04/06/2026 15:11,Lighthouse Point,Lighthouse Point,1201,casual,1962,2.95
119254,04/06/2026 15:09,04/06/2026 15:23,Tannery Yard,Summit Ridge,1125,member,1993,0.00
119255,04/06/2026 15:22,04/06/2026 15:34,Summit Ridge,Summit Ridge,1194,member,1971,0.00
119256,04/06/2026 15:28,04/06/2026 15:46,Old Mill Crossing,Northgate Transit Hub,1267,Casual,2004,3.70
119257,04/06/2026 15:33,04/06/2026 15:46,Gasometer Park,Cedar Park Loop,1074,casual,1983,2.95
119258,04/06/2026 15:37,04/06/2026 16:08,Old Town Square,Old Town Square,1080,member,1986,0.00
119259,04/06/2026 15:42,04/06/2026 15:53,Seawall Promenade,Pier 12,1208,casual,1991,2.65
119260,04/06/2026 15:46,04/06/2026 15:57,Library Mall,Botanic Gardens,1038,member,,
119261,04/06/2026 15:52,04/06/2026 16:04,Steelworks Gate,Dockside Market,1197,Member,1986,0.00
119262,04/06/2026 15:55,04/06/2026 16:03,Heron Park,Ferry Meadow,1341,Member,1992,0.00
119263,04/06/2026 16:06,04/06/2026 16:23,Cedar Park Loop,Exchange Street,1165,Member,1977,0.00
119264,04/06/2026 16:22,04/06/2026 16:42,Old Town Square,Northgate Mall,1327,casual,1994,4.00
119265,04/06/2026 16:30,04/06/2026 16:35,Student Commons,Library Mall,1346,member,1977,0.00
119266,04/06/2026 16:33,04/06/2026 16:49,Athletics Center,Seawall Promenade,1166,member,1990,0.00
119267,04/06/2026 16:43,04/06/2026 16:52,Old Town Square,Observatory Hill,1025,member,1994,0.00
119268,04/06/2026 17:14,04/06/2026 17:34,Aurora & 22nd,Gasometer Park,1107,casual,1975,4.15
119269,04/06/2026 17:16,04/06/2026 17:41,Old Town Square,Student Commons,1307,Member,1983,0.00
119270,04/06/2026 17:23,04/06/2026 17:34,Cedar Park Loop,Central Station,1190,member,1998,0.00
119270,04/06/2026 17:23,04/06/2026 17:34,Cedar Park Loop,Central Station,1190,member,1998,0.00
119271,04/06/2026 17:25,04/06/2026 17:36,Botanic Gardens,Botanic Gardens,1272,member,1987,0.00
119272,04/06/2026 17:27,04/06/2026 17:32,Merchant Hall,Old Town Square,1103,Member,1981,0.00
119273,04/06/2026 17:32,04/06/2026 17:49,Merchant Hall,Kayak Launch,1188,casual,1967,3.55
119274,04/06/2026 17:34,04/06/2026 17:44,Aurora & 22nd,gasometer park,1044,member,1988,0.00
119275,04/06/2026 18:04,04/06/2026 18:12,Opera House,Tannery Yard,1182,Member,1962,0.00
119276,04/06/2026 18:10,04/06/2026 18:22,Westfield Green,Grand & 3rd,1324,member,1984,0.00
119277,04/06/2026 18:14,04/06/2026 18:25,Athletics Center,Summit Ridge,1344,member,1979,0.00
119278,04/06/2026 18:30,04/06/2026 18:47,Tramline Depot,Central Station,1177,member,1997,0.00
119279,04/06/2026 18:58,04/06/2026 19:10,Old Town Square,Old Town Square,1258,member,1985,0.00
119280,04/06/2026 19:09,04/06/2026 19:28,kayak launch,Dockside Market,1215,casual,1993,4.00
119281,04/06/2026 19:09,04/06/2026 19:36,Seawall Promenade,Old Mill Crossing,1115,casual,1976,5.05
119282,04/06/2026 19:23,04/06/2026 19:27,Riverside Walk,Central Station,1293,member,2004,0.00
119282,04/06/2026 19:23,04/06/2026 19:27,Riverside Walk,Central Station,1293,member,2004,0.00
119283,04/06/2026 19:26,04/06/2026 19:37,Cobbler's Row,Athletics Center,1274,casual,,2.65
119284,04/06/2026 19:37,04/06/2026 19:46,Northgate Mall,Northgate Mall,1001,member,1992,0.00
119285,04/06/2026 20:18,04/06/2026 20:27,Old Town Square,Marina Green,1024,member,1983,0.00
119286,04/06/2026 21:27,04/06/2026 21:40,Warehouse Row,Warehouse Row,1138,Casual,1990,3.10
119287,04/06/2026 22:38,04/06/2026 22:46,Old Town Square,Old Town Square,1341,member,1964,0.00
119288,04/06/2026 23:49,04/06/2026 23:56,Old Town Square,Cedar Park Loop,1250,member,1984,0.00
119289,05/06/2026 00:35,05/06/2026 01:20,Student Commons,University Gate,1110,casual,1986,7.75
119290,05/06/2026 06:08,05/06/2026 06:36,University Gate,Science Quad,1159,member,1978,0.00
119291,05/06/2026 06:19,05/06/2026 06:26,University Gate,Maple Grove,1238,Member,1996,0.00
119292,05/06/2026 06:26,05/06/2026 06:36,Kayak Launch,Guildhall Steps,1206,Casual,1993,2.65
119293,05/06/2026 06:40,05/06/2026 06:47,Student Commons,library mall,1213,member,1977,0.00
119294,05/06/2026 06:49,05/06/2026 07:25,Exchange Street,Old Town Square,1225,casual,1998,6.55
119295,05/06/2026 06:55,05/06/2026 07:05,Old Town Square,Old Town Square,1006,Member,1984,0.00
119296,05/06/2026 06:59,05/06/2026 07:35,Warehouse Row,Central Station,1265,member,1976,0.00
119297,05/06/2026 07:07,05/06/2026 07:24,FLOODGATE ROAD,Merchant Hall,1031,member,1979,0.00
119298,05/06/2026 07:18,05/06/2026 07:25,Heron Park,Old Mill Crossing,1038,member,1976,0.00
119299,05/06/2026 07:25,05/06/2026 07:48,Dockside Market,Union Plaza,1207,member,1965,0.00
119300,05/06/2026 07:32,05/06/2026 07:36,Old Town Square,Old Town Square,1078,MEMBER,1984,0.00
119300,05/06/2026 07:32,05/06/2026 07:36,Old Town Square,Old Town Square,1078,MEMBER,1984,0.00
119301,05/06/2026 07:43,05/06/2026 08:23,Pier 12,Student Commons,1077,Casual,1993,7.00
119302,05/06/2026 07:58,05/06/2026 08:09,Warehouse Row,Science Quad,1006,member,1977,0.00
119303,05/06/2026 08:04,05/06/2026 08:19,Athletics Center,Old Town Square,1323,member,1998,0.00
119304,05/06/2026 08:07,05/06/2026 08:11,Lighthouse Point,Warehouse Row,1085,member,2001,0.00
119305,05/06/2026 08:13,05/06/2026 08:21,Athletics Center,Birchwood Terrace,1241,member,1962,0.00
119306,05/06/2026 08:14,05/06/2026 11:14,Birchwood Terrace,Gasometer Park,1208,casual,1976,28.00
119307,05/06/2026 08:14,05/06/2026 09:50,Athletics Center,Student Commons,1266,casual,1962,15.40
119308,05/06/2026 08:24,05/06/2026 08:38,Northgate Transit Hub,Harbor East,1044,member,2003,0.00
119309,05/06/2026 08:33,05/06/2026 08:44,Summit Ridge,Old Town Square,1306,member,1969,0.00
119310,05/06/2026 08:39,05/06/2026 08:53,Observatory Hill,Central Station,1265,casual,1976,3.25
119311,05/06/2026 08:53,05/06/2026 09:38,Warehouse Row,Summit Ridge,1306,casual,1984,7.75
119312,05/06/2026 08:59,05/06/2026 09:06,Old Town Square,Old Town Square,1170,member,1996,0.00
119313,05/06/2026 09:05,05/06/2026 09:19,Steelworks Gate,Gasometer Park,1061,casual,1982,3.10
119314,05/06/2026 09:16,05/06/2026 10:06,Athletics Center,Harbor East,1047,member,2002,0.50
119315,05/06/2026 09:17,05/06/2026 09:27,Kayak Launch,Grand & 3rd,1341,member,1966,0.00
119316,05/06/2026 09:25,05/06/2026 09:45,Gasometer Park,Athletics Center,1286,member,2005,0.00
119317,05/06/2026 11:03,05/06/2026 13:42,Old Mill Crossing,Kayak Launch,1128,casual,,24.85
119318,05/06/2026 11:05,05/06/2026 11:42,Observatory Hill,Gasometer Park,1268,casual,1963,6.55
119319,05/06/2026 11:27,05/06/2026 11:42,Pier 12,Pier 12,1350,member,1962,0.00
119320,05/06/2026 11:55,05/06/2026 12:04,Westfield Green,Grand & 3rd,1185,member,1968,0.00
119321,05/06/2026 11:59,05/06/2026 12:09,Westfield Green,Old Town Square,1130,member,1982,0.00
119322,05/06/2026 12:21,05/06/2026 12:29,Guildhall Steps,City Hall,1284,member,1986,0.00
119323,05/06/2026 12:35,05/06/2026 12:48,Northgate Mall,Athletics Center,1160,member,1981,0.00
119324,05/06/2026 12:37,05/06/2026 12:52,Campus North,Botanic Gardens,1175,casual,1986,3.25
119325,05/06/2026 12:47,05/06/2026 13:03,Tannery Yard,Botanic Gardens,1103,member,1987,0.00
119326,05/06/2026 13:05,05/06/2026 13:24,Poplar Circle,Pier 12,1053,member,1962,0.00
119327,05/06/2026 13:06,05/06/2026 13:22,Central Station,Fountain Court,1152,member,1988,0.00
119328,05/06/2026 13:21,05/06/2026 13:41,Gasometer Park,Tramline Depot,1057,member,1983,0.00
119329,05/06/2026 14:45,05/06/2026 13:19,Opera House,Old Town Square,1197,member,1996,0.00
119330,05/06/2026 15:03,05/06/2026 15:08,Gasometer Park,Meridian Tower,1242,member,2001,0.00
119331,05/06/2026 15:04,05/06/2026 15:26,Old Town Square,Old Town Square,1273,casual,1984,4.45
119332,05/06/2026 15:07,05/06/2026 15:18,Maple Grove,University Gate,1217,member,1975,0.00
119333,05/06/2026 15:39,05/06/2026 15:46,Gasometer Park,Clocktower Plaza,1115,MEMBER,1989,0.00
119334,05/06/2026 16:03,05/06/2026 16:12,Observatory Hill,Observatory Hill,1133,member,1998,0.00
119335,05/06/2026 16:08,05/06/2026 16:21,Pier 12 ,Old Mill Crossing,1277,member,1980,0.00
119336,05/06/2026 16:18,05/06/2026 16:24,Steelworks Gate,Central Station,1229,MEMBER,1987,0.00
119337,05/06/2026 16:25,05/06/2026 16:39,City Hall,Weaver Street,1329,casual,1965,3.25
119338,05/06/2026 16:48,05/06/2026 17:09,Union Plaza,Old Town Square,1094,casual,1991,4.30
119339,05/06/2026 17:01,05/06/2026 18:46,Merchant Hall,Merchant Hall,1217,casual,1980,16.90
119340,05/06/2026 17:01,05/06/2026 17:13,Central Station ,Cedar Park Loop,1329,member,1999,0.00
119341,05/06/2026 17:20,05/06/2026 17:29,Athletics Center,Athletics Center,1186,member,1977,0.00
119342,05/06/2026 17:31,05/06/2026 17:50,Pier 12,observatory hill,1170,casual,1985,4.00
119343,05/06/2026 17:32,05/06/2026 17:39,Opera House,Rosemont & 5th,1327,member,1987,0.00
119344,05/06/2026 17:35,05/06/2026 18:11,Gasometer Park,Gasometer Park,1034,Member,1973,0.00
119345,05/06/2026 17:36,05/06/2026 17:55,Maple Grove,Exchange Street,1312,member,1972,0.00
119346,05/06/2026 17:38,05/06/2026 18:04,Orchard Lane,Kayak Launch,1248,casual,1991,4.90
119347,05/06/2026 17:40,05/06/2026 17:56,Science Quad,Old Town Square,1252,member,,0.00
119348,05/06/2026 17:40,05/06/2026 17:46,Old Town Square,Old Town Square,1302,member,1988,0.00
119349,05/06/2026 18:05,05/06/2026 18:13,Dockside Market,Dockside Market,1222,MEMBER,1991,0.00
119350,05/06/2026 18:05,05/06/2026 18:36,Old Town Square,Old Town Square,1062,casual,2002,5.65
119351,05/06/2026 18:06,05/06/2026 18:22,Maple Grove,Maple Grove,1260,member,1989,0.00
119352,05/06/2026 18:08,05/06/2026 18:25,Science Quad,Lighthouse Point,1150,casual,1998,3.70
119353,05/06/2026 18:16,05/06/2026 18:29,Northgate Transit Hub,City Hall,1052,member,1986,0.00
119354,05/06/2026 18:17,05/06/2026 18:24,Lighthouse Point,Union Plaza,1208,member,1998,0.00
119355,05/06/2026 18:29,05/06/2026 18:45,Harbor West,Botanic Gardens,1247,Member,1976,0.00
119356,05/06/2026 18:33,05/06/2026 18:56,City Hall,University Gate,1252,casual,1981,4.60
119357,05/06/2026 18:34,05/06/2026 18:56,Athletics Center,Old Town Square,1219,member,1990,0.00
119358,05/06/2026 18:35,05/06/2026 18:46,Union Plaza,Grand & 9th,1050,member,1991,0.00
119359,05/06/2026 18:41,05/06/2026 18:56,Central Station,Harbor East,1011,member,1995,0.00
119360,05/06/2026 18:46,05/06/2026 19:03,Old Mill Crossing,Old Town Square,1125,casual,1996,3.55
119361,05/06/2026 19:06,05/06/2026 19:22,Seawall Promenade,Central Station,1295,Member,1994,0.00
119362,05/06/2026 19:07,05/06/2026 19:14,Warehouse Row,Observatory Hill,1148,member,1984,0.00
119363,05/06/2026 19:08,05/06/2026 19:17,Steelworks Gate,Athletics Center,1172,member,1971,0.00
119364,05/06/2026 19:12,05/06/2026 19:19,Kayak Launch,Union Plaza,1158,member,1983,0.00
119365,05/06/2026 19:18,05/06/2026 19:31,Northgate Transit Hub,Maple Grove,1052,casual,1996,2.95
119366,05/06/2026 19:33,05/06/2026 20:04,Seawall Promenade,Student Commons,1077,Casual,2001,5.80
119367,05/06/2026 19:34,05/06/2026 19:42,Old Town Square,Tramline Depot,1062,member,1983,0.00
119368,05/06/2026 19:36,05/06/2026 20:08,Steelworks Gate,Central Station,1350,member,1997,0.00
119369,05/06/2026 19:47,05/06/2026 20:08,Pier 12,Observatory Hill,1262,Casual,2000,4.30
119370,05/06/2026 20:07,05/06/2026 20:17,Westfield Green,Grand & 3rd,1218,casual,1987,2.65
119371,05/06/2026 20:25,05/06/2026 20:33,Old Town Square,Botanic Gardens,1028,Member,1991,0.00
119372,05/06/2026 20:27,05/06/2026 20:32,Harbor East,Old Town Square,1074,Member,1981,0.00
119373,05/06/2026 20:35,05/06/2026 20:49,Riverside Walk,Gasometer Park,1271,casual,1997,3.25
119374,05/06/2026 20:37,05/06/2026 20:46,City Hall,Steelworks Gate,1024,casual,1984,2.50
119375,05/06/2026 20:56,05/06/2026 21:58,Athletics Center,Central Station,1331,Casual,1989,10.30
119376,05/06/2026 21:24,05/06/2026 21:38,Harbor East,Old Town Square,1268,casual,1984,3.25
119377,05/06/2026 21:26,05/06/2026 21:47,kayak launch,Kayak Launch,1297,member,1991,0.00
119378,05/06/2026 22:44,05/06/2026 22:52,Cobbler's Row,Harbor West,1078,MEMBER,1998,0.00
119379,05/06/2026 23:37,05/06/2026 23:51,Kayak Launch,Kayak Launch,1048,member,1982,0.00
119380,05/06/2026 23:59,06/06/2026 00:34,Student Commons,University Gate,1280,member,1974,0.00
119381,06/06/2026 07:03,06/06/2026 07:29,Cathedral Gate,Science Quad,1204,casual,1976,4.90
119382,06/06/2026 08:07,06/06/2026 08:18,Cobbler's Row,Opera House,1148,member,1971,0.00
119383,06/06/2026 08:21,06/06/2026 08:37,Central Station,Central Station,1271,casual,1966,3.40
119384,06/06/2026 09:12,06/06/2026 09:27,Warehouse Row,Central Station,1113,member,,0.00
119385,06/06/2026 09:24,06/06/2026 09:33,Kayak Launch,Kayak Launch,1322,member,1986,0.00
119386,06/06/2026 09:30,06/06/2026 10:13,Poplar Circle,Poplar Circle,1130,casual,1995,7.60
119387,06/06/2026 09:46,06/06/2026 09:58,Old Town Square,Old Town Square,1058,casual,1987,2.95
119388,06/06/2026 09:53,06/06/2026 09:57,Seawall Promenade,Grand & 3rd,1248,member,1989,0.00
119388,06/06/2026 09:53,06/06/2026 09:57,Seawall Promenade,Grand & 3rd,1248,member,1989,0.00
119389,06/06/2026 09:56,06/06/2026 10:18,Cedar Park Loop,Central Station,1268,member,1983,0.00
119390,06/06/2026 10:05,06/06/2026 10:46,Ferry Meadow,Fountain Court,1249,casual,1969,7.30
119391,06/06/2026 10:39,06/06/2026 10:43,Northgate Transit Hub,Harbor East,1201,member,1994,0.00
119392,06/06/2026 10:52,06/06/2026 10:58,Marina Green,Marina Green,1052,member,1987,0.00
119393,06/06/2026 11:26,06/06/2026 12:13,Kayak Launch,Kayak Launch,1077,casual,,8.20
119394,06/06/2026 11:26,06/06/2026 11:30,Northgate Transit Hub,Old Town Square,1231,member,1996,0.00
119395,06/06/2026 11:38,06/06/2026 11:51,Westfield Green,Old Mill Crossing,1120,Casual,1994,2.95
119396,06/06/2026 11:44,06/06/2026 11:55,Seawall Promenade,Union Plaza ,1229,member,1988,0.00
119397,06/06/2026 11:54,06/06/2026 12:08,Northgate Transit Hub,City Hall,1051,member,1987,0.00
119398,06/06/2026 12:17,06/06/2026 12:26,Tannery Yard,Old Mill Crossing,1011,member,1989,0.00
119399,06/06/2026 12:20,06/06/2026 12:36,Riverside Walk,Gasometer Park,1337,casual,1992,3.55
119400,06/06/2026 12:39,06/06/2026 12:53,Pier 12,Aurora & 22nd,1058,casual,1993,3.25
119401,06/06/2026 12:53,06/06/2026 13:14,Harbor East,Old Town Square,1132,casual,1976,4.30
119402,06/06/2026 13:15,06/06/2026 13:29,Foundry District,Aurora & 40th,1070,casual,1969,3.10
119403,06/06/2026 13:29,06/06/2026 14:10,Central Station,Central Station,1278,casual,2002,7.30
119404,06/06/2026 13:30,06/06/2026 13:34,Athletics Center,Cobbler's Row,1192,member,1986,0.00
119405,06/06/2026 13:37,06/06/2026 13:52,Athletics Center,Athletics Center,1265,casual,,3.40
119406,06/06/2026 13:41,06/06/2026 14:20,Gasometer Park,Cedar Park Loop,1124,casual,2002,7.00
119407,06/06/2026 14:00,06/06/2026 14:36,Athletics Center,Westfield Green,1284,casual,1977,6.40
119408,06/06/2026 14:07,06/06/2026 14:16,Gasometer Park,Gasometer Park,1213,member,1976,0.00
119409,06/06/2026 14:21,06/06/2026 14:27,Gasometer Park,Cobbler's Row,1114,member,1982,0.00
119410,06/06/2026 14:43,06/06/2026 14:58,Floodgate Road,Marina Green,1051,member,1988,0.00
119411,06/06/2026 14:56,06/06/2026 15:22,Hillcrest Point,Dockside Market,1010,casual,1981,5.05
119412,06/06/2026 14:58,06/06/2026 15:19,Harbor East,Aurora & 40th,1312,casual,1975,4.30
119413,06/06/2026 15:18,06/06/2026 15:40,Harbor East,Old Town Square,1057,member,1996,0.00
119414,06/06/2026 15:33,06/06/2026 15:41,Gasometer Park,Gasometer Park,1171,Member,1984,0.00
119415,06/06/2026 15:39,06/06/2026 15:57,Ferry Landing,Summit Ridge,1312,casual,1972,3.85
119416,06/06/2026 15:46,06/06/2026 16:39,Student Commons,Science Quad,1025,casual,1977,9.10
119417,06/06/2026 15:58,06/06/2026 17:14,Pier 12,Pier 12,1145,Casual,1976,12.40
119418,06/06/2026 16:06,06/06/2026 16:28,Summit Ridge,Summit Ridge,1260,casual,1995,4.30
119419,06/06/2026 16:07,06/06/2026 16:20,Cobbler's Row,Kayak Launch,1084,member,1962,0.00
119420,06/06/2026 16:09,06/06/2026 16:23,Cathedral Gate,Cathedral Gate,1201,member,2003,0.00
119421,06/06/2026 16:32,06/06/2026 17:18,Westfield Green,Botanic Gardens,1055,casual,1985,8.05
119422,06/06/2026 16:51,06/06/2026 17:04,Rosemont & 5th,Harbor East,1044,member,1974,0.00
119423,06/06/2026 17:22,06/06/2026 17:32,Fountain Court,Student Commons,1332,Member,1979,0.00
119424,06/06/2026 17:47,06/06/2026 18:30,City Hall,City Hall,1262,Casual,1992,7.45
119425,06/06/2026 18:02,06/06/2026 18:35,Cobbler's Row,Old Town Square,1252,casual,1991,6.10
119426,06/06/2026 18:37,06/06/2026 19:06,Warehouse Row,Observatory Hill,1177,casual,1981,5.35
119427,06/06/2026 19:44,06/06/2026 19:48,Old Mill Crossing,Old Mill Crossing,1143,member,1990,0.00
119428,06/06/2026 20:14,06/06/2026 20:27,Riverside Walk,Exchange Street,1149,casual,1985,2.95
119429,06/06/2026 20:33,06/06/2026 20:43,Science Quad,Westfield Green,1345,member,1981,0.00
119430,06/06/2026 20:43,06/06/2026 20:58,Old Mill Crossing,Old Town Square,1038,member,1984,0.00
119431,06/06/2026 21:51,06/06/2026 22:21,Meridian Tower,Aurora & 22nd,1038,casual,1986,5.50
119432,06/06/2026 22:58,06/06/2026 23:17,Old Town Square,Old Town Square,1328,casual,1986,4.00
119433,06/06/2026 23:01,06/06/2026 23:08,Old Town Square,Old Town Square,1315,member,1988,0.00
119434,06/06/2026 23:53,07/06/2026 00:11,Old Town Square,Summit Ridge,1077,casual,2001,3.85
119435,07/06/2026 05:23,07/06/2026 05:55,Harbor West,Gasometer Park,1026,casual,1984,5.80
119436,07/06/2026 06:08,07/06/2026 06:44,Pier 12,Merchant Hall,1122,casual,1976,6.55
119437,07/06/2026 08:16,07/06/2026 08:42,Seawall Promenade,Seawall Promenade,1204,casual,1972,5.05
119438,07/06/2026 08:37,07/06/2026 09:25,Cedar Park Loop,Central Station,1216,casual,1988,8.35
119439,07/06/2026 09:10,07/06/2026 09:31,Opera House,Northgate Transit Hub,1273,casual,2001,4.30
119440,07/06/2026 09:11,07/06/2026 09:26,Steelworks Gate,Clocktower Plaza,1185,member,1973,0.00
119441,07/06/2026 09:11,07/06/2026 09:18,University Gate,Grand & 3rd,1089,member,1972,0.00
119442,07/06/2026 09:26,07/06/2026 09:53,Sunset Boulevard,Old Mill Crossing,1350,member,1988,0.00
119443,07/06/2026 10:35,07/06/2026 11:10,Athletics Center,Athletics Center,1133,Casual,1996,6.25
119444,07/06/2026 10:43,07/06/2026 10:55,Old Town Square,Old Town Square,1184,casual,1982,2.95
119445,07/06/2026 11:02,07/06/2026 11:10,Old Town Square,University Gate,1121,casual,1974,2.35
119446,07/06/2026 11:15,07/06/2026 11:38,Gasometer Park,Gasometer Park,1134,casual,1990,4.45
119447,07/06/2026 11:22,07/06/2026 11:40,Pier 12,Tannery Yard,1131,casual,1981,3.70
119448,07/06/2026 11:33,07/06/2026 11:47,University Gate,Poplar Circle,1044,Casual,1972,3.25
119449,07/06/2026 11:38,07/06/2026 12:18,Meridian Tower,Meridian Tower,1066,casual,1978,7.00
119450,07/06/2026 11:42,07/06/2026 11:46,Aurora & 22nd,Aurora & 22nd,1248,member,1978,0.00
119451,07/06/2026 11:59,07/06/2026 12:12,Observatory Hill,Opera House,1011,casual,1981,3.10
119452,07/06/2026 12:06,07/06/2026 12:12,Birchwood Terrace,University Gate,1011,Member,2001,0.00
119453,07/06/2026 12:21,07/06/2026 12:36,Northgate Mall,Opera House,1166,casual,1967,3.25
119454,07/06/2026 12:34,07/06/2026 13:00,Gasometer Park,Old Town Square,1327,casual,1990,4.90
119455,07/06/2026 12:35,07/06/2026 12:45,Maple Grove,Central Station,1168,member,1985,0.00
119456,07/06/2026 12:40,07/06/2026 13:06,Central Station,Maple Grove,1240,casual,1990,4.90
119457,07/06/2026 12:42,07/06/2026 12:53,Harbor East,Old Town Square,1209,member,1988,0.00
119458,07/06/2026 12:44,07/06/2026 12:49,Central Station,Westfield Green,1331,member,1975,0.00
119459,07/06/2026 12:50,07/06/2026 13:02,Gasometer Park,Gasometer Park,1292,casual,2002,2.80
119460,07/06/2026 12:54,07/06/2026 13:22,Clocktower Plaza,Central Station,1072,member,2001,0.00
119461,07/06/2026 13:09,07/06/2026 13:24,City Hall,Westfield Green,1006,member,1966,0.00
119462,07/06/2026 13:31,07/06/2026 13:39,Seawall Promenade,Willow Bend,1209,Casual,1997,2.20
119463,07/06/2026 13:49,07/06/2026 14:07,Pier 12,Northgate Transit Hub,1142,casual,1990,3.70
119464,07/06/2026 14:23,07/06/2026 14:35,Meridian Tower,Science Quad,1289,member,1962,0.00
119465,07/06/2026 14:26,07/06/2026 14:43,Kayak Launch,Kayak Launch,1112,member,1968,0.00
119466,07/06/2026 14:34,07/06/2026 16:11,Pier 12,Cobbler's Row,1070,casual,1984,15.55
119467,07/06/2026 14:37,07/06/2026 14:47,Pier 12,City Hall,1315,member,1995,0.00
119468,07/06/2026 14:48,07/06/2026 15:26,Exchange Street,Kayak Launch,1079,casual,1988,6.70
119469,07/06/2026 15:00,07/06/2026 15:15,Riverside Walk,Old Town Square,1316,casual,1978,3.40
119470,07/06/2026 15:05,07/06/2026 15:19,Harbor East,Aurora & 22nd,1247,casual,1990,3.10
119471,07/06/2026 15:12,07/06/2026 15:33,University Gate,Harbor East,1249,casual,,4.30
119472,07/06/2026 15:18,07/06/2026 15:30,Athletics Center ,Sunset Boulevard,1182,casual,1963,2.95
119473,07/06/2026 15:48,07/06/2026 16:07,Westfield Green,Tramline Depot,1202,casual,,3.85
119474,07/06/2026 15:51,07/06/2026 16:08,Cedar Park Loop,Riverside Walk,1233,casual,1991,3.55
119475,07/06/2026 15:59,07/06/2026 16:12,Library Mall,City Hall,1049,casual,1968,2.95
119476,07/06/2026 15:59,07/06/2026 16:15,Tannery Yard,Tannery Yard,1184,member,1984,0.00
119477,07/06/2026 16:18,07/06/2026 17:01,Clocktower Plaza,Clocktower Plaza,1248,casual,1978,7.60
119478,07/06/2026 16:26,07/06/2026 16:33,Summit Ridge,Cedar Park Loop,1232,member,,0.00
119479,07/06/2026 16:40,07/06/2026 17:00,University Gate,Central Station,1316,member,1980,0.00
119480,07/06/2026 16:49,07/06/2026 17:03,Athletics Center,Athletics Center,1067,Casual,1983,3.10
119481,07/06/2026 16:57,07/06/2026 17:37,Aurora & 22nd,Student Commons,1297,Casual,1984,7.00
119482,07/06/2026 17:26,07/06/2026 17:33,Aurora & 22nd,Aurora & 22nd,1128,member,1998,0.00
119483,07/06/2026 17:40,07/06/2026 17:51,Summit Ridge,Student Commons,1281,Casual,1995,2.65
119484,07/06/2026 18:08,07/06/2026 18:37,Exchange Street,Pier 12,1128,casual,1990,5.50
119485,07/06/2026 18:21,07/06/2026 18:34,Maple Grove,University Gate,1157,Casual,1987,3.10
119486,07/06/2026 18:21,07/06/2026 18:31,ATHLETICS CENTER,Student Commons,1034,member,1993,0.00
119487,07/06/2026 18:44,07/06/2026 18:51,City Hall,City Hall,1233,member,1963,0.00
119488,07/06/2026 18:53,07/06/2026 19:07,Botanic Gardens,City Hall,1315,member,1994,0.00
119489,07/06/2026 18:57,07/06/2026 19:12,Ferry Meadow,Floodgate Road,1175,member,1973,0.00
119490,07/06/2026 19:13,07/06/2026 19:22,Cedar Park Loop,Central Station,1016,casual,1996,2.35
119491,07/06/2026 19:28,07/06/2026 19:52,Pier 12,Student Commons,1168,casual,,4.75
119492,07/06/2026 19:48,07/06/2026 19:56,Maple Grove,Science Quad,1044,member,,0.00
119493,07/06/2026 19:59,07/06/2026 20:33,Exchange Street,Cobbler's Row,1144,casual,1996,6.10
119494,07/06/2026 20:33,07/06/2026 20:53,Meridian Tower,Grand & 3rd,1206,member,1992,0.00
119495,07/06/2026 21:17,07/06/2026 22:20,Student Commons,Exchange Street,1129,casual,1985,10.45
119496,07/06/2026 21:25,07/06/2026 21:45,Harbor East,Lighthouse Point,1011,casual,1989,4.00
119497,07/06/2026 21:32,07/06/2026 21:44,Floodgate Road,Steelworks Gate,1345,member,1996,0.00
119498,07/06/2026 22:00,07/06/2026 22:08,Central Station,City Hall,1170,member,1985,0.00
119499,07/06/2026 22:01,07/06/2026 22:12,Botanic Gardens,Botanic Gardens,1110,member,1997,0.00
119500,07/06/2026 22:03,07/06/2026 22:40,Clocktower Plaza,Cedar Park Loop,1011,casual,2005,6.55
119501,07/06/2026 22:28,07/06/2026 22:56,Pier 12,Pier 12,1049,casual,1986,5.20
119502,08/06/2026 00:37,08/06/2026 00:50,Grand & 9th,Kayak Launch,1058,member,1988,0.00
119503,08/06/2026 01:41,08/06/2026 02:46,Gasometer Park,Gasometer Park,1083,casual,1987,10.90
119504,08/06/2026 06:37,08/06/2026 06:44,Old Town Square,old town square,1065,member,1984,0.00
119505,08/06/2026 07:00,08/06/2026 07:33,Botanic Gardens,Central Station,1164,casual,1980,6.10
119506,08/06/2026 07:22,08/06/2026 07:38,Sunset Boulevard,Observatory Hill,1213,Member,1982,0.00
119507,08/06/2026 08:05,08/06/2026 08:16,Grand & 3rd,Northgate Transit Hub,1011,casual,1997,2.80
119508,08/06/2026 08:14,08/06/2026 08:45,Lighthouse Point,Riverside Walk,1172,casual,1971,5.80
119509,08/06/2026 08:26,08/06/2026 08:37,Union Plaza,Student Commons,1074,casual,2003,2.80
119510,08/06/2026 08:42,08/06/2026 09:16,Kayak Launch,Dockside Market,1060,casual,1984,6.10
119511,08/06/2026 08:53,08/06/2026 08:59,Science Quad,Gasometer Park,1233,member,1985,0.00
119512,08/06/2026 09:07,08/06/2026 09:19,Botanic Gardens,Science Quad,1264,casual,1989,2.95
119513,08/06/2026 09:45,08/06/2026 09:56,Science Quad,Observatory Hill,1219,member,1993,0.00
119514,08/06/2026 10:54,08/06/2026 11:00,Observatory Hill,Floodgate Road,1268,casual,1968,1.90
119515,08/06/2026 11:34,08/06/2026 11:45,Pier 12,Botanic Gardens,1201,member,1981,0.00
119516,08/06/2026 11:35,08/06/2026 11:43,kayak launch,Kayak Launch,1089,member,1984,0.00
119517,08/06/2026 12:14,08/06/2026 12:04,Kayak Launch,Kayak Launch,1204,casual,1999,4.90
119518,08/06/2026 12:49,08/06/2026 13:10,Old Town Square,Botanic Gardens,1266,casual,1984,4.15
119519,08/06/2026 13:04,08/06/2026 13:08,Dockside Market,Warehouse Row,1037,member,1984,0.00
119520,08/06/2026 14:05,08/06/2026 14:13,Merchant Hall,Merchant Hall,1249,MEMBER,1988,0.00
119521,08/06/2026 14:41,08/06/2026 14:48,Harbor East,Old Town Square,1029,member,1991,0.00
119522,08/06/2026 15:02,08/06/2026 15:23,Seawall Promenade,Seawall Promenade,1121,casual,1985,4.15
119523,08/06/2026 15:21,08/06/2026 15:36,Old Town Square,Old Town Square,1267,Member,1983,0.00
119524,08/06/2026 16:11,08/06/2026 16:19,Old Town Square,Westfield Green,1262,member,1987,0.00
119525,08/06/2026 16:31,08/06/2026 17:05,Old Mill Crossing,Central Station,1195,casual,1997,6.25
119526,08/06/2026 16:31,08/06/2026 16:39,Gasometer Park,Opera House,1118,member,1970,0.00
119527,08/06/2026 17:01,08/06/2026 17:56,Fountain Court, Summit Ridge,1065,casual,1983,9.25
119528,08/06/2026 17:34,08/06/2026 17:55,Northgate Transit Hub,City Hall,1196,MEMBER,1985,0.00
119529,08/06/2026 17:57,08/06/2026 18:10,Central Station,Maple Grove,1348,member,1987,0.00
119530,08/06/2026 18:30,08/06/2026 19:05,Old Town Square,Harbor East,1280,casual,1999,6.40
119531,08/06/2026 19:25,08/06/2026 19:38,Botanic Gardens,Rosemont & 5th,1251,member,1975,0.00
119532,08/06/2026 21:13,08/06/2026 21:25,Central Station,Gasometer Park,1092,member,1993,0.00
119533,09/06/2026 01:14,09/06/2026 01:18,Gasometer Park,Harbor East,1101,member,1988,0.00
119534,09/06/2026 05:08,09/06/2026 05:26,University Gate,Warehouse Row,1307,member,1976,0.00
119535,09/06/2026 06:22,09/06/2026 06:30,Merchant Hall,Merchant Hall,1052,member,1990,0.00
119536,09/06/2026 06:33,09/06/2026 06:48,Gasometer Park,Riverside Walk,1245,casual,1972,3.25
119537,09/06/2026 06:52,09/06/2026 07:00,Steelworks Gate,Gasometer Park,1012,member,1984,0.00
119538,09/06/2026 06:59,09/06/2026 07:24,Central Station,Central Station,1011,casual,1983,4.75
119539,09/06/2026 07:00,09/06/2026 07:23,harbor west,Central Station,1164,member,1986,0.00
119540,09/06/2026 07:05,09/06/2026 07:14,Meridian Tower,Riverside Walk,1093,casual,1976,2.35
119541,09/06/2026 07:07,09/06/2026 07:22,Cedar Park Loop,Heron Park,1284,member,1978,0.00
119542,09/06/2026 07:13,09/06/2026 07:28,Athletics Center,Maple Grove,1024,Casual,1971,3.25
119543,09/06/2026 07:51,09/06/2026 08:26,Old Town Square,Sunset Boulevard,1176,casual,1991,6.25
119544,09/06/2026 08:02,09/06/2026 08:09,Cobbler's Row,Old Town Square,1237,member,1966,0.00
119545,09/06/2026 08:05,09/06/2026 08:16,Pier 12,Fountain Court,1213,member,1986,0.00
119546,09/06/2026 08:40,09/06/2026 08:48,Gasometer Park,Dockside Market,1027,member,1959,0.00
119547,09/06/2026 08:43,09/06/2026 10:15,Cedar Park Loop,Cedar Park Loop,1236,casual,1993,14.80
119548,09/06/2026 09:03,09/06/2026 09:27,Maple Grove,Harbor West,1119,member,1991,0.00
119549,09/06/2026 09:05,09/06/2026 09:09,Old Town Square,Science Quad,1162,member,1994,0.00
119550,09/06/2026 09:15,09/06/2026 09:50,Gasometer Park,maple grove,1176,casual,1996,6.40
119551,09/06/2026 09:18,09/06/2026 09:32,Ferry Meadow,Science Quad,1289,member,2020,0.00
119552,09/06/2026 09:19,09/06/2026 09:32,Student Commons,Library Mall,1201,Casual,1988,2.95
119553,09/06/2026 09:30,09/06/2026 09:52,Athletics Center,Student Commons,1019,casual,1991,4.30
119554,09/06/2026 09:37,09/06/2026 09:43,Aurora & 40th,Gasometer Park,1327,member,1979,0.00
119555,09/06/2026 11:03,09/06/2026 11:08,Steelworks Gate,Athletics Center,1141,member,,0.00
119556,09/06/2026 11:06,09/06/2026 12:04,Harbor East,Northgate Transit Hub,1152,casual,2003,9.85
119557,09/06/2026 11:15,09/06/2026 11:23,Cobbler's Row,Gasometer Park,1310,member,2002,0.00
119558,09/06/2026 11:57,09/06/2026 12:22,Foundry District,Gasometer Park,1231,Casual,1991,4.75
119559,09/06/2026 12:03,09/06/2026 12:12,Warehouse Row,Old Mill Crossing,1256,member,2007,0.00
119560,09/06/2026 12:07,09/06/2026 12:27,Old Town Square,Gasometer Park,1224,casual,1966,4.00
119560,09/06/2026 12:07,09/06/2026 12:27,Old Town Square,Gasometer Park,1224,casual,1966,4.00
119561,09/06/2026 12:17,09/06/2026 12:30,Summit Ridge,Summit Ridge,1293,casual,1985,3.10
119562,09/06/2026 12:26,09/06/2026 12:37,Westfield Green,University Gate,1093,member,1988,0.00
119563,09/06/2026 12:36,09/06/2026 12:44,Meridian Tower,Harbor East,1327,member,1997,0.00
119564,09/06/2026 12:52,09/06/2026 13:06,Summit Ridge,Cedar Park Loop,1302,member,1985,0.00
119565,09/06/2026 12:56,09/06/2026 13:12,Floodgate Road,Northgate Transit Hub,1195,member,1977,0.00
119566,09/06/2026 13:17,09/06/2026 13:24,Athletics Center,Athletics Center,1046,member,1988,0.00
119567,09/06/2026 13:39,09/06/2026 13:47,Campus North,Pier 12,1306,member,1991,0.00
119568,09/06/2026 13:56,09/06/2026 14:30,Ferry Landing,Lighthouse Point,1006,Casual,1998,6.10
119569,09/06/2026 14:50,09/06/2026 14:54,Old Mill Crossing,Botanic Gardens,1051,member,1985,0.00
119570,09/06/2026 16:05,09/06/2026 16:23,Summit Ridge,University Gate,1062,casual,1985,3.85
119571,09/06/2026 16:06,09/06/2026 16:12,Sunset Boulevard,Old Town Square,1221,member,1965,0.00
119572,09/06/2026 16:29,09/06/2026 16:40,Rosemont & 5th,Rosemont & 5th,1047,member,1978,0.00
119573,09/06/2026 16:50,09/06/2026 17:00,Central Station,Marina Green,1142,casual,1979,2.65
119574,09/06/2026 17:13,09/06/2026 17:22,Ferry Meadow,Ferry Meadow,1293,casual,1973,2.35
119575,09/06/2026 17:33,09/06/2026 17:56,Riverside Walk,Exchange Street,1041,casual,1989,4.60
119576,09/06/2026 17:50,09/06/2026 18:04,Guildhall Steps,Dockside Market,1044,member,1969,0.00
119577,09/06/2026 17:54,09/06/2026 18:16,Gasometer Park,Cobbler's Row,1248,MEMBER,1971,0.00
119578,09/06/2026 17:55,09/06/2026 18:02,Grand & 9th,Steelworks Gate,1328,Member,1985,0.00
119579,09/06/2026 17:55,09/06/2026 18:03,Riverside Walk,Cedar Park Loop,1254,member,1985,0.00
119580,09/06/2026 18:13,09/06/2026 18:28,Old Town Square,Clocktower Plaza,1141,member,1990,0.00
119581,09/06/2026 18:18,09/06/2026 19:12,Old Town Square,Aurora & 22nd,1141,casual,1986,9.10
119582,09/06/2026 18:19,09/06/2026 18:24,Opera House,Ferry Landing,1147,member,1989,0.00
119583,09/06/2026 18:30,09/06/2026 19:03,Birchwood Terrace,Northgate Transit Hub,1261,Member,1989,0.00
119584,09/06/2026 18:41,09/06/2026 18:46,Pier 12,Summit Ridge,1004,member,1993,0.00
119585,09/06/2026 18:41,09/06/2026 19:01,City Hall,Summit Ridge,1340,member,2004,0.00
119586,09/06/2026 18:45,09/06/2026 18:52,Pier 12,Old Mill Crossing ,1297,member,1967,0.00
119587,09/06/2026 19:19,09/06/2026 19:29,University Gate,Gasometer Park,1252,member,1992,0.00
119588,09/06/2026 19:27,09/06/2026 19:34,Grand & 9th,Steelworks Gate,1317,member,1967,0.00
119588,09/06/2026 19:27,09/06/2026 19:34,Grand & 9th,Steelworks Gate,1317,member,1967,0.00
119589,09/06/2026 19:45,09/06/2026 19:59,Northgate Mall,Northgate Mall,1240,member,1975,0.00
119590,09/06/2026 20:06,09/06/2026 20:29,Pier 12,Gasometer Park,1206,member,1980,0.00
119591,09/06/2026 20:21,09/06/2026 20:28,Weaver Street,Weaver Street,1158,member,1999,0.00
119592,09/06/2026 20:28,09/06/2026 20:49,Cedar Park Loop,Cedar Park Loop,1264,member,1974,0.00
119593,09/06/2026 20:37,09/06/2026 20:47,Old Town Square,Cobbler's Row,1150,casual,1976,2.50
119594,09/06/2026 20:41,09/06/2026 20:51,Central Station,Riverside Walk,1025,member,1999,0.00
119595,09/06/2026 21:02,09/06/2026 21:11,Summit Ridge,Steelworks Gate,1268,Member,1988,0.00
119596,09/06/2026 23:45,10/06/2026 00:21,Westfield Green,Grand & 3rd,1011,casual,1988,6.40
119597,09/06/2026 23:57,10/06/2026 00:10,Gasometer Park,Gasometer Park,1092,casual,1973,3.10
119598,10/06/2026 02:21,10/06/2026 02:27,Dockside Market,Summit Ridge,1024,member,1998,0.00
119599,10/06/2026 06:00,10/06/2026 06:08,Old Town Square,Old Town Square,1262,casual,1979,2.20
119600,10/06/2026 06:43,10/06/2026 06:54,Botanic Gardens,Botanic Gardens,1229,member,1967,0.00
119601,10/06/2026 07:00,10/06/2026 07:12,Cedar Park Loop,Old Town Square,1347,casual,1962,2.95
119602,10/06/2026 07:17,10/06/2026 07:38,University Gate,Central Station,1194,casual,1963,4.30
119603,10/06/2026 07:44,10/06/2026 08:12,Merchant Hall,Observatory Hill,1336,casual,1964,5.20
119604,10/06/2026 07:59,10/06/2026 08:29,Riverside Walk,Harbor East,1222,member,2004,0.00
119605,10/06/2026 08:18,10/06/2026 08:31,Gasometer Park,Gasometer Park,1193,member,1981,0.00
119606,10/06/2026 08:23,10/06/2026 08:32,Northgate Transit Hub,Student Commons,1131,member,,0.00
119607,10/06/2026 08:24,10/06/2026 08:34,Riverside Walk,City Hall,1182,casual,1990,2.50
119608,10/06/2026 08:26,10/06/2026 08:41,Old Town Square,Old Town Square,1031,member,1984,0.00
119609,10/06/2026 08:42,10/06/2026 08:53,Old Town Square,Union Plaza,1012,member,2000,0.00
119610,10/06/2026 08:53,10/06/2026 09:01,University Gate,Willow Bend,1120,member,,0.00
119611,10/06/2026 08:55,10/06/2026 09:19,Kayak Launch,Old Town Square,1350,casual,1972,4.60
119612,10/06/2026 08:59,10/06/2026 10:00,Old Town Square,Riverside Walk,1297,casual,1982,10.30
119613,10/06/2026 09:13,10/06/2026 09:22,Cedar Park Loop,Old Town Square,1197,member,1983,0.00
119614,10/06/2026 09:24,10/06/2026 09:43,Botanic Gardens,Botanic Gardens,1085,member,1964,0.00
119615,10/06/2026 09:26,10/06/2026 09:38,Student Commons,Athletics Center,1245,casual,1998,2.80
119616,10/06/2026 09:39,10/06/2026 10:19,Riverside Walk,Riverside Walk,1256,casual,1996,7.00
119617,10/06/2026 10:05,10/06/2026 10:23,Maple Grove,Summit Ridge ,1190,casual,1980,3.70
119618,10/06/2026 10:11,10/06/2026 10:24,King's Cross Lane,Warehouse Row,1272,Member,2001,0.00
119619,10/06/2026 10:22,10/06/2026 10:31,City Hall,Union Plaza,1005,member,1995,0.00
119620,10/06/2026 10:42,10/06/2026 10:56,Northgate Mall,Steelworks Gate,1279,casual,1986,3.10
119621,10/06/2026 11:19,10/06/2026 11:41,Observatory Hill,Ferry Landing,1230,member,2000,0.00
119622,10/06/2026 12:31,10/06/2026 12:42,Weaver Street,Steelworks Gate,1052,member,1980,0.00
119623,10/06/2026 12:37,10/06/2026 12:56,FLOODGATE ROAD,kayak launch,1009,casual,1974,3.85
119624,10/06/2026 12:40,10/06/2026 12:45,Cedar Park Loop,Riverside Walk,1278,MEMBER,1993,0.00
119625,10/06/2026 12:46,10/06/2026 12:56,Gasometer Park,Clocktower Plaza,1095,member,1973,0.00
119626,10/06/2026 12:56,10/06/2026 13:47,Central Station,Central Station,1072,casual,1985,8.80
119627,10/06/2026 13:38,10/06/2026 13:52,Northgate Transit Hub,King's Cross Lane,1040,member,1987,0.00
119628,10/06/2026 14:21,10/06/2026 14:57,Westfield Green,Maple Grove,1324,casual,1970,6.55
119629,10/06/2026 14:22,10/06/2026 14:28,Gasometer Park,Gasometer Park,1233,member,1976,0.00
119630,10/06/2026 14:28,10/06/2026 14:31,Steelworks Gate,Steelworks Gate,1206,member,1989,0.00
119631,10/06/2026 14:34,10/06/2026 14:46,Central Station,Library Mall,1272,member,1991,0.00
119632,10/06/2026 14:35,10/06/2026 16:15,Student Commons,Central Station,1314,casual,1981,16.15
119633,10/06/2026 14:50,10/06/2026 15:03,Athletics Center,Marina Green,1184,casual,2002,2.95
119634,10/06/2026 15:04,10/06/2026 15:14,Harbor East,Seawall Promenade,1192,Member,1986,0.00
119635,10/06/2026 15:05,10/06/2026 15:07,City Hall,City Hall,1119,member,1970,0.00
119636,10/06/2026 15:22,10/06/2026 15:30,Warehouse Row,Maple Grove,1215,member,1996,0.00
119637,10/06/2026 15:23,10/06/2026 15:28,Dockside Market,Dockside Market,1329,member,1977,0.00
119638,10/06/2026 15:26,10/06/2026 15:38,Aurora & 22nd,Old Town Square,1273,member,1956,0.00
119639,10/06/2026 15:31,10/06/2026 15:38,Fountain Court,Student Commons,1206,member,1989,0.00
119640,10/06/2026 15:55,10/06/2026 16:03,Aurora & 22nd,Central Station,1222,member,1992,0.00
119641,10/06/2026 16:03,10/06/2026 16:16,Old Town Square,gasometer park,1225,casual,1992,29.50
119642,10/06/2026 16:05,10/06/2026 16:14,Science Quad ,Gasometer Park,1125,member,1994,0.00
119643,10/06/2026 16:11,10/06/2026 16:35,Ferry Landing,Central Station,1345,member,1994,0.00
119644,10/06/2026 16:20,10/06/2026 16:27,Athletics Center,Athletics Center,1272,member,1979,0.00
119645,10/06/2026 16:25,10/06/2026 16:37,Riverside Walk,Student Commons,1186,member,1993,0.00
119646,10/06/2026 16:36,10/06/2026 16:43,Gasometer Park,Orchard Lane,1044,member,1983,0.00
119647,10/06/2026 17:03,10/06/2026 17:38,Steelworks Gate,Steelworks Gate,1051,casual,1988,6.25
119648,10/06/2026 17:12,10/06/2026 17:19,Merchant Hall,Aurora & 40th,1320,member,1986,0.00
119649,10/06/2026 17:21,10/06/2026 17:27,Athletics Center,Campus North,1011,member,1985,0.00
119650,10/06/2026 17:23,10/06/2026 17:34,Harbor West,Kayak Launch,1152,member,,0.00
119651,10/06/2026 17:41,10/06/2026 17:47,Cobbler's Row,Cobbler's Row,1157,member,1989,0.00
119652,10/06/2026 17:49,10/06/2026 17:54,Harbor East,Student Commons,1085,member,1971,0.00
119653,10/06/2026 17:55,10/06/2026 18:07,Grand & 9th,Gasometer Park,1296,member,1979,0.00
119654,10/06/2026 18:06,10/06/2026 18:15,Old Town Square,Seawall Promenade,1044,Member,1970,0.00
119655,10/06/2026 18:17,10/06/2026 18:32,Riverside Walk,Old Town Square,1146,member,1980,0.00
119656,10/06/2026 18:33,10/06/2026 18:40,Student Commons,Pier 12,1185,member,,0.00
119657,10/06/2026 18:44,10/06/2026 18:58,Central Station,Student Commons,1080,member,1995,0.00
119658,10/06/2026 19:03,10/06/2026 19:15,Steelworks Gate,Harbor East,1137,member,2002,0.00
119659,10/06/2026 19:04,10/06/2026 19:16,Northgate Mall ,Riverside Walk,1063,member,,0.00
119660,10/06/2026 19:11,10/06/2026 19:47,Steelworks Gate,Science Quad,1266,Casual,1983,6.40
119661,10/06/2026 19:26,10/06/2026 19:29,Old Mill Crossing,Old Town Square,1133,Member,1985,0.00
119662,10/06/2026 19:38,10/06/2026 19:46,Harbor East,Riverside Walk,1258,member,1977,0.00
119663,10/06/2026 19:38,10/06/2026 19:56,Central Station,Athletics Center,1010,member,1983,0.00
119664,10/06/2026 19:49,10/06/2026 19:55,University Gate,City Hall,1192,member,1993,0.00
119665,10/06/2026 20:07,10/06/2026 20:22,Observatory Hill,birchwood terrace,1032,member,2003,0.00
119666,10/06/2026 21:11,10/06/2026 21:19,Pier 12,Guildhall Steps,1120,Member,1965,0.00
119667,10/06/2026 21:15,10/06/2026 21:47,Cobbler's Row,Old Mill Crossing,1290,member,2001,0.00
119668,10/06/2026 21:36,10/06/2026 21:52,Kayak Launch,Kayak Launch,1199,casual,,3.40
119669,10/06/2026 22:26,10/06/2026 22:31,Westfield Green,Science Quad,1135,member,1970,0.00
119670,10/06/2026 22:32,10/06/2026 22:43,Pier 12,Aurora & 22nd,1206,member,1995,0.00
119671,10/06/2026 22:54,10/06/2026 23:01,Old Town Square,Old Town Square,1030,member,1974,0.00
119672,10/06/2026 23:23,10/06/2026 23:30,Kayak Launch,Steelworks Gate,1249,member,2004,0.00
119673,11/06/2026 05:56,11/06/2026 06:17,Harbor West,Kayak Launch,1336,member,1986,0.00
119674,11/06/2026 06:43,11/06/2026 06:55,Grand & 3rd,Grand & 3rd,1074,Member,1977,0.00
119675,11/06/2026 06:47,11/06/2026 06:55,Warehouse Row,Gasometer Park,1291,member,1992,0.00
119676,11/06/2026 07:07,11/06/2026 07:21,Fountain Court,Merchant Hall,1240,member,1992,0.00
119677,11/06/2026 07:07,11/06/2026 07:57,Lighthouse Point,Pier 12,1073,casual,1973,8.65
119678,11/06/2026 07:32,11/06/2026 07:45,Gasometer Park,Kayak Launch,1315,member,1991,0.00
119679,11/06/2026 07:33,11/06/2026 07:36,Central Station,Athletics Center,1150,MEMBER,1977,0.00
119680,11/06/2026 07:43,11/06/2026 08:30,University Gate,Gasometer Park,1028,Casual,1975,8.05
119681,11/06/2026 07:45,11/06/2026 07:58,Poplar Circle,Poplar Circle,1174,Casual,1975,2.95
119682,11/06/2026 08:02,11/06/2026 08:09,Old Mill Crossing,Old Mill Crossing,1204,casual,1999,2.05
119683,11/06/2026 08:13,11/06/2026 08:25,Northgate Mall,Northgate Mall,1024,member,1992,0.00
119684,11/06/2026 08:16,11/06/2026 08:36,Pier 12,Harbor East,1331,casual,1983,4.15
119685,11/06/2026 09:47,11/06/2026 09:54,Central Station ,Dockside Market,1213,member,1999,0.00
119686,11/06/2026 10:15,11/06/2026 11:25,Old Town Square,Athletics Center,1096,casual,1963,11.50
119687,11/06/2026 10:31,11/06/2026 11:01,Orchard Lane,Orchard Lane,1192,casual,1994,5.50
119688,11/06/2026 11:13,11/06/2026 11:20,Ferry Meadow,University Gate,1268,member,1962,0.00
119689,11/06/2026 12:57,11/06/2026 13:26,Old Town Square,Old Town Square,1087,member,1976,0.00
119690,11/06/2026 13:14,11/06/2026 13:42,Northgate Mall,Northgate Mall,1279,casual,1999,5.20
119691,11/06/2026 13:29,11/06/2026 13:36,Marina Green,Science Quad,1297,member,1993,0.00
119692,11/06/2026 13:30,11/06/2026 13:37,Meridian Tower,Opera House,1120,member,1982,0.00
119693,11/06/2026 13:33,11/06/2026 13:45,Old Town Square,Gasometer Park,1207,casual,1974,2.80
119694,11/06/2026 13:44,11/06/2026 14:26,Harbor East ,Steelworks Gate,1244,casual,1986,7.45
119695,11/06/2026 14:28,11/06/2026 14:48,Warehouse Row,Warehouse Row,1280,member,1981,0.00
119696,11/06/2026 14:30,11/06/2026 14:38,Orchard Lane,Guildhall Steps,1285,MEMBER,1960,0.00
119697,11/06/2026 14:34,11/06/2026 14:42,Pier 12,OLD TOWN SQUARE,1072,member,1987,0.00
119698,11/06/2026 14:37,11/06/2026 14:50,Northgate Transit Hub,Northgate Transit Hub,1046,member,1992,0.00
119699,11/06/2026 14:42,11/06/2026 14:54,Warehouse Row,Gasometer Park,1316,Casual,1993,2.80
119700,11/06/2026 15:07,11/06/2026 15:21,Tannery Yard,Tannery Yard,1208,Member,1980,0.00
119701,11/06/2026 15:14,11/06/2026 15:21,City Hall,Old Town Square,1211,member,1978,0.00
119702,11/06/2026 15:34,11/06/2026 15:45,Cobbler's Row,Warehouse Row,1297,Member,1975,0.00
119703,11/06/2026 15:39,11/06/2026 15:44,Old Town Square,Poplar Circle,1206,Member,1988,0.00
119704,11/06/2026 15:56,11/06/2026 16:07,Maple Grove,Grand & 9th,1209,member,1994,0.00
119705,11/06/2026 16:00,11/06/2026 16:11,Harbor West ,Hillcrest Point,1013,Member,1992,0.00
119706,11/06/2026 16:05,11/06/2026 16:19,Riverside Walk,University Gate ,1089,member,1999,0.00
119707,11/06/2026 16:10,11/06/2026 16:36,Northgate Transit Hub,Northgate Transit Hub,1254,casual,1983,5.05
119708,11/06/2026 16:22,11/06/2026 16:28,pier 12,Pier 12,1312,member,1988,0.00
119709,11/06/2026 16:32,11/06/2026 16:55,Pier 12,Harbor West,1227,member,1991,0.00
119710,11/06/2026 16:41,11/06/2026 18:15,Campus North,Student Commons,1151,casual,1966,15.10
119711,11/06/2026 16:57,11/06/2026 17:10,Botanic Gardens,Botanic Gardens,1073,member,2000,0.00
119712,11/06/2026 17:10,11/06/2026 17:20,Old Town Square,Harbor East,1082,member,1969,0.00
119713,11/06/2026 17:16,11/06/2026 17:23,Sunset Boulevard,Opera House,1348,member,1986,0.00
119714,11/06/2026 17:17,11/06/2026 17:29,Clocktower Plaza,Kayak Launch,1120,Member,1975,0.00
119715,11/06/2026 17:19,11/06/2026 17:27,Ferry Landing,Warehouse Row,1099,member,1989,0.00
119716,11/06/2026 17:21,11/06/2026 17:48, Sunset Boulevard,Marina Green,1194,casual,1985,5.20
119717,11/06/2026 17:23,11/06/2026 17:34,Science Quad,Science Quad,1325,member,1987,0.00
119718,11/06/2026 17:24,11/06/2026 17:54,Old Town Square,Old Town Square,1208,member,1991,0.00
119719,11/06/2026 17:45,11/06/2026 17:53,Dockside Market,Dockside Market,1101,member,1982,0.00
119720,11/06/2026 17:47,11/06/2026 18:17,Kayak Launch,University Gate,1031,casual,1978,5.50
119721,11/06/2026 17:52,11/06/2026 18:10,Summit Ridge,Summit Ridge,1265,casual,2002,3.70
119722,11/06/2026 17:52,11/06/2026 18:10,Ferry Meadow,Ferry Meadow,1303,member,1957,0.00
119723,11/06/2026 18:10,11/06/2026 19:12,Steelworks Gate,Pier 12,1132,casual,1990,10.45
119724,11/06/2026 18:11,11/06/2026 18:22,Old Town Square,Riverside Walk,1274,Member,1977,0.00
119725,11/06/2026 18:19,11/06/2026 18:28,Old Town Square,Dockside Market,1197,member,1978,0.00
119726,11/06/2026 18:22,11/06/2026 18:49,Observatory Hill,Kayak Launch,1011,member,1979,0.00
119727,11/06/2026 18:22,11/06/2026 18:52,Cobbler's Row,Lighthouse Point,1070,member,1999,0.00
119728,11/06/2026 18:39,11/06/2026 19:15,Pier 12,Westfield Green,1206,Member,1989,0.00
119729,11/06/2026 18:44,11/06/2026 19:10,City Hall,City Hall,1163,casual,1981,4.90
119729,11/06/2026 18:44,11/06/2026 19:10,City Hall,City Hall,1163,casual,1981,4.90
119730,11/06/2026 19:14,11/06/2026 19:34,Merchant Hall,Old Town Square,1274,member,1982,0.00
119731,11/06/2026 19:36,11/06/2026 19:48,Gasometer Park,Gasometer Park,1252,Casual,1970,2.80
119732,11/06/2026 20:07,11/06/2026 20:34,Pier 12,Old Town Square,1034,member,1991,0.00
119733,11/06/2026 20:26,11/06/2026 20:47,Exchange Street,Harbor East,1065,casual,1991,4.30
119734,11/06/2026 20:52,11/06/2026 21:06,Pier 12,Pier 12,1020,member,1975,0.00
119735,11/06/2026 21:10,11/06/2026 21:17,Old Mill Crossing,Old Town Square,1137,member,1987,0.00
119736,12/06/2026 00:16,12/06/2026 00:25,Gasometer Park,Gasometer Park,1132,member,1992,0.00
119737,12/06/2026 06:31,12/06/2026 06:49,Gasometer Park,Gasometer Park,1044,Casual,1988,3.85
119738,12/06/2026 07:08,12/06/2026 07:17,Botanic Gardens,Botanic Gardens,1027,member,1986,0.00
119739,12/06/2026 07:32,12/06/2026 07:55,Weaver Street,Cobbler's Row,1166,Member,1988,0.00
119740,12/06/2026 07:44,12/06/2026 08:15,Riverside Walk,Old Town Square,1142,casual,1966,5.80
119741,12/06/2026 07:58,12/06/2026 08:14,Dockside Market,King's Cross Lane,1003,casual,1974,3.40
119742,12/06/2026 08:06,12/06/2026 08:15,Harbor East,Birchwood Terrace,1269,member,1973,0.00
119743,12/06/2026 08:30,12/06/2026 08:47,Seawall Promenade,Botanic Gardens ,1202,casual,1962,3.55
119743,12/06/2026 08:30,12/06/2026 08:47,Seawall Promenade,Botanic Gardens ,1202,casual,1962,3.55
119744,12/06/2026 08:39,12/06/2026 09:27,Pier 12,Northgate Transit Hub,1120,Casual,1976,8.35
119745,12/06/2026 08:43,12/06/2026 08:54,Cobbler's Row,Gasometer Park,1031,member,1973,0.00
119746,12/06/2026 08:44,12/06/2026 08:52,Harbor East,Kayak Launch,1142,member,1973,0.00
119747,12/06/2026 08:58,12/06/2026 09:06,Old Town Square,Science Quad,1062,member,1995,0.00
119748,12/06/2026 08:59,12/06/2026 10:35,Riverside Walk,Riverside Walk,1252,casual,1988,15.55
119749,12/06/2026 09:10,12/06/2026 09:25,Botanic Gardens,Botanic Gardens,1216,member,1978,0.00
119750,12/06/2026 09:19,12/06/2026 10:13,Gasometer Park,Gasometer Park,1290,Casual,1969,9.10
119751,12/06/2026 09:40,12/06/2026 09:58,Cedar Park Loop,Old Town Square,1101,member,1992,0.00
119752,12/06/2026 09:54,12/06/2026 10:10,Old Town Square,Old Town Square,1206,member,1997,0.00
119753,12/06/2026 10:14,12/06/2026 10:24,Athletics Center,Athletics Center,1268,member,1984,0.00
119754,12/06/2026 10:20,12/06/2026 10:33,Hillcrest Point,Warehouse Row,1290,member,1975,0.00
119755,12/06/2026 10:51,12/06/2026 11:04,Sunset Boulevard,Aurora & 22nd,1228,Member,1980,0.00
119756,12/06/2026 11:23,12/06/2026 11:34,Northgate Mall,Cobbler's Row,1337,member,1996,0.00
119757,12/06/2026 12:21,12/06/2026 12:26,Harbor East,Weaver Street,1206,Member,1965,0.00
119758,12/06/2026 12:29,12/06/2026 12:39,Cobbler's Row,Cobbler's Row,1193,member,1998,0.00
119759,12/06/2026 13:25,12/06/2026 13:39,Tannery Yard,Tannery Yard,1210,casual,2002,3.25
119760,12/06/2026 14:06,12/06/2026 14:19,Athletics Center,Kayak Launch,1207,member,1986,0.00
119761,12/06/2026 15:32,12/06/2026 15:45,City Hall,Pier 12,1288,member,1972,0.00
119762,12/06/2026 16:04,12/06/2026 16:13,Harbor East,Summit Ridge,1110,member,1995,0.00
119763,12/06/2026 16:25,12/06/2026 16:34,Maple Grove,University Gate,1174,member,1975,0.00
119764,12/06/2026 16:30,12/06/2026 16:40,Gasometer Park,Northgate Mall,1325,member,1976,0.00
119765,12/06/2026 16:30,12/06/2026 16:40,University Gate,Central Station,1173,member,1990,0.00
119766,12/06/2026 16:31,12/06/2026 16:45,Ferry Landing,Central Station,1276,casual,1984,3.25
119767,12/06/2026 16:49,12/06/2026 17:17,Guildhall Steps,Grand & 3rd,1093,member,1991,0.00
119768,12/06/2026 17:04,12/06/2026 17:41,Kayak Launch,Cedar Park Loop,1096,casual,1995,6.70
119769,12/06/2026 17:04,12/06/2026 18:28,Sunset Boulevard,Sunset Boulevard,1025,casual,1959,13.75
119770,12/06/2026 17:08,12/06/2026 18:00,Fountain Court,Warehouse Row,1195,casual,1988,8.95
119771,12/06/2026 17:12,12/06/2026 17:43,University Gate,Summit Ridge,1233,casual,1984,5.80
119772,12/06/2026 17:17,12/06/2026 17:26,City Hall,City Hall,1240,member,,0.00
119773,12/06/2026 17:37,12/06/2026 17:54,Athletics Center,Grand & 3rd,1320,member,1989,0.00
119774,12/06/2026 17:54,12/06/2026 18:05,Old Town Square,Old Town Square,1137,MEMBER,1976,0.00
119775,12/06/2026 18:02,12/06/2026 18:09,Old Town Square,Dockside Market,1059,Member,1984,0.00
119776,12/06/2026 18:10,12/06/2026 18:22,Gasometer Park,Gasometer Park,1284,member,1971,0.00
119777,12/06/2026 18:15,12/06/2026 18:31,Summit Ridge,Old Town Square,1272,member,1993,0.00
119778,12/06/2026 18:22,12/06/2026 18:40,Poplar Circle,Campus North,1119,member,1966,0.00
119779,12/06/2026 18:25,12/06/2026 18:36,Student Commons,Lighthouse Point,1154,member,1990,0.00
119780,12/06/2026 18:30,12/06/2026 19:17,Weaver Street,Athletics Center,1289,Casual,1990,8.05
119781,12/06/2026 18:57,12/06/2026 19:12,Student Commons,Summit Ridge,1152,member,1959,0.00
119782,12/06/2026 19:03,12/06/2026 19:16,Kayak Launch,Kayak Launch,1221,member,1968,0.00
119783,12/06/2026 19:17,12/06/2026 19:36,Pier 12,Athletics Center,1208,casual,1983,4.00
119784,12/06/2026 20:13,12/06/2026 20:34,Athletics Center,Student Commons,1028,casual,1900,4.15
119785,12/06/2026 20:21,12/06/2026 20:27,Gasometer Park,City Hall,1208,member,1980,0.00
119786,12/06/2026 21:46,12/06/2026 21:56,Central Station,University Gate,1057,member,1979,0.00
119787,12/06/2026 22:26,12/06/2026 22:35,Botanic Gardens,Steelworks Gate,1311,member,1995,0.00
119788,12/06/2026 23:06,12/06/2026 23:51,Summit Ridge,Summit Ridge,1185,member,1994,0.10
119789,12/06/2026 23:47,12/06/2026 23:52,Sunset Boulevard,Sunset Boulevard,1061,member,1993,0.00
119790,13/06/2026 03:22,13/06/2026 03:36,Old Town Square,Summit Ridge,1026,casual,1967,3.10
119791,13/06/2026 05:12,13/06/2026 05:50,Northgate Mall ,Gasometer Park,1158,casual,2002,6.85
119792,13/06/2026 07:53,13/06/2026 08:10,Central Station,Pier 12,1152,casual,1985,3.70
119793,13/06/2026 08:09,13/06/2026 08:24,Old Town Square,sunset boulevard,1216,casual,1988,3.40
119794,13/06/2026 08:11,13/06/2026 08:23,Summit Ridge,Union Plaza,1057,casual,1988,2.80
119795,13/06/2026 08:19,13/06/2026 08:29,Athletics Center,Kayak Launch,1268,casual,1971,2.50
119796,13/06/2026 08:23,13/06/2026 09:42,Seawall Promenade,Tramline Depot,1169,casual,1979,13.00
119797,13/06/2026 08:26,13/06/2026 08:35,Seawall Promenade,Kayak Launch,1233,member,1969,0.00
119798,13/06/2026 08:33,13/06/2026 09:05,Old Town Square,Old Town Square,1015,casual,1964,5.95
119799,13/06/2026 08:58,13/06/2026 09:17,University Gate,Old Mill Crossing,1044,casual,1979,4.00
119800,13/06/2026 09:01,13/06/2026 09:09,Dockside Market,Dockside Market,1162,member,1990,0.00
119800,13/06/2026 09:01,13/06/2026 09:09,Dockside Market,Dockside Market,1162,member,1990,0.00
119801,13/06/2026 09:03,13/06/2026 10:03,Northgate Transit Hub,Harbor East,1109,casual,1985,10.00
119802,13/06/2026 09:20,13/06/2026 09:25,Old Town Square,Westfield Green,1087,member,1989,0.00
119803,13/06/2026 09:34,13/06/2026 09:54,Athletics Center,Student Commons,1077,Member,1900,0.00
119804,13/06/2026 09:35,13/06/2026 10:01,Old Town Square,Athletics Center,1152,casual,2000,5.05
119805,13/06/2026 10:19,13/06/2026 10:27,City Hall,Steelworks Gate,1317,member,1984,0.00
119806,13/06/2026 10:19,13/06/2026 08:53,Opera House,Cedar Park Loop,1271,casual,1972,2.35
119807,13/06/2026 10:28,13/06/2026 11:42,Old Town Square,Merchant Hall,1236,casual,1975,12.25
119808,13/06/2026 10:33,13/06/2026 10:38,Athletics Center,King's Cross Lane,1322,Member,1989,0.00
119809,13/06/2026 10:39,13/06/2026 10:55,Kayak Launch,Seawall Promenade,1213,member,2000,0.00
119810,13/06/2026 10:39,13/06/2026 10:59,Pier 12,Science Quad,1268,casual,1984,4.15
119811,13/06/2026 11:00,13/06/2026 11:23,Athletics Center ,Old Town Square,1027,casual,1987,4.60
119812,13/06/2026 11:04,13/06/2026 11:09,Observatory Hill,Cedar Park Loop,1041,member,1968,0.00
119813,13/06/2026 11:11,13/06/2026 11:28,Ferry Landing,Cedar Park Loop,1149,Casual,,3.70
119814,13/06/2026 11:11,13/06/2026 12:13,Guildhall Steps,Kayak Launch,1202,casual,1962,10.30
119815,13/06/2026 11:28,13/06/2026 11:49,Northgate Mall,University Gate,1273,casual,1997,4.30
119816,13/06/2026 11:35,13/06/2026 11:55,Ferry Landing,Gasometer Park,1171,casual,1989,4.00
119817,13/06/2026 11:47,13/06/2026 12:31,Warehouse Row,Old Town Square,1257,casual,2003,7.60
119818,13/06/2026 11:48,13/06/2026 12:11,Athletics Center,Harbor East,1307,casual,1982,4.45
119819,13/06/2026 11:51,13/06/2026 11:55,Old Mill Crossing,Exchange Street,1280,member,1974,0.00
119820,13/06/2026 12:01,13/06/2026 12:18,Old Town Square,Orchard Lane,1086,member,1995,0.00
119821,13/06/2026 12:01,13/06/2026 12:13,Aurora & 22nd,Exchange Street,1010,casual,2000,2.80
119822,13/06/2026 12:08,13/06/2026 12:15,Gasometer Park,Aurora & 40th,1341,Casual,1994,2.05
119823,13/06/2026 12:14,13/06/2026 12:39,central station,Cobbler's Row,1133,member,1986,0.00
119824,13/06/2026 12:21,13/06/2026 12:39,Riverside Walk,Old Town Square,1276,casual,1996,3.70
119825,13/06/2026 12:24,13/06/2026 12:37,Harbor East,Observatory Hill,1186,member,1988,0.00
119826,13/06/2026 12:28,13/06/2026 12:40,Kayak Launch,Kayak Launch,1136,casual,1963,2.80
119827,13/06/2026 12:30,13/06/2026 12:50,Fountain Court,Pier 12,1247,casual,1978,4.15
119828,13/06/2026 12:46,13/06/2026 12:59,Northgate Mall,Cedar Park Loop,1197,Member,,0.00
119829,13/06/2026 12:47,13/06/2026 13:23,Warehouse Row,Aurora & 22nd,1348,casual,1971,6.40
119830,13/06/2026 13:04,13/06/2026 13:16,University Gate,Old Town Square,1139,casual,1988,2.95
119831,13/06/2026 13:04,13/06/2026 13:26,Observatory Hill,Harbor East,1305,Casual,1992,4.30
119832,13/06/2026 13:05,13/06/2026 13:19,Fountain Court,Fountain Court,1208,member,1982,0.00
119833,13/06/2026 13:06,13/06/2026 13:45,City Hall,Cobbler's Row,1327,casual,,7.00
119834,13/06/2026 13:15,13/06/2026 13:26,Aurora & 40th,Science Quad,1268,casual,2004,2.80
119835,13/06/2026 13:38,13/06/2026 13:43,Weaver Street,Weaver Street,1019,member,1989,0.00
119836,13/06/2026 13:42,13/06/2026 13:50,Student Commons,Old Town Square,1124,Member,1995,0.00
119837,13/06/2026 13:44,13/06/2026 14:22,Kayak Launch,Harbor East,1170,casual,1969,6.70
119838,13/06/2026 13:52,13/06/2026 14:06,Dockside Market,Guildhall Steps,1315,Casual,1986,3.10
119839,13/06/2026 14:16,13/06/2026 14:20,City Hall,City Hall,1171,member,1997,0.00
119840,13/06/2026 14:30,13/06/2026 14:56,Campus North,Campus North,1297,casual,1994,5.05
119841,13/06/2026 14:36,13/06/2026 14:57,Lighthouse Point,Lighthouse Point,1266,casual,1969,4.15
119842,13/06/2026 14:41,13/06/2026 15:12,Lighthouse Point,Gasometer Park,1350,Casual,1996,5.65
119843,13/06/2026 14:51,13/06/2026 15:10,Summit Ridge,Athletics Center,1312,Casual,1994,3.85
119844,13/06/2026 15:11,13/06/2026 15:24,University Gate,Exchange Street,1089,member,1987,0.00
119845,13/06/2026 15:29,13/06/2026 15:39,Summit Ridge,Central Station,1335,member,1986,0.00
119846,13/06/2026 15:41,13/06/2026 15:57,Sunset Boulevard,Old Town Square,1204,casual,1998,3.40
119847,13/06/2026 16:03,13/06/2026 16:09,Aurora & 40th,University Gate,1211,Member,1992,0.00
119848,13/06/2026 16:21,13/06/2026 16:43,Maple Grove,Botanic Gardens,1192,casual,1986,4.45
119849,13/06/2026 16:24,13/06/2026 16:40,Lighthouse Point,Lighthouse Point,1082,casual,,3.40
119850,13/06/2026 16:42,13/06/2026 16:55,Athletics Center,Central Station,1135,MEMBER,,0.00
119851,13/06/2026 16:54,13/06/2026 17:42,Summit Ridge,Summit Ridge,1242,casual,1995,8.20
119852,13/06/2026 17:07,13/06/2026 17:19,Maple Grove,Old Town Square,1209,member,2020,0.00
119853,13/06/2026 17:14,13/06/2026 17:20,Cedar Park Loop,Old Town Square,1059,member,1963,0.00
119853,13/06/2026 17:14,13/06/2026 17:20,Cedar Park Loop,Old Town Square,1059,member,1963,0.00
119854,13/06/2026 17:20,13/06/2026 17:29,Gasometer Park,Gasometer Park,1161,Casual,1996,2.35
119855,13/06/2026 17:33,13/06/2026 17:38,Old Town Square,Dockside Market,1164,member,1995,0.00
119856,13/06/2026 17:55,13/06/2026 18:28,Opera House,Opera House,1120,member,1997,0.00
119857,13/06/2026 18:15,13/06/2026 18:34,Northgate Transit Hub,Observatory Hill,1205,member,1987,0.00
119858,13/06/2026 19:08,13/06/2026 20:06,City Hall,City Hall,1201,casual,1997,9.70
119859,13/06/2026 19:09,13/06/2026 19:22,Gasometer Park,Old Town Square,1130,casual,1978,2.95
119860,13/06/2026 19:52,13/06/2026 20:05,Old Town Square,Kayak Launch,1060,member,1974,0.00
119861,13/06/2026 20:06,13/06/2026 20:15,Northgate Transit Hub,Opera House,1293,member,2004,0.00
119862,13/06/2026 20:26,13/06/2026 20:45,Gasometer Park,Pier 12,1172,Casual,1974,3.85
119863,13/06/2026 21:17,13/06/2026 21:31,Old Mill Crossing,Dockside Market,1199,Casual,1992,3.25
119864,13/06/2026 21:42,13/06/2026 22:01,Maple Grove,University Gate,1038,Member,1971,0.00
119865,13/06/2026 23:12,13/06/2026 23:28,Student Commons,Tramline Depot,1162,member,2002,0.00
119866,14/06/2026 06:56,14/06/2026 07:02,University Gate,Tramline Depot,1253,member,1976,0.00
119867,14/06/2026 07:21,14/06/2026 07:43,Gasometer Park,Summit Ridge,1281,casual,1900,4.45
119868,14/06/2026 08:52,14/06/2026 09:00,Aurora & 40th,Aurora & 40th,1268,casual,1963,2.20
119869,14/06/2026 09:22,14/06/2026 09:38,Kayak Launch,Northgate Mall,1254,member,1966,0.00
119870,14/06/2026 09:36,14/06/2026 10:23,Athletics Center,Old Mill Crossing,1311,casual,1984,8.05
119871,14/06/2026 09:55,14/06/2026 10:04,old town square,Pier 12,1222,casual,1976,2.35
119872,14/06/2026 10:36,14/06/2026 11:01,Gasometer Park,Athletics Center,1082,casual,1975,4.90
119873,14/06/2026 10:52,14/06/2026 11:02,Harbor East,Exchange Street,1217,member,1978,0.00
119874,14/06/2026 10:56,14/06/2026 11:23,northgate transit hub,Northgate Transit Hub,1347,member,1995,0.00
119875,14/06/2026 11:21,14/06/2026 11:51,Aurora & 40th,Maple Grove,1260,Casual,1981,5.65
119876,14/06/2026 11:23,14/06/2026 11:36,City Hall,Old Town Square,1307,member,1988,0.00
119877,14/06/2026 11:40,14/06/2026 11:48,Old Town Square,Gasometer Park,1092,member,1970,0.00
119878,14/06/2026 11:55,14/06/2026 12:52,Old Town Square,Kayak Launch,1146,casual,,9.70
119879,14/06/2026 13:39,14/06/2026 14:09,Westfield Green,Cedar Park Loop,1204,casual,1982,5.65
119880,14/06/2026 13:55,14/06/2026 14:08,Athletics Center,Aurora & 22nd,1280,member,2003,0.00
119881,14/06/2026 14:13,14/06/2026 14:22,Guildhall Steps,Guildhall Steps,1172,member,1995,0.00
119882,14/06/2026 14:16,14/06/2026 14:37,Rosemont & 5th,Cobbler's Row,1133,member,1996,0.00
119883,14/06/2026 14:33,14/06/2026 14:46,Grand & 3rd,Student Commons,1115,casual,1976,2.95
119884,14/06/2026 15:43,14/06/2026 16:26,Central Station,Kayak Launch,1208,casual,1992,7.45
119885,14/06/2026 16:54,14/06/2026 16:59,City Hall,Central Station,1321,member,2005,0.00
119886,14/06/2026 17:08,14/06/2026 17:18,Opera House,Opera House,1256,casual,1987,2.65
119887,14/06/2026 17:11,14/06/2026 17:25,City Hall,Cobbler's Row,1143,member,1983,0.00
119888,14/06/2026 17:50,14/06/2026 18:03,Cobbler's Row,Guildhall Steps,1195,member,1986,0.00
119889,14/06/2026 20:23,14/06/2026 20:39,King's Cross Lane,Gasometer Park,1152,casual,2020,3.55
119890,14/06/2026 22:25,14/06/2026 22:56,City Hall,Central Station,1249,casual,1992,5.80
119891,15/06/2026 00:11,15/06/2026 00:26,Botanic Gardens,Old Town Square,1324,Casual,1987,3.40
119892,15/06/2026 03:32,15/06/2026 04:41,Kayak Launch,Kayak Launch,1065,member,1986,2.40
119893,15/06/2026 05:10,15/06/2026 05:20,Gasometer Park,Science Quad,1190,member,1999,0.00
119894,15/06/2026 05:44,15/06/2026 06:22,Aurora & 40th,Northgate Transit Hub,1231,casual,1993,6.70
119895,15/06/2026 06:35,15/06/2026 06:41,Gasometer Park,Tramline Depot,1277,member,1964,0.00
119896,15/06/2026 07:03,15/06/2026 07:20,Aurora & 22nd,Riverside Walk,1158,member,1988,0.00
119897,15/06/2026 07:34,15/06/2026 07:44,Northgate Transit Hub,Gasometer Park,1217,member,,0.00
119898,15/06/2026 07:36,15/06/2026 09:18,Kayak Launch,Student Commons,1044,casual,1978,16.30
119899,15/06/2026 08:11,15/06/2026 08:21,Birchwood Terrace,Birchwood Terrace ,1277,member,1960,0.00
119900,15/06/2026 08:18,15/06/2026 08:33,Central Station,Central Station,1306,Member,1992,0.00
119901,15/06/2026 08:19,15/06/2026 08:51,Botanic Gardens,Marina Green,1175,casual,,5.95
119902,15/06/2026 08:54,15/06/2026 09:21,University Gate,Central Station,1311,casual,1998,5.05
119903,15/06/2026 08:59,15/06/2026 09:35,Central Station,Athletics Center,1003,casual,1974,6.40
119904,15/06/2026 09:27,15/06/2026 09:37,Dockside Market,Northgate Transit Hub,1115,member,,0.00
119905,15/06/2026 10:06,15/06/2026 10:20,Botanic Gardens,Harbor East,1124,member,1987,0.00
119906,15/06/2026 10:17,15/06/2026 10:34,Sunset Boulevard,Pier 12,1233,MEMBER,1982,0.00
119907,15/06/2026 10:26,15/06/2026 10:35,Kayak Launch,Student Commons,1096,member,1998,0.00
119908,15/06/2026 10:30,15/06/2026 10:49,Central Station,Old Town Square,1233,MEMBER,1972,0.00
119909,15/06/2026 10:35,15/06/2026 10:40,Dockside Market,Athletics Center,1172,member,1974,0.00
119910,15/06/2026 10:55,15/06/2026 11:33,Gasometer Park,Lighthouse Point,1345,member,1979,0.00
119911,15/06/2026 11:04,15/06/2026 11:09,Northgate Mall,Northgate Mall,1252,member,1992,0.00
119912,15/06/2026 11:07,15/06/2026 11:20,Gasometer Park,Sunset Boulevard,1268,member,,0.00
119913,15/06/2026 11:16,15/06/2026 11:25,Fountain Court,Fountain Court,1277,MEMBER,2003,0.00
119914,15/06/2026 11:43,15/06/2026 11:51,Old Town Square,Riverside Walk,1283,member,1990,0.00
119914,15/06/2026 11:43,15/06/2026 11:51,Old Town Square,Riverside Walk,1283,member,1990,0.00
119915,15/06/2026 11:55,15/06/2026 12:32,Gasometer Park,Central Station,1208,member,2004,0.00
119916,15/06/2026 12:19,15/06/2026 12:32,Clocktower Plaza,Campus North,1154,casual,1974,3.10
119917,15/06/2026 12:24,15/06/2026 12:52,Athletics Center,Athletics Center,1119,member,1960,0.00
119918,15/06/2026 12:47,15/06/2026 13:00,Pier 12,Pier 12,1006,casual,1992,2.95
119919,15/06/2026 13:08,15/06/2026 13:16,Central Station,Central Station,1133,member,,0.00
119920,15/06/2026 13:23,15/06/2026 13:38,Central Station,City Hall,1204,member,1979,0.00
119921,15/06/2026 13:34,15/06/2026 13:57,Kayak Launch,Riverside Walk,1345,member,1978,0.00
119922,15/06/2026 13:53,15/06/2026 14:02,Aurora & 40th,Old Town Square,1114,member,1999,0.00
119923,15/06/2026 13:57,15/06/2026 14:03,Steelworks Gate,Riverside Walk,1348,member,1980,0.00
119924,15/06/2026 14:03,15/06/2026 14:25,Union Plaza,Riverside Walk,1164,Casual,,4.45
119925,15/06/2026 14:13,15/06/2026 14:42,Westfield Green,Westfield Green,1233,casual,1984,5.50
119926,15/06/2026 14:17,15/06/2026 14:23,Steelworks Gate,Cedar Park Loop,1233,member,1995,0.00
119927,15/06/2026 14:42,15/06/2026 14:52,Opera House,Opera House,1128,member,1976,0.00
119928,15/06/2026 15:05,15/06/2026 15:12,Old Town Square,Aurora & 22nd,1179,casual,1988,2.20
119929,15/06/2026 15:06,15/06/2026 15:24,Clocktower Plaza,Botanic Gardens,1189,MEMBER,2001,0.00
119930,15/06/2026 15:41,15/06/2026 16:05,Kayak Launch,Opera House,1022,casual,1984,4.75
119931,15/06/2026 15:58,15/06/2026 16:14,Student Commons,Maple Grove,1112,casual,1984,3.40
119932,15/06/2026 16:02,15/06/2026 16:07,Campus North,Central Station ,1241,casual,1985,1.90
119933,15/06/2026 16:29,15/06/2026 16:52,Gasometer Park,Gasometer Park,1220,member,1989,0.00
119934,15/06/2026 16:51,15/06/2026 16:58,University Gate,Athletics Center,1137,member,1991,0.00
119935,15/06/2026 17:03,15/06/2026 17:15,Harbor East, Old Town Square,1201,member,1977,0.00
119936,15/06/2026 17:19,15/06/2026 17:37,Athletics Center,Cedar Park Loop,1051,member,1992,0.00
119937,15/06/2026 17:24,15/06/2026 17:37,Central Station,Ferry Meadow,1324,casual,1989,2.95
119938,15/06/2026 17:30,15/06/2026 17:46,Aurora & 40th,Harbor East,1254,member,1988,0.00
119939,15/06/2026 17:33,15/06/2026 17:52,Gasometer Park,University Gate,1197,member,1976,0.00
119940,15/06/2026 17:52,15/06/2026 18:22,Kayak Launch,Botanic Gardens,1320,casual,1970,5.50
119941,15/06/2026 17:55,15/06/2026 18:16,Central Station,Central Station,1087,casual,1989,4.15
119942,15/06/2026 18:02,15/06/2026 18:07,Old Town Square,Sunset Boulevard,1243,member,1990,0.00
119943,15/06/2026 18:12,15/06/2026 18:31,Summit Ridge,Athletics Center,1025,casual,1998,3.85
119944,15/06/2026 18:24,15/06/2026 18:51,student commons,Student Commons,1138,casual,1967,5.20
119945,15/06/2026 18:42,15/06/2026 18:53,Old Mill Crossing,Old Town Square,1288,member,1968,0.00
119946,15/06/2026 18:42,15/06/2026 19:02,Central Station,Harbor East,1072,casual,1999,4.00
119947,15/06/2026 18:53,15/06/2026 19:08,Central Station,Central Station,1012,Casual,1972,3.25
119948,15/06/2026 19:51,15/06/2026 20:03,Old Town Square,Maple Grove,1207,Member,2001,0.00
119949,15/06/2026 20:08,15/06/2026 20:23,Warehouse Row,Warehouse Row,1052,member,,0.00
119950,15/06/2026 20:16,15/06/2026 20:40,marina green,Observatory Hill,1337,casual,1993,4.60
119951,15/06/2026 20:23,15/06/2026 20:29,Old Town Square,Campus North,1298,MEMBER,1981,0.00
119952,15/06/2026 20:53,15/06/2026 21:15,Steelworks Gate,Dockside Market,1194,casual,1989,4.30
119953,15/06/2026 21:15,15/06/2026 21:33,Sunset Boulevard,Meridian Tower,1148,casual,1993,3.70
119954,15/06/2026 21:45,15/06/2026 21:55,Cobbler's Row,Seawall Promenade,1304,casual,1992,2.65
119955,15/06/2026 22:47,15/06/2026 23:03,Observatory Hill,Pier 12,1225,casual,1977,3.40
119956,16/06/2026 00:45,16/06/2026 00:56,Warehouse Row,Northgate Transit Hub,1285,member,1960,0.00
119957,16/06/2026 07:04,16/06/2026 07:40,Summit Ridge,Summit Ridge,1204,Casual,2000,6.55
119958,16/06/2026 07:08,16/06/2026 08:10,Pier 12,Opera House,1049,casual,1998,10.30
119958,16/06/2026 07:08,16/06/2026 08:10,Pier 12,Opera House,1049,casual,1998,10.30
119959,16/06/2026 07:08,16/06/2026 07:18,Old Town Square,Cobbler's Row ,1268,member,1992,0.00
119960,16/06/2026 07:32,16/06/2026 07:47,Marina Green,Old Town Square,1058,Member,1988,0.00
119961,16/06/2026 07:45,16/06/2026 07:51,Campus North,Central Station,1269,member,1965,0.00
119962,16/06/2026 07:48,16/06/2026 07:55,Old Town Square,Old Town Square,1027,member,2004,0.00
119963,16/06/2026 08:03,16/06/2026 08:11,Ferry Meadow,Athletics Center,1059,member,1968,0.00
119964,16/06/2026 08:27,16/06/2026 08:41,Summit Ridge,Science Quad,1272,casual,1986,3.25
119965,16/06/2026 08:31,16/06/2026 08:41,Exchange Street,Sunset Boulevard,1278,MEMBER,1981,0.00
119966,16/06/2026 08:32,16/06/2026 08:46,Westfield Green,gasometer park,1348,member,1967,0.00
119967,16/06/2026 08:47,16/06/2026 09:11,Athletics Center,Athletics Center,1072,Casual,2001,4.60
119968,16/06/2026 08:48,16/06/2026 09:00,Summit Ridge,City Hall,1024,casual,1978,2.80
119969,16/06/2026 09:06,16/06/2026 09:28,Riverside Walk,Warehouse Row,1164,casual,1976,4.30
119970,16/06/2026 09:11,16/06/2026 09:24,Cobbler's Row,Lighthouse Point,1079,member,2000,0.00
119971,16/06/2026 09:29,16/06/2026 09:44,Central Station,Observatory Hill,1076,member,1992,0.00
119972,16/06/2026 10:34,16/06/2026 10:55,Athletics Center,Old Town Square,1216,member,1983,0.00
119973,16/06/2026 11:08,16/06/2026 11:25,Student Commons,Library Mall,1158,MEMBER,1987,0.00
119974,16/06/2026 11:11,16/06/2026 11:26,Maple Grove,Seawall Promenade,1341,member,1994,0.00
119975,16/06/2026 11:30,16/06/2026 11:50,Athletics Center,Union Plaza,1042,Casual,1966,4.00
119976,16/06/2026 12:00,16/06/2026 12:08,Marina Green,Riverside Walk,1058,MEMBER,1997,0.00
119977,16/06/2026 12:03,16/06/2026 12:17,Merchant Hall,Merchant Hall,1049,member,1973,0.00
119978,16/06/2026 12:06,16/06/2026 12:30,CITY HALL,Kayak Launch,1165,member,1960,0.00
119979,16/06/2026 12:09,16/06/2026 12:21,Central Station,Lighthouse Point,1343,member,1990,0.00
119980,16/06/2026 13:00,16/06/2026 13:12,Pier 12,Pier 12,1248,member,1987,0.00
119981,16/06/2026 13:10,16/06/2026 13:20,Steelworks Gate,Science Quad,1125,member,1982,0.00
119982,16/06/2026 13:22,16/06/2026 13:32,Northgate Transit Hub,Birchwood Terrace,1094,member,1984,0.00
119983,16/06/2026 13:28,16/06/2026 13:39,Tannery Yard,Cobbler's Row,1176,member,1990,0.00
119984,16/06/2026 13:40,16/06/2026 13:55,Maple Grove,Campus North,1078,member,1997,0.00
119985,16/06/2026 14:41,16/06/2026 15:20,STUDENT COMMONS,Westfield Green,1233,casual,1997,6.85
119986,16/06/2026 15:10,16/06/2026 16:00,Athletics Center,Athletics Center,1315,casual,1985,8.50
119987,16/06/2026 15:14,16/06/2026 15:59,Northgate Transit Hub,Union Plaza,1283,casual,1988,7.75
119988,16/06/2026 15:31,16/06/2026 16:25,Tannery Yard,Seawall Promenade,1277,casual,1980,9.25
119989,16/06/2026 15:48,16/06/2026 15:56,Rosemont & 5th,University Gate,1151,casual,1991,2.20
119990,16/06/2026 15:50,16/06/2026 16:25,Harbor West,Kayak Launch,1233,casual,1986,6.40
119991,16/06/2026 16:09,16/06/2026 16:20,Rosemont & 5th,Cathedral Gate,1085,member,1961,0.00
119992,16/06/2026 16:20,16/06/2026 16:53,Cobbler's Row,Old Town Square,1131,casual,1986,6.10
119993,16/06/2026 16:24,16/06/2026 16:40,Library Mall,Library Mall,1219,casual,1982,3.40
119994,16/06/2026 16:28,16/06/2026 16:50,Marina Green,Seawall Promenade,1306,casual,1983,4.45
119995,16/06/2026 16:35,16/06/2026 16:58,Kayak Launch,Student Commons,1017,casual,1973,4.60
119996,16/06/2026 16:35,16/06/2026 17:26,Sunset Boulevard,Sunset Boulevard,1271,casual,,8.65
119997,16/06/2026 16:46,16/06/2026 17:04,Old Town Square,Old Town Square,1233,casual,1971,3.85
119998,16/06/2026 16:49,16/06/2026 16:56,Athletics Center,Old Town Square,1310,member,1962,0.00
119999,16/06/2026 16:49,16/06/2026 16:56,Harbor East,Student Commons,1034,member,1972,0.00
120000,16/06/2026 17:10,16/06/2026 17:32,Pier 12,Pier 12,1019,member,1968,0.00
120001,16/06/2026 17:11,16/06/2026 17:20,Sunset Boulevard,Harbor East,1216,Casual,1997,2.35
120002,16/06/2026 17:14,16/06/2026 17:58,Student Commons,Aurora & 40th,1322,casual,1987,7.60
120003,16/06/2026 17:16,16/06/2026 17:30,Science Quad,Science Quad,1217,casual,1969,3.25
120004,16/06/2026 17:21,16/06/2026 17:31,University Gate,University Gate,1014,member,1993,0.00
120005,16/06/2026 17:25,16/06/2026 17:37,Harbor East,City Hall,1204,member,1968,0.00
120006,16/06/2026 17:28,16/06/2026 17:36,Gasometer Park,Old Town Square,1245,Member,1990,0.00
120007,16/06/2026 17:42,16/06/2026 17:51,Northgate Mall,Summit Ridge,1179,member,1975,0.00
120008,16/06/2026 18:08,16/06/2026 18:16,Summit Ridge,Floodgate Road,1201,Casual,1980,2.20
120009,16/06/2026 18:57,16/06/2026 20:24,University Gate,Central Station,1006,casual,1988,14.05
120010,16/06/2026 18:59,16/06/2026 19:14,Pier 12,Harbor West,1173,casual,1970,3.25
120011,16/06/2026 19:04,16/06/2026 19:12,Ferry Landing,Kayak Launch,1252,member,1993,0.00
120012,16/06/2026 19:27,16/06/2026 19:34,Clocktower Plaza,Poplar Circle,1201,casual,1994,2.20
120013,16/06/2026 19:28,16/06/2026 20:03,Observatory Hill,Campus North,1077,casual,1970,6.40
120013,16/06/2026 19:28,16/06/2026 20:03,Observatory Hill,Campus North,1077,casual,1970,6.40
120014,16/06/2026 19:46,16/06/2026 19:52,Athletics Center,Central Station,1168,member,1973,0.00
120015,16/06/2026 19:52,16/06/2026 20:02,Central Station,Old Town Square,1001,member,1979,0.00
120016,16/06/2026 19:56,16/06/2026 20:13,GASOMETER PARK,Northgate Transit Hub,1258,member,1990,0.00
120017,16/06/2026 20:02,16/06/2026 20:26,Gasometer Park,Old Town Square,1273,MEMBER,1980,0.00
120018,16/06/2026 20:47,16/06/2026 20:57,City Hall,Pier 12,1238,MEMBER,1978,0.00
120019,16/06/2026 20:51,16/06/2026 20:58,Library Mall,Library Mall,1245,member,1989,0.00
120020,16/06/2026 20:51,16/06/2026 21:03,Central Station,Central Station,1063,member,1983,0.00
120021,16/06/2026 21:11,16/06/2026 21:14,riverside walk,Exchange Street,1241,Member,1998,0.00
120022,16/06/2026 21:43,16/06/2026 23:04,Old Town Square,Orchard Lane,1031,casual,1987,13.15
120023,16/06/2026 21:45,16/06/2026 21:53,Old Town Square,Science Quad,1162,Member,1985,0.00
120024,16/06/2026 21:54,16/06/2026 22:17,Central Station,Central Station,1052,member,1980,0.00
120025,16/06/2026 23:53,16/06/2026 23:58,University Gate,Old Mill Crossing,1293,member,1995,0.00
120026,17/06/2026 02:59,17/06/2026 03:25,Central Station,Student Commons,1327,member,2002,0.00
120027,17/06/2026 05:31,17/06/2026 06:06,City Hall,City Hall,1203,MEMBER,1992,0.00
120028,17/06/2026 06:13,17/06/2026 06:29,Northgate Mall,Dockside Market,1223,casual,1990,3.55
120029,17/06/2026 06:13,17/06/2026 06:18,Clocktower Plaza,Old Town Square,1158,member,1965,0.00
120030,17/06/2026 06:41,17/06/2026 06:56,Central Station,Old Town Square,1057,member,1983,0.00
120031,17/06/2026 07:21,17/06/2026 07:23,SCIENCE QUAD,Foundry District,1315,member,2003,0.00
120032,17/06/2026 07:36,17/06/2026 07:52,Pier 12,City Hall,1245,Member,2000,0.00
120033,17/06/2026 07:48,17/06/2026 08:10,Merchant Hall,Floodgate Road,1299,casual,1989,4.45
120034,17/06/2026 08:01,17/06/2026 08:14,Central Station,City Hall,1175,member,1974,0.00
120035,17/06/2026 08:03,17/06/2026 08:25,Observatory Hill,Kayak Launch,1120,member,1960,0.00
120036,17/06/2026 08:13,17/06/2026 08:45,Northgate Transit Hub,Central Station,1323,casual,1996,5.95
120037,17/06/2026 08:13,17/06/2026 08:33,Athletics Center,Aurora & 22nd,1116,casual,1989,4.15
120038,17/06/2026 08:15,17/06/2026 08:48,Birchwood Terrace,Aurora & 22nd,1044,casual,1990,5.95
120039,17/06/2026 08:59,17/06/2026 09:16,Athletics Center,Central Station,1158,member,1975,0.00
120040,17/06/2026 09:11,17/06/2026 09:22,Dockside Market,Old Mill Crossing,1284,member,1986,0.00
120041,17/06/2026 09:55,17/06/2026 10:04,Orchard Lane,Gasometer Park,1192,member,1986,0.00
120042,17/06/2026 10:25,17/06/2026 10:49,Campus North,Aurora & 22nd,1149,member,1965,0.00
120043,17/06/2026 10:53,17/06/2026 11:12,Botanic Gardens,Harbor East,1264,member,1995,0.00
120044,17/06/2026 11:16,17/06/2026 11:27,Riverside Walk,City Hall,1248,member,1991,0.00
120045,17/06/2026 11:45,17/06/2026 12:10,Pier 12,Harbor East,1031,Member,1995,0.00
120046,17/06/2026 11:53,17/06/2026 12:06,Aurora & 22nd,Old Mill Crossing,1336,member,1986,0.00
120047,17/06/2026 12:24,17/06/2026 12:30,Cedar Park Loop,Gasometer Park,1233,member,1990,0.00
120048,17/06/2026 12:41,17/06/2026 12:55,Aurora & 40th,Harbor West,1195,member,1996,0.00
120049,17/06/2026 13:29,17/06/2026 13:40,Harbor East,Old Town Square,1208,member,1998,0.00
120050,17/06/2026 13:29,17/06/2026 13:40,Old Town Square,Summit Ridge,1297,Member,1979,0.00
120051,17/06/2026 13:31,17/06/2026 14:02,Central Station,Central Station,1150,casual,1975,5.80
120052,17/06/2026 13:31,17/06/2026 13:37,Old Town Square,Old Town Square,1042,member,1977,0.00
120053,17/06/2026 13:50,17/06/2026 14:14,Athletics Center,Athletics Center,1251,casual,1997,4.75
120054,17/06/2026 13:59,17/06/2026 14:22,Marina Green,Marina Green,1177,Member,1977,0.00
120055,17/06/2026 14:12,17/06/2026 14:40,Summit Ridge,Steelworks Gate,1221,casual,2007,5.20
120056,17/06/2026 14:30,17/06/2026 14:41,Merchant Hall,Merchant Hall,1060,member,1994,0.00
120057,17/06/2026 14:31,17/06/2026 15:15,City Hall,Warehouse Row,1337,casual,1980,7.75
120058,17/06/2026 14:56,17/06/2026 15:06,Cobbler's Row,Observatory Hill,1027,member,,0.00
120059,17/06/2026 15:26,17/06/2026 15:30,Central Station,Student Commons,1233,member,1985,0.00
120060,17/06/2026 15:40,17/06/2026 16:04,City Hall,City Hall,1317,member,,0.00
120061,17/06/2026 16:03,17/06/2026 16:18,Cobbler's Row,Northgate Transit Hub,1245,Member,1986,0.00
120062,17/06/2026 16:43,17/06/2026 16:56,Marina Green,University Gate,1345,member,1986,0.00
120063,17/06/2026 16:44,17/06/2026 16:57,Northgate Mall,Old Town Square,1007,member,1972,0.00
120064,17/06/2026 16:48,17/06/2026 17:02,Birchwood Terrace,Student Commons,1150,member,1995,0.00
120065,17/06/2026 17:12,17/06/2026 17:30,Harbor East,Rosemont & 5th,1041,member,1976,0.00
120066,17/06/2026 17:16,17/06/2026 17:31,Dockside Market,Dockside Market,1304,member,1985,0.00
120067,17/06/2026 17:17,17/06/2026 18:42,Old Town Square,Pier 12,1326,casual,1976,13.90
120068,17/06/2026 17:21,17/06/2026 17:31,Athletics Center,Marina Green,1208,member,1989,0.00
120069,17/06/2026 17:35,17/06/2026 17:41,Science Quad,Aurora & 22nd,1185,member,1986,0.00
120070,17/06/2026 17:41,17/06/2026 18:10,Student Commons,Old Town Square,1079,casual,1993,5.35
120071,17/06/2026 17:44,17/06/2026 17:57,Fountain Court,Central Station,1058,member,1987,0.00
120072,17/06/2026 17:44,17/06/2026 17:50,City Hall,Kayak Launch,1144,member,1979,0.00
120073,17/06/2026 17:58,17/06/2026 18:08,Pier 12,Meridian Tower,1133,member,1982,0.00
120074,17/06/2026 17:58,17/06/2026 18:01,Seawall Promenade,Athletics Center,1243,member,1991,0.00
120075,17/06/2026 18:00,17/06/2026 18:42,Riverside Walk,Opera House,1259,Casual,2004,7.45
120076,17/06/2026 18:07,17/06/2026 18:12,Athletics Center,Athletics Center,1078,member,1993,0.00
120077,17/06/2026 18:09,17/06/2026 18:47,Central Station,Opera House,1243,casual,1900,6.85
120078,17/06/2026 18:20,17/06/2026 18:29,Campus North,Harbor West,1176,Casual,,2.35
120079,17/06/2026 18:37,17/06/2026 19:08,Seawall Promenade,Observatory Hill,1285,casual,1980,5.65
120080,17/06/2026 18:42,17/06/2026 19:44,Steelworks Gate,Steelworks Gate,1044,casual,1999,10.30
120081,17/06/2026 19:18,17/06/2026 19:26,Tramline Depot,Northgate Transit Hub,1284,member,1973,0.00
120082,17/06/2026 19:21,17/06/2026 19:36,Student Commons,Library Mall,1124,member,1973,0.00
120083,17/06/2026 20:57,17/06/2026 21:04,Willow Bend,Opera House,1233,casual,1992,2.05
120084,17/06/2026 21:30,17/06/2026 21:46,Athletics Center,Old Town Square,1114,casual,1900,3.55
120085,18/06/2026 06:00,18/06/2026 06:19,Meridian Tower,Clocktower Plaza,1278,casual,1986,4.00
120086,18/06/2026 06:12,18/06/2026 06:33,Old Town Square,Old Town Square,1058,member,1993,0.00
120087,18/06/2026 06:30,18/06/2026 06:36,Harbor West,Grand & 3rd,1070,member,1996,0.00
120088,18/06/2026 07:02,18/06/2026 07:42,Cedar Park Loop,Central Station,1070,casual,1968,7.00
120089,18/06/2026 07:03,18/06/2026 07:15,Pier 12,Summit Ridge,1041,member,1983,0.00
120090,18/06/2026 07:15,18/06/2026 07:26,Birchwood Terrace,Northgate Transit Hub,1293,member,2004,0.00
120091,18/06/2026 07:24,18/06/2026 07:38,Pier 12,Central Station,1152,casual,1995,3.10
120092,18/06/2026 07:27,18/06/2026 07:34,Exchange Street,Exchange Street,1060,member,1997,0.00
120093,18/06/2026 07:28,18/06/2026 07:56,Northgate Mall,Northgate Mall,1308,casual,1962,5.20
120094,18/06/2026 07:31,18/06/2026 08:14,Fountain Court,Warehouse Row,1217,Casual,1972,7.45
120095,18/06/2026 08:34,18/06/2026 08:42,Old Mill Crossing,Steelworks Gate,1020,member,1976,0.00
120096,18/06/2026 08:47,18/06/2026 09:18,Fountain Court,Willow Bend,1158,casual,1992,5.65
120097,18/06/2026 08:49,18/06/2026 09:50,Steelworks Gate,Opera House,1192,casual,1981,10.15
120098,18/06/2026 08:51,18/06/2026 10:00,Riverside Walk,Exchange Street,1263,casual,2001,11.35
120099,18/06/2026 08:58,18/06/2026 09:17,Athletics Center,Old Mill Crossing,1032,member,1991,0.00
120100,18/06/2026 09:32,18/06/2026 09:41,Grand & 3rd,Gasometer Park,1058,casual,1990,2.35
120101,18/06/2026 09:42,18/06/2026 09:55,Maple Grove,Library Mall,1278,member,1981,0.00
120102,18/06/2026 09:44,18/06/2026 10:17,Northgate Mall,Northgate Transit Hub,1260,member,2004,0.00
120103,18/06/2026 09:48,18/06/2026 09:59,University Gate,Dockside Market,1166,member,1981,0.00
120104,18/06/2026 09:53,18/06/2026 10:06,Poplar Circle,Steelworks Gate,1077,member,1984,0.00
120105,18/06/2026 09:59,18/06/2026 10:11,Seawall Promenade,seawall promenade,1128,member,1986,0.00
120106,18/06/2026 10:38,18/06/2026 10:44,Cedar Park Loop ,Steelworks Gate,1242,member,1978,0.00
120107,18/06/2026 11:25,18/06/2026 11:32,Old Mill Crossing,Botanic Gardens,1031,member,1986,0.00
120108,18/06/2026 11:34,18/06/2026 12:03,Cobbler's Row,Grand & 3rd,1158,Casual,,5.50
120109,18/06/2026 11:45,18/06/2026 11:56,Observatory Hill,Observatory Hill,1231,casual,2002,2.65
120110,18/06/2026 12:10,18/06/2026 12:15,City Hall,Old Mill Crossing ,1152,member,1978,0.00
120111,18/06/2026 13:26,18/06/2026 13:32,Union Plaza,Old Town Square,1010,member,1984,0.00
120112,18/06/2026 13:29,18/06/2026 13:36,Athletics Center,Athletics Center,1047,member,1979,0.00
120113,18/06/2026 13:41,18/06/2026 13:55,Guildhall Steps,POPLAR CIRCLE,1078,member,1977,0.00
120114,18/06/2026 14:02,18/06/2026 14:13,Science Quad,Science Quad,1241,member,1992,0.00
120115,18/06/2026 14:26,18/06/2026 14:36,Dockside Market,University Gate,1196,member,1981,0.00
120116,18/06/2026 14:28,18/06/2026 15:44,Opera House,Rosemont & 5th,1217,Casual,1983,12.55
120117,18/06/2026 14:51,18/06/2026 15:05,Observatory Hill,Willow Bend,1142,member,1993,0.00
120118,18/06/2026 15:00,18/06/2026 15:17,Old Town Square,Old Town Square,1253,member,1987,0.00
120119,18/06/2026 15:25,18/06/2026 16:04,Cathedral Gate,Westfield Green,1148,casual,1992,7.00
120120,18/06/2026 15:28,18/06/2026 15:37,Dockside Market,Summit Ridge,1311,member,1998,0.00
120121,18/06/2026 15:33,18/06/2026 15:43,Lighthouse Point,Merchant Hall,1347,member,1985,0.00
120122,18/06/2026 15:42,18/06/2026 15:50,Central Station,Seawall Promenade,1337,Casual,1990,2.35
120123,18/06/2026 15:58,18/06/2026 16:27,City Hall,Cedar Park Loop,1312,casual,1989,5.50
120124,18/06/2026 15:59,18/06/2026 16:09,Old Town Square,Athletics Center,1050,member,1990,0.00
120125,18/06/2026 16:02,18/06/2026 16:46,Heron Park,Heron Park,1047,casual,1983,7.75
120126,18/06/2026 16:30,18/06/2026 17:13,Harbor East, Opera House,1206,casual,1962,7.45
120127,18/06/2026 17:03,18/06/2026 17:20,Merchant Hall,Seawall Promenade,1315,member,1981,0.00
120128,18/06/2026 17:19,18/06/2026 17:28,Merchant Hall,Gasometer Park ,1231,member,1971,0.00
120129,18/06/2026 17:28,18/06/2026 17:36,Athletics Center,Old Town Square,1209,member,1970,0.00
120130,18/06/2026 17:38,18/06/2026 17:52,Pier 12,Merchant Hall,1119,member,1992,0.00
120131,18/06/2026 17:39,18/06/2026 17:53,Northgate Transit Hub,Willow Bend,1108,member,1964,0.00
120132,18/06/2026 17:43,18/06/2026 18:10,Gasometer Park,Old Mill Crossing,1266,member,1987,0.00
120133,18/06/2026 18:09,18/06/2026 17:43,University Gate,Grand & 3rd,1014,casual,1973,5.05
120134,18/06/2026 18:10,18/06/2026 18:59,Seawall Promenade,Harbor East,1031,casual,1969,8.50
120135,18/06/2026 18:37,18/06/2026 18:46,Westfield Green,Grand & 3rd,1206,member,1987,0.00
120136,18/06/2026 18:44,18/06/2026 18:58,Heron Park,Heron Park,1011,member,1974,0.00
120137,18/06/2026 18:44,18/06/2026 18:59,Warehouse Row,Central Station,1327,MEMBER,1976,0.00
120138,18/06/2026 18:51,18/06/2026 19:06,Union Plaza,Union Plaza,1207,member,,0.00
120139,18/06/2026 18:56,18/06/2026 19:10,Botanic Gardens,Botanic Gardens,1345,casual,1977,3.25
120140,18/06/2026 19:16,18/06/2026 19:29,Pier 12,Athletics Center,1201,member,1967,0.00
120141,18/06/2026 19:19,18/06/2026 19:28,Exchange Street,Exchange Street,1054,member,1981,0.00
120142,18/06/2026 20:12,18/06/2026 20:36,Botanic Gardens,University Gate,1259,casual,1976,4.75
120143,18/06/2026 20:34,18/06/2026 20:58,Steelworks Gate,Old Town Square,1038,member,1963,0.00
120144,18/06/2026 20:34,18/06/2026 20:47,Harbor East,Student Commons,1195,member,1974,0.00
120145,18/06/2026 20:50,18/06/2026 20:58, Athletics Center,Central Station,1264,member,1972,0.00
120146,18/06/2026 21:25,18/06/2026 21:42,Gasometer Park,Westfield Green,1349,member,2001,0.00
120147,19/06/2026 00:43,19/06/2026 01:04,Harbor East,Warehouse Row,1312,casual,1982,4.30
120148,19/06/2026 04:09,19/06/2026 04:42,Botanic Gardens,Botanic Gardens,1185,member,1984,0.00
120149,19/06/2026 06:37,19/06/2026 07:16,Exchange Street,Old Town Square,1031,casual,1987,6.85
120150,19/06/2026 06:54,19/06/2026 07:02,Maple Grove,Northgate Transit Hub,1279,member,1968,0.00
120151,19/06/2026 07:29,19/06/2026 08:14,Opera House,City Hall,1048,casual,1996,7.90
120152,19/06/2026 07:53,19/06/2026 08:08,Gasometer Park,Gasometer Park,1231,member,1986,0.00
120153,19/06/2026 07:58,19/06/2026 08:11,Old Town Square,Gasometer Park,1070,member,1989,0.00
120154,19/06/2026 08:07,19/06/2026 08:15,Maple Grove,Summit Ridge,1009,Member,1964,0.00
120155,19/06/2026 08:28,19/06/2026 08:49,Hillcrest Point,Hillcrest Point,1233,member,1990,0.00
120156,19/06/2026 08:29,19/06/2026 08:50,Observatory Hill,Observatory Hill,1348,member,1980,0.00
120157,19/06/2026 08:31,19/06/2026 09:28,Gasometer Park,Central Station,1241,casual,1968,9.70
120158,19/06/2026 08:48,19/06/2026 09:11,Kayak Launch,Merchant Hall,1063,member,1988,0.00
120159,19/06/2026 09:02,19/06/2026 09:23,City Hall,Central Station,1311,member,1980,0.00
120160,19/06/2026 09:25,19/06/2026 09:31,Steelworks Gate,Northgate Transit Hub,1046,Member,1977,0.00
120161,19/06/2026 09:30,19/06/2026 09:42,Maple Grove,Student Commons,1328,Casual,1900,2.95
120162,19/06/2026 09:46,19/06/2026 09:53,Gasometer Park,Gasometer Park,1006,member,1986,0.00
120163,19/06/2026 11:23,19/06/2026 11:36,Pier 12,Cathedral Gate,1128,member,1981,0.00
120164,19/06/2026 11:35,19/06/2026 11:41,City Hall,City Hall,1090,member,2003,0.00
120165,19/06/2026 11:37,19/06/2026 11:46,Old Town Square,Old Town Square,1273,member,1982,0.00
120166,19/06/2026 12:11,19/06/2026 12:26,Union Plaza,Athletics Center,1044,member,1977,0.00
120167,19/06/2026 12:54,19/06/2026 13:11,Sunset Boulevard,City Hall,1348,casual,1973,3.70
120168,19/06/2026 14:22,19/06/2026 14:36,Merchant Hall,Pier 12,1312,member,1991,0.00
120169,19/06/2026 14:25,19/06/2026 14:34,Cobbler's Row,Science Quad,1302,member,1972,0.00
120170,19/06/2026 14:43,19/06/2026 14:51,Warehouse Row,King's Cross Lane,1232,member,1994,0.00
120171,19/06/2026 14:46,19/06/2026 15:05,Rosemont & 5th,Westfield Green,1047,member,1988,0.00
120172,19/06/2026 15:09,19/06/2026 15:17,City Hall,Grand & 3rd ,1046,member,1983,0.00
120173,19/06/2026 15:17,19/06/2026 15:25,Riverside Walk,Opera House,1142,member,1993,0.00
120174,19/06/2026 15:21,19/06/2026 16:16,Old Town Square,Opera House,1192,casual,2001,9.25
120175,19/06/2026 15:48,19/06/2026 16:03,Maple Grove,Maple Grove,1124,member,1972,0.00
120176,19/06/2026 16:05,19/06/2026 16:09,Fountain Court,Old Mill Crossing,1268,Member,1998,0.00
120177,19/06/2026 16:08,19/06/2026 16:15,Old Town Square,Gasometer Park,1221,member,1977,0.00
120178,19/06/2026 16:10,19/06/2026 16:18,Gasometer Park,Gasometer Park,1255,Member,1972,0.00
120179,19/06/2026 16:12,19/06/2026 16:19,Gasometer Park,Athletics Center,1090,member,1983,0.00
120180,19/06/2026 16:15,19/06/2026 16:24,Old Mill Crossing,Northgate Mall,1233,MEMBER,1995,0.00
120181,19/06/2026 16:15,19/06/2026 16:23,University Gate,Merchant Hall,1340,member,1971,0.00
120182,19/06/2026 16:26,19/06/2026 16:36,Athletics Center,Library Mall,1070,member,1972,0.00
120183,19/06/2026 16:33,19/06/2026 16:43,Pier 12,Observatory Hill,1213,casual,1992,2.65
120184,19/06/2026 16:41,19/06/2026 16:54,Maple Grove,Maple Grove,1258,member,1999,0.00
120185,19/06/2026 16:52,19/06/2026 17:02,Old Town Square,Steelworks Gate,1252,member,1994,0.00
120186,19/06/2026 17:14,19/06/2026 17:29,Summit Ridge,Gasometer Park,1020,casual,1985,3.40
120187,19/06/2026 17:15,19/06/2026 17:38,Aurora & 22nd,Old Town Square,1044,member,1981,0.00
120188,19/06/2026 17:20,19/06/2026 17:32,Cobbler's Row,Central Station,1216,casual,1973,2.95
120189,19/06/2026 17:22,19/06/2026 17:27,Observatory Hill,Seawall Promenade,1191,Member,1986,0.00
120190,19/06/2026 17:23,19/06/2026 17:26,Union Plaza,Union Plaza,1158,member,1991,0.00
120191,19/06/2026 17:26,19/06/2026 17:36,Old Town Square,Sunset Boulevard,1184,member,1994,0.00
120192,19/06/2026 17:27,19/06/2026 17:39,Steelworks Gate,Aurora & 22nd,1185,member,1984,0.00
120193,19/06/2026 17:51,19/06/2026 18:02,Exchange Street,Exchange Street,1249,casual,1997,2.65
120194,19/06/2026 17:54,19/06/2026 18:11,ROSEMONT & 5TH,City Hall,1175,member,1975,0.00
120195,19/06/2026 18:05,19/06/2026 18:28,Athletics Center,City Hall,1091,member,1993,0.00
120196,19/06/2026 18:24,19/06/2026 18:32,Summit Ridge,Athletics Center,1162,Member,1994,0.00
120197,19/06/2026 18:55,19/06/2026 19:04,Old Town Square,Old Town Square,1209,member,1984,0.00
120198,19/06/2026 18:59,19/06/2026 19:09,NORTHGATE TRANSIT HUB,Steelworks Gate,1065,member,1992,0.00
120199,19/06/2026 19:25,19/06/2026 19:37,Ferry Meadow,King's Cross Lane,1083,casual,1993,2.80
120200,19/06/2026 19:27,19/06/2026 19:41,Student Commons,Riverside Walk,1079,Member,1972,0.00
120201,19/06/2026 19:50,19/06/2026 20:03,Gasometer Park,Observatory Hill,1179,Casual,1990,2.95
120202,19/06/2026 19:53,19/06/2026 20:03,Heron Park,Old Town Square,1059,member,1983,0.00
120203,19/06/2026 20:00,19/06/2026 20:22,Grand & 9th,Science Quad,1311,member,1970,0.00
120204,19/06/2026 20:10,19/06/2026 20:21,Central Station,Central Station,1058,member,1977,0.00
120205,19/06/2026 20:21,19/06/2026 20:28,OPERA HOUSE,Opera House,1179,member,1998,0.00
120206,19/06/2026 20:26,19/06/2026 20:51,Cedar Park Loop,Student Commons,1328,casual,1964,4.90
120207,19/06/2026 20:42,19/06/2026 21:46,Kayak Launch,Harbor East,1006,casual,1983,10.60
120208,19/06/2026 21:05,19/06/2026 21:29,Riverside Walk,Willow Bend,1174,casual,1993,4.75
120209,19/06/2026 22:14,19/06/2026 22:35,Ferry Landing,Central Station,1281,casual,1999,4.30
120210,19/06/2026 22:38,19/06/2026 22:46,Old Town Square,Marina Green,1152,member,1991,0.00
120211,19/06/2026 23:55,20/06/2026 00:00,Pier 12,Pier 12,1250,member,1995,0.00
120212,20/06/2026 01:05,20/06/2026 01:24,Athletics Center,Cedar Park Loop,1306,Casual,1980,3.85
120213,20/06/2026 01:06,20/06/2026 01:13,Gasometer Park,Observatory Hill,1288,member,1970,0.00
120214,20/06/2026 07:12,20/06/2026 07:19,Marina Green,Maple Grove,1004,casual,1997,2.05
120215,20/06/2026 08:12,20/06/2026 08:50,Old Mill Crossing,Old Town Square,1085,casual,1974,6.70
120216,20/06/2026 08:42,20/06/2026 09:08,City Hall,Old Town Square,1135,casual,1982,5.05
120217,20/06/2026 08:47,20/06/2026 08:56,Old Mill Crossing,Pier 12,1060,member,1992,0.00
120218,20/06/2026 09:06,20/06/2026 09:17,Old Town Square,Old Town Square,1298,Member,1986,0.00
120218,20/06/2026 09:06,20/06/2026 09:17,Old Town Square,Old Town Square,1298,Member,1986,0.00
120219,20/06/2026 10:14,20/06/2026 10:29,Seawall Promenade,Aurora & 22nd,1292,casual,1994,3.40
120220,20/06/2026 10:17,20/06/2026 10:31,Warehouse Row,Opera House,1272,member,1992,0.00
120221,20/06/2026 10:26,20/06/2026 10:46,Sunset Boulevard,Cathedral Gate,1033,casual,1994,4.00
120222,20/06/2026 10:53,20/06/2026 11:23,Kayak Launch,Athletics Center,1233,casual,1980,5.65
120223,20/06/2026 11:04,20/06/2026 11:29,Gasometer Park,cedar park loop,1348,casual,1983,4.75
120224,20/06/2026 11:24,20/06/2026 11:50,Warehouse Row,Warehouse Row,1325,casual,1958,4.90
120225,20/06/2026 11:39,20/06/2026 12:19,Ferry Meadow,Central Station,1195,casual,1968,7.00
120226,20/06/2026 11:52,20/06/2026 12:05,Aurora & 22nd,Summit Ridge,1185,Member,1967,0.00
120227,20/06/2026 11:54,20/06/2026 12:09,Steelworks Gate,Steelworks Gate,1315,casual,1985,3.40
120228,20/06/2026 11:59,20/06/2026 13:10,University Gate,birchwood terrace,1164,casual,1967,11.80
120229,20/06/2026 12:00,20/06/2026 12:06, Hillcrest Point,Central Station,1347,casual,1978,1.90
120230,20/06/2026 12:02,20/06/2026 12:09,Old Mill Crossing,Harbor East,1081,member,2000,0.00
120231,20/06/2026 12:14,20/06/2026 12:27,Cobbler's Row,Riverside Walk,1076,member,1975,0.00
120232,20/06/2026 12:44,20/06/2026 13:12,Warehouse Row,Seawall Promenade,1091,Member,1988,0.00
120233,20/06/2026 12:49,20/06/2026 12:58,Seawall Promenade,Aurora & 22nd,1217,member,1992,0.00
120234,20/06/2026 12:49,20/06/2026 13:02,Old Town Square,Clocktower Plaza,1329,member,1965,0.00
120235,20/06/2026 13:11,20/06/2026 13:23,Science Quad,Riverside Walk,1063,casual,1990,2.95
120236,20/06/2026 13:13,20/06/2026 13:27,Steelworks Gate,Cobbler's Row,1009,Casual,1997,3.10
120237,20/06/2026 13:15,20/06/2026 13:48,Grand & 9th,Campus North,1233,casual,1968,5.95
120238,20/06/2026 14:30,20/06/2026 14:52,Harbor West,Science Quad,1233,casual,1980,4.30
120239,20/06/2026 14:31,20/06/2026 14:57,Gasometer Park,Cobbler's Row,1209,member,1960,0.00
120240,20/06/2026 14:35,20/06/2026 15:05,University Gate,Northgate Transit Hub,1057,casual,1996,5.50
120241,20/06/2026 14:43,20/06/2026 14:59,King's Cross Lane,Westfield Green,1035,member,2001,0.00
120242,20/06/2026 14:49,20/06/2026 15:00,Marina Green,Marina Green,1072,Member,1984,0.00
120243,20/06/2026 15:25,20/06/2026 15:33,Seawall Promenade,Seawall Promenade,1044,Member,1986,0.00
120244,20/06/2026 15:43,20/06/2026 15:57,Union Plaza,Lighthouse Point,1256,casual,1966,3.25
120245,20/06/2026 16:01,20/06/2026 16:11,Merchant Hall,Merchant Hall,1315,member,1995,0.00
120246,20/06/2026 16:06,20/06/2026 16:22,Maple Grove,Student Commons,1006,member,1992,0.00
120247,20/06/2026 16:18,20/06/2026 16:35,Maple Grove ,Gasometer Park,1129,Casual,1985,3.70
120248,20/06/2026 16:20,20/06/2026 16:28,Kayak Launch,Willow Bend,1176,member,1980,0.00
120249,20/06/2026 16:31,20/06/2026 16:43,Merchant Hall,City Hall,1067,member,1977,0.00
120250,20/06/2026 16:54,20/06/2026 17:45,Old Town Square,Old Town Square,1188,Casual,1990,8.80
120251,20/06/2026 17:17,20/06/2026 18:04,Cedar Park Loop,Central Station,1082,casual,2000,8.20
120252,20/06/2026 17:41,20/06/2026 17:46,Warehouse Row,Warehouse Row,1327,member,1985,0.00
120253,20/06/2026 17:55,20/06/2026 18:02,Athletics Center,Summit Ridge,1217,Member,1978,0.00
120254,20/06/2026 18:16,20/06/2026 18:21,Athletics Center,Tramline Depot,1094,member,1994,0.00
120255,20/06/2026 18:25,20/06/2026 18:34,Marina Green,Hillcrest Point,1222,member,1991,0.00
120256,20/06/2026 19:06,20/06/2026 20:12,Harbor East,Seawall Promenade,1158,casual,1974,10.90
120257,20/06/2026 19:37,20/06/2026 19:50,University Gate,Summit Ridge,1296,casual,1968,3.10
120258,20/06/2026 19:43,20/06/2026 19:57,Observatory Hill,Student Commons,1244,member,1977,0.00
120259,20/06/2026 20:25,20/06/2026 22:01,Birchwood Terrace,Summit Ridge,1155,casual,1970,15.55
120260,20/06/2026 20:30,20/06/2026 20:41,Central Station,Marina Green,1044,member,1979,0.00
120261,20/06/2026 20:57,20/06/2026 21:06,Northgate Mall,Birchwood Terrace,1153,member,1981,0.00
120262,20/06/2026 21:36,20/06/2026 22:54,Science Quad,Lighthouse Point,1018,Casual,1980,12.70
120263,20/06/2026 21:50,20/06/2026 22:01,Athletics Center,Heron Park,1023,member,1987,0.00
120264,21/06/2026 00:06,21/06/2026 00:54,Pier 12,Observatory Hill,1006,casual,1984,8.35
120265,21/06/2026 00:42,21/06/2026 01:20,Merchant Hall,Warehouse Row,1097,member,2003,0.00
120266,21/06/2026 05:27,21/06/2026 05:50,Student Commons,Library Mall,1219,casual,1993,4.45
120267,21/06/2026 08:02,21/06/2026 08:13,University Gate,Central Station,1244,member,1992,0.00
120268,21/06/2026 08:04,21/06/2026 08:09,Gasometer Park,Old Town Square,1262,member,1980,0.00
120269,21/06/2026 08:32,21/06/2026 08:44,Northgate Transit Hub,City Hall,1270,member,1966,0.00
120270,21/06/2026 08:52,21/06/2026 09:19,Old Town Square,Old Town Square,1165,casual,1973,5.20
120271,21/06/2026 08:54,21/06/2026 09:21,Summit Ridge,Old Town Square,1297,casual,1960,5.20
120272,21/06/2026 09:19,21/06/2026 09:27,University Gate,Old Town Square,1278,member,1971,0.00
120273,21/06/2026 09:21,21/06/2026 09:38,Poplar Circle,Kayak Launch,1165,casual,1982,3.70
120274,21/06/2026 09:25,21/06/2026 09:34,Ferry Meadow,Ferry Meadow,1268,casual,1997,2.50
120275,21/06/2026 09:31,21/06/2026 09:39,Poplar Circle,Rosemont & 5th,1010,casual,2000,2.35
120276,21/06/2026 09:45,21/06/2026 09:54,Fountain Court,Fountain Court,1206,member,1992,0.00
120277,21/06/2026 09:57,21/06/2026 10:25,Maple Grove,Student Commons,1297,member,1980,0.00
120278,21/06/2026 10:11,21/06/2026 10:20,Floodgate Road,Central Station,1166,casual,1991,2.50
120279,21/06/2026 10:14,21/06/2026 10:19,Aurora & 40th,Aurora & 22nd,1138,member,1977,0.00
120280,21/06/2026 10:35,21/06/2026 12:09,sunset boulevard,Old Town Square,1029,casual,1986,15.10
120281,21/06/2026 10:50,21/06/2026 11:18,University Gate,Aurora & 40th,1024,casual,1981,5.35
120282,21/06/2026 10:53,21/06/2026 11:16,Sunset Boulevard,Maple Grove,1018,casual,1994,4.45
120283,21/06/2026 10:59,21/06/2026 11:13,City Hall,Old Town Square,1037,casual,1989,3.25
120284,21/06/2026 11:04,21/06/2026 11:53,Northgate Transit Hub,Gasometer Park,1284,casual,1982,8.35
120285,21/06/2026 11:18,21/06/2026 11:23,Botanic Gardens,Sunset Boulevard,1065,member,1968,0.00
120286,21/06/2026 11:47,21/06/2026 12:12,Cobbler's Row,Dockside Market,1209,casual,2004,4.90
120287,21/06/2026 11:49,21/06/2026 11:59,Pier 12,Old Town Square,1158,casual,2000,2.50
120288,21/06/2026 12:09,21/06/2026 12:21,Cedar Park Loop,Maple Grove,1222,member,1976,0.00
120289,21/06/2026 12:14,21/06/2026 12:47,Merchant Hall ,Summit Ridge,1190,Casual,1996,5.95
120290,21/06/2026 12:28,21/06/2026 12:39,Northgate Transit Hub,Lighthouse Point,1327,member,1995,0.00
120291,21/06/2026 12:45,21/06/2026 13:19,Gasometer Park,Ferry Meadow,1152,casual,1991,6.10
120292,21/06/2026 12:49,21/06/2026 13:02,University Gate,Cedar Park Loop,1337,casual,1987,2.95
120293,21/06/2026 12:56,21/06/2026 13:18,Northgate Mall,City Hall,1241,casual,1998,4.45
120294,21/06/2026 12:57,21/06/2026 13:24,University Gate,Pier 12,1201,casual,1985,5.05
120295,21/06/2026 13:21,21/06/2026 13:30,Seawall Promenade,Central Station,1184,member,1983,0.00
120296,21/06/2026 13:44,21/06/2026 13:56,City Hall,City Hall,1176,casual,1991,2.95
120297,21/06/2026 13:53,21/06/2026 14:06,Student Commons,Gasometer Park,1024,member,1994,0.00
120298,21/06/2026 13:57,21/06/2026 14:01,Seawall Promenade,Warehouse Row,1278,member,1984,0.00
120299,21/06/2026 14:02,21/06/2026 14:12,Aurora & 22nd,Aurora & 22nd,1342,casual,1973,2.65
120300,21/06/2026 14:03,21/06/2026 14:24,Student Commons,Kayak Launch,1269,casual,1992,4.15
120301,21/06/2026 14:06,21/06/2026 14:24,Old Town Square,Old Town Square,1233,member,1971,0.00
120302,21/06/2026 14:06,21/06/2026 14:23,Westfield Green,Clocktower Plaza,1144,member,1993,0.00
120303,21/06/2026 14:09,21/06/2026 14:31,Harbor East,Gasometer Park,1045,casual,1985,4.45
120304,21/06/2026 14:22,21/06/2026 14:42,Old Town Square,Old Town Square,1293,casual,1990,4.00
120305,21/06/2026 14:38,21/06/2026 14:49,Central Station ,Old Town Square,1093,member,1975,0.00
120306,21/06/2026 14:42,21/06/2026 14:59,Gasometer Park,Poplar Circle,1013,casual,1972,3.55
120307,21/06/2026 14:46,21/06/2026 15:37,Old Town Square,Old Town Square,1085,casual,2000,8.65
120308,21/06/2026 14:51,21/06/2026 15:19,Gasometer Park,City Hall,1077,casual,,5.35
120309,21/06/2026 15:10,21/06/2026 16:00,Sunset Boulevard,Sunset Boulevard,1252,Casual,1979,8.50
120310,21/06/2026 15:22,21/06/2026 15:39,Northgate Transit Hub,Grand & 3rd,1157,member,1981,0.00
120311,21/06/2026 15:22,21/06/2026 15:28,Cobbler's Row,University Gate,1197,Member,1978,0.00
120312,21/06/2026 16:12,21/06/2026 16:42,Merchant Hall,Cedar Park Loop,1130,casual,,5.65
120313,21/06/2026 16:24,21/06/2026 16:33,Old Town Square,Athletics Center,1250,member,1990,0.00
120314,21/06/2026 16:24,21/06/2026 16:38,Cedar Park Loop,Tannery Yard,1350,member,1965,0.00
120315,21/06/2026 16:31,21/06/2026 18:06,Northgate Mall,Northgate Mall,1213,member,1975,5.00
120316,21/06/2026 16:44,21/06/2026 17:02,Old Town Square,Old Mill Crossing,1012,casual,1978,3.85
120317,21/06/2026 17:09,21/06/2026 17:16,Campus North,City Hall,1063,member,1996,0.00
120318,21/06/2026 17:33,21/06/2026 18:21,Observatory Hill ,City Hall,1233,Casual,1993,8.20
120319,21/06/2026 17:43,21/06/2026 18:00,Summit Ridge,Old Town Square,1155,casual,1993,3.55
120320,21/06/2026 18:15,21/06/2026 18:30,Cobbler's Row,Kayak Launch,1287,member,1984,0.00
120321,21/06/2026 18:30,21/06/2026 18:51,Cobbler's Row,Steelworks Gate,1074,casual,1993,4.15
120322,21/06/2026 18:31,21/06/2026 18:41,Observatory Hill,Northgate Mall,1306,casual,1992,2.65
120323,21/06/2026 19:02,21/06/2026 19:16,Birchwood Terrace,Tannery Yard,1155,casual,1994,3.25
120324,21/06/2026 19:13,21/06/2026 20:06,Sunset Boulevard,Harbor East,1133,Casual,1978,9.10
120325,21/06/2026 19:34,21/06/2026 19:42,Cedar Park Loop,Pier 12,1192,casual,1993,2.20
120326,21/06/2026 20:31,21/06/2026 21:03,Old Mill Crossing,Dockside Market,1121,casual,1974,5.80
120327,21/06/2026 20:49,21/06/2026 21:12,Gasometer Park,Student Commons,1208,member,1996,0.00
120328,21/06/2026 21:18,21/06/2026 21:32,Central Station,Northgate Transit Hub,1288,casual,1969,3.25
120329,22/06/2026 00:03,22/06/2026 00:28,Science Quad,Observatory Hill,1120,casual,1991,4.90
120330,22/06/2026 00:08,22/06/2026 00:15,Lighthouse Point,Old Town Square,1065,member,1986,0.00
120331,22/06/2026 00:24,22/06/2026 01:02,Central Station,Student Commons,1154,casual,,6.70
120332,22/06/2026 02:32,22/06/2026 02:49,OLD TOWN SQUARE,Kayak Launch,1280,member,1981,0.00
120333,22/06/2026 06:26,22/06/2026 06:47,Opera House,Gasometer Park,1120,Casual,1985,4.15
120334,22/06/2026 06:39,22/06/2026 07:19,Pier 12,Lighthouse Point,1141,casual,1983,7.00
120335,22/06/2026 06:41,22/06/2026 06:55,Summit Ridge,Ferry Meadow,1010,casual,1980,3.25
120336,22/06/2026 06:53,22/06/2026 06:59,Aurora & 22nd,Old Town Square,1242,casual,1990,1.90
120337,22/06/2026 06:57,22/06/2026 07:17,Central Station,Central Station,1056,casual,1977,4.15
120338,22/06/2026 07:10,22/06/2026 07:20,Maple Grove,Hillcrest Point,1155,member,1992,0.00
120339,22/06/2026 07:14,22/06/2026 07:21,Harbor East,Old Town Square,1323,Member,1991,0.00
120339,22/06/2026 07:14,22/06/2026 07:21,Harbor East,Old Town Square,1323,Member,1991,0.00
120340,22/06/2026 07:16,22/06/2026 07:31,Rosemont & 5th,Steelworks Gate,1055,casual,1986,3.25
120341,22/06/2026 07:19,22/06/2026 07:28,Steelworks Gate,Northgate Transit Hub,1019,member,1999,0.00
120342,22/06/2026 07:28,22/06/2026 08:08,Cedar Park Loop,Summit Ridge,1184,casual,1990,7.15
120343,22/06/2026 07:30,22/06/2026 07:53,Kayak Launch,King's Cross Lane,1345,member,1992,0.00
120344,22/06/2026 07:40,22/06/2026 08:09,Westfield Green,Student Commons,1183,casual,1986,5.35
120345,22/06/2026 07:52,22/06/2026 07:59,Athletics Center,Athletics Center,1044,casual,1999,2.05
120346,22/06/2026 08:18,22/06/2026 08:26,Cedar Park Loop,Old Town Square,1302,member,2001,0.00
120347,22/06/2026 08:18,22/06/2026 08:40,Dockside Market,Dockside Market,1200,member,1986,0.00
120348,22/06/2026 08:20,22/06/2026 08:37,Campus North,Campus North,1174,member,1977,0.00
120349,22/06/2026 08:33,22/06/2026 08:43,Old Town Square,Kayak Launch,1252,MEMBER,1984,0.00
120350,22/06/2026 08:35,22/06/2026 08:43,Old Town Square,Old Town Square,1340,member,2003,0.00
120351,22/06/2026 08:43,22/06/2026 09:03,Old Town Square,Athletics Center,1294,member,1994,0.00
120352,22/06/2026 08:50,22/06/2026 09:17,Kayak Launch,City Hall,1195,Casual,1995,5.05
120353,22/06/2026 08:57,22/06/2026 09:20,Campus North,Campus North,1247,casual,1995,4.60
120354,22/06/2026 09:09,22/06/2026 09:59,Westfield Green,Kayak Launch,1157,Casual,1977,8.50
120355,22/06/2026 09:23,22/06/2026 09:31,Maple Grove,Old Town Square,1201,member,1991,0.00
120356,22/06/2026 10:02,22/06/2026 10:08,Grand & 3rd,Grand & 3rd,1130,member,1971,0.00
120357,22/06/2026 10:03,22/06/2026 10:34,Athletics Center,Gasometer Park,1173,casual,1977,5.80
120358,22/06/2026 10:14,22/06/2026 10:22,Aurora & 40th,Athletics Center,1290,member,1979,0.00
120359,22/06/2026 10:16,22/06/2026 10:52,Kayak Launch,Cobbler's Row,1256,casual,1993,6.55
120360,22/06/2026 10:16,22/06/2026 10:56,Maple Grove,Seawall Promenade,1259,casual,1975,7.00
120361,22/06/2026 10:23,22/06/2026 10:46,Harbor West,Harbor East,1031,Casual,1986,4.60
120362,22/06/2026 10:27,22/06/2026 10:38,Old Town Square,Guildhall Steps,1161,member,2002,0.00
120363,22/06/2026 10:52,22/06/2026 11:13,Northgate Transit Hub,City Hall,1320,member,1993,0.00
120364,22/06/2026 11:19,22/06/2026 11:27,Athletics Center,Athletics Center,1152,member,1995,0.00
120365,22/06/2026 11:34,22/06/2026 11:41,King's Cross Lane,King's Cross Lane,1123,member,1993,0.00
120366,22/06/2026 12:03,22/06/2026 12:17,Old Town Square,Riverside Walk,1260,member,1985,0.00
120367,22/06/2026 12:37,22/06/2026 13:10,Cobbler's Row ,Old Mill Crossing,1117,member,1965,0.00
120368,22/06/2026 12:54,22/06/2026 13:39,Lighthouse Point,Ferry Landing,1215,member,1982,0.10
120369,22/06/2026 13:00,22/06/2026 13:16,City Hall,Aurora & 22nd,1233,MEMBER,1993,0.00
120370,22/06/2026 13:20,22/06/2026 13:37,Warehouse Row,Observatory Hill,1336,Casual,1993,3.55
120371,22/06/2026 13:41,22/06/2026 13:48,Merchant Hall,Athletics Center,1090,member,1994,0.00
120372,22/06/2026 14:32,22/06/2026 14:51,Central Station,old town square,1066,member,1980,0.00
120373,22/06/2026 14:37,22/06/2026 14:48,Harbor West,Observatory Hill,1227,member,1980,0.00
120374,22/06/2026 15:18,22/06/2026 15:42,Central Station,Gasometer Park,1010,Casual,1984,4.75
120375,22/06/2026 15:30,22/06/2026 15:44,Warehouse Row,Botanic Gardens,1246,member,1966,0.00
120376,22/06/2026 15:43,22/06/2026 15:55,Pier 12,University Gate,1133,MEMBER,1973,0.00
120377,22/06/2026 15:45,22/06/2026 15:52,Northgate Mall,Old Town Square,1092,Member,1992,0.00
120378,22/06/2026 15:46,22/06/2026 15:51,Student Commons,Central Station,1350,casual,1964,1.90
120379,22/06/2026 15:53,22/06/2026 16:03,Gasometer Park,Gasometer Park,1133,Member,1976,0.00
120380,22/06/2026 16:29,22/06/2026 16:43,Old Mill Crossing,University Gate,1025,member,1977,0.00
120381,22/06/2026 16:42,22/06/2026 17:08,Northgate Mall,Northgate Mall,1347,casual,1977,5.05
120382,22/06/2026 16:57,22/06/2026 17:11,Northgate Transit Hub,Gasometer Park,1120,member,1994,0.00
120383,22/06/2026 16:59,22/06/2026 17:19,University Gate,Foundry District ,1155,casual,1981,4.00
120384,22/06/2026 17:01,22/06/2026 17:12,Central Station,Central Station,1157,Member,1997,0.00
120385,22/06/2026 17:05,22/06/2026 17:22,Gasometer Park,Gasometer Park,1119,member,1999,0.00
120386,22/06/2026 17:14,22/06/2026 18:41,Tannery Yard,Ferry Meadow,1343,casual,1983,14.20
120387,22/06/2026 17:23,22/06/2026 17:42,University Gate,Campus North,1057,casual,1984,4.00
120388,22/06/2026 17:26,22/06/2026 17:49,University Gate,Maple Grove,1068,member,1995,0.00
120389,22/06/2026 17:26,22/06/2026 17:43,Summit Ridge,Northgate Transit Hub,1154,member,1980,0.00
120390,22/06/2026 17:34,22/06/2026 17:43,Observatory Hill,Athletics Center,1334,member,1962,0.00
120391,22/06/2026 17:34,22/06/2026 17:44,Student Commons,Library Mall,1273,member,1974,0.00
120392,22/06/2026 17:40,22/06/2026 17:46,Old Mill Crossing,Merchant Hall,1308,member,2002,0.00
120393,22/06/2026 17:45,22/06/2026 17:56,Gasometer Park,Northgate Transit Hub,1197,casual,,2.80
120394,22/06/2026 17:57,22/06/2026 18:07,Pier 12,Aurora & 40th,1010,member,1989,0.00
120395,22/06/2026 18:06,22/06/2026 18:19,University Gate,Poplar Circle,1227,member,1997,0.00
120396,22/06/2026 18:07,22/06/2026 18:13,Opera House,Opera House,1139,Member,1998,0.00
120397,22/06/2026 18:08,22/06/2026 18:23,Old Mill Crossing,Athletics Center,1074,casual,1957,3.40
120398,22/06/2026 18:10,22/06/2026 18:24,Cedar Park Loop,Old Town Square,1137,casual,1978,3.10
120399,22/06/2026 18:21,22/06/2026 18:40,Old Town Square,Observatory Hill,1306,member,1998,0.00
120400,22/06/2026 18:35,22/06/2026 18:44,Science Quad,Science Quad,1249,member,1982,0.00
120401,22/06/2026 19:03,22/06/2026 19:48,Union Plaza,Aurora & 22nd,1141,casual,1991,7.90
120402,22/06/2026 19:04,22/06/2026 19:24,Gasometer Park,Sunset Boulevard,1103,casual,1993,4.15
120403,22/06/2026 19:29,22/06/2026 19:51,Riverside Walk,Marina Green,1257,member,1990,0.00
120404,22/06/2026 19:34,22/06/2026 19:44,Ferry Meadow,Seawall Promenade,1252,member,1985,0.00
120405,22/06/2026 19:56,22/06/2026 20:13,Riverside Walk,Exchange Street,1324,casual,2000,3.70
120406,22/06/2026 20:01,22/06/2026 20:14,Opera House,Opera House,1340,member,1999,0.00
120407,22/06/2026 20:03,22/06/2026 20:18,Guildhall Steps,Guildhall Steps,1231,member,1971,0.00
120408,22/06/2026 20:21,22/06/2026 21:13,Cobbler's Row,Athletics Center,1337,casual,1994,8.95
120409,22/06/2026 21:57,22/06/2026 22:09,Dockside Market,Old Town Square,1024,member,1997,0.00
120410,23/06/2026 06:31,23/06/2026 06:46,Student Commons,Student Commons,1031,member,2001,0.00
120411,23/06/2026 06:37,23/06/2026 06:44,Athletics Center,Old Mill Crossing,1328,member,1978,0.00
120412,23/06/2026 07:12,23/06/2026 07:29,Seawall Promenade,Student Commons,1173,Member,1973,0.00
120413,23/06/2026 07:20,23/06/2026 07:37,Harbor East,Student Commons,1164,member,1994,0.00
120414,23/06/2026 08:03,23/06/2026 08:14,Warehouse Row,Warehouse Row,1248,member,1981,0.00
120415,23/06/2026 08:05,23/06/2026 08:17,University Gate,Central Station,1263,member,1987,0.00
120416,23/06/2026 08:13,23/06/2026 08:22,Northgate Mall,Northgate Mall,1240,Member,1995,0.00
120417,23/06/2026 08:23,23/06/2026 08:58,Westfield Green,Union Plaza,1222,casual,1975,6.25
120418,23/06/2026 08:24,23/06/2026 08:36,Willow Bend,Willow Bend,1034,member,1992,0.00
120419,23/06/2026 08:30,23/06/2026 09:08,Student Commons,Library Mall,1010,Member,1993,0.00
120420,23/06/2026 08:37,23/06/2026 08:49,Union Plaza,Union Plaza,1022,Member,1991,0.00
120421,23/06/2026 08:49,23/06/2026 09:01,Central Station,Old Town Square,1161,Member,1988,0.00
120422,23/06/2026 09:10,23/06/2026 09:18,Northgate Transit Hub,Cedar Park Loop,1070,member,1988,0.00
120423,23/06/2026 09:15,23/06/2026 09:42,Meridian Tower,Old Town Square,1081,casual,1980,5.05
120424,23/06/2026 09:33,23/06/2026 09:42,Northgate Mall,Athletics Center,1046,casual,1993,2.35
120425,23/06/2026 09:50,23/06/2026 10:01,Aurora & 40th,Old Town Square,1031,member,1992,0.00
120426,23/06/2026 10:12,23/06/2026 10:21,City Hall,Science Quad,1010,member,1997,0.00
120427,23/06/2026 10:24,23/06/2026 10:29,Aurora & 22nd,Harbor East,1245,Member,1985,0.00
120428,23/06/2026 11:02,23/06/2026 11:40,Old Town Square,University Gate,1085,Casual,,6.85
120429,23/06/2026 11:03,23/06/2026 11:16,Science Quad,Foundry District,1256,member,1993,0.00
120430,23/06/2026 11:18,23/06/2026 11:24,Seawall Promenade,Grand & 3rd,1336,member,1991,0.00
120431,23/06/2026 11:19,23/06/2026 11:38,Aurora & 22nd,Aurora & 22nd,1206,member,1970,0.00
120432,23/06/2026 11:20,23/06/2026 10:44,University Gate,Harbor West,1072,member,1970,0.00
120433,23/06/2026 12:08,23/06/2026 12:16,PIER 12,CENTRAL STATION,1135,member,1991,0.00
120434,23/06/2026 12:21,23/06/2026 12:25,Old Mill Crossing,Kayak Launch,1197,member,1981,0.00
120435,23/06/2026 13:32,23/06/2026 14:11,Seawall Promenade,Gasometer Park,1312,casual,1992,7.00
120436,23/06/2026 13:41,23/06/2026 14:06,Aurora & 22nd,Meridian Tower,1024,casual,1989,4.90
120437,23/06/2026 13:41,23/06/2026 14:13,Botanic Gardens,Dockside Market,1340,casual,1994,5.95
120438,23/06/2026 13:41,23/06/2026 13:46,Summit Ridge,Gasometer Park,1201,member,1987,0.00
120439,23/06/2026 13:52,23/06/2026 14:00,Northgate Transit Hub,City Hall,1272,casual,,2.35
120439,23/06/2026 13:52,23/06/2026 14:00,Northgate Transit Hub,City Hall,1272,casual,,2.35
120440,23/06/2026 14:09,23/06/2026 14:16,Birchwood Terrace,Gasometer Park ,1264,member,1983,0.00
120441,23/06/2026 14:23,23/06/2026 14:48,Northgate Mall,Cedar Park Loop,1186,member,1999,0.00
120442,23/06/2026 14:35,23/06/2026 14:52,Pier 12,Pier 12,1325,member,1988,0.00
120443,23/06/2026 14:37,23/06/2026 14:59,Athletics Center,King's Cross Lane,1136,member,1957,0.00
120444,23/06/2026 14:58,23/06/2026 15:09,Student Commons,Pier 12,1200,member,1988,0.00
120445,23/06/2026 15:03,23/06/2026 15:08,Science Quad,Harbor East,1164,member,2000,0.00
120446,23/06/2026 15:32,23/06/2026 16:18,Dockside Market,Pier 12,1149,member,1992,0.10
120447,23/06/2026 15:40,23/06/2026 15:50,Old Town Square,Riverside Walk,1164,Casual,1989,2.50
120448,23/06/2026 15:43,23/06/2026 15:54,University Gate ,University Gate,1101,casual,1987,2.80
120449,23/06/2026 16:03,23/06/2026 16:19,Central Station,City Hall,1224,member,1997,0.00
120450,23/06/2026 16:11,23/06/2026 16:34,Harbor East,Old Town Square,1263,casual,1989,4.45
120451,23/06/2026 16:19,23/06/2026 16:34,Fountain Court,Fountain Court,1142,casual,1985,3.25
120452,23/06/2026 16:34,23/06/2026 16:40,University Gate,Central Station,1223,member,2006,0.00
120453,23/06/2026 16:36,23/06/2026 17:07,city hall,Gasometer Park,1103,member,1963,0.00
120454,23/06/2026 16:54,23/06/2026 17:55,Opera House,Opera House,1259,casual,1991,10.30
120455,23/06/2026 16:57,23/06/2026 17:12,Old Town Square,Athletics Center,1335,casual,2002,3.40
120456,23/06/2026 17:00,23/06/2026 17:13,Science Quad,Old Town Square,1257,Casual,1993,3.10
120457,23/06/2026 17:09,23/06/2026 17:27,Sunset Boulevard,Sunset Boulevard,1070,member,1996,0.00
120458,23/06/2026 17:20,23/06/2026 18:16,Sunset Boulevard,University Gate,1345,casual,2006,9.55
120459,23/06/2026 17:21,23/06/2026 17:25,Old Town Square,Old Town Square,1277,member,1997,0.00
120460,23/06/2026 17:25,23/06/2026 17:42,Old Town Square,Central Station,1063,MEMBER,1977,0.00
120461,23/06/2026 17:53,23/06/2026 18:07,Gasometer Park,Westfield Green,1275,member,1988,0.00
120462,23/06/2026 17:55,23/06/2026 18:35,Aurora & 22nd,Aurora & 22nd,1268,casual,1979,7.00
120463,23/06/2026 17:59,23/06/2026 18:21,Harbor East,Student Commons,1345,casual,1987,4.30
120464,23/06/2026 18:16,23/06/2026 18:33,Old Town Square,Old Town Square,1113,member,1988,0.00
120465,23/06/2026 18:22,23/06/2026 18:30,Northgate Transit Hub,Westfield Green,1126,member,1965,0.00
120466,23/06/2026 18:34,23/06/2026 18:57,Gasometer Park,Gasometer Park,1311,casual,1973,4.45
120467,23/06/2026 19:17,23/06/2026 19:25,Athletics Center,University Gate,1271,casual,1982,2.35
120468,23/06/2026 19:26,23/06/2026 19:35,Heron Park,Dockside Market,1278,member,1999,0.00
120469,23/06/2026 19:28,23/06/2026 19:39,Lighthouse Point,Athletics Center,1255,member,1980,0.00
120470,23/06/2026 20:10,23/06/2026 20:21,Central Station,Guildhall Steps,1192,member,1958,0.00
120471,23/06/2026 20:10,23/06/2026 20:31,Lighthouse Point,Botanic Gardens,1060,casual,1991,4.15
120472,23/06/2026 21:03,23/06/2026 21:18,Science Quad,City Hall,1204,member,1988,0.00
120473,23/06/2026 22:57,23/06/2026 23:12,Student Commons,warehouse row,1166,member,1963,0.00
120474,24/06/2026 00:51,24/06/2026 01:21,Northgate Transit Hub,City Hall,1164,member,2004,0.00
120475,24/06/2026 04:03,24/06/2026 04:15,Old Town Square,Old Town Square,1092,member,1968,0.00
120476,24/06/2026 06:05,24/06/2026 06:15,Kayak Launch,Kayak Launch,1235,member,1985,0.00
120477,24/06/2026 06:14,24/06/2026 06:26,Grand & 9th,Gasometer Park,1271,member,1977,0.00
120478,24/06/2026 06:21,24/06/2026 06:37,Kayak Launch,Maple Grove,1155,casual,1993,3.40
120479,24/06/2026 06:37,24/06/2026 07:16,Opera House,Gasometer Park,1308,casual,1992,7.00
120480,24/06/2026 06:52,24/06/2026 07:06,Harbor West,Aurora & 22nd,1273,member,1987,0.00
120481,24/06/2026 07:01,24/06/2026 07:22,Kayak Launch,Old Town Square,1219,member,1977,0.00
120482,24/06/2026 07:05,24/06/2026 07:15,Marina Green,Sunset Boulevard,1125,member,1969,0.00
120483,24/06/2026 07:06,24/06/2026 07:18,Kayak Launch,Athletics Center,1122,member,,0.00
120484,24/06/2026 07:09,24/06/2026 07:14,University Gate,Central Station,1275,member,1991,0.00
120485,24/06/2026 07:12,24/06/2026 07:27,Kayak Launch,Kayak Launch,1175,member,1980,0.00
120486,24/06/2026 07:14,24/06/2026 07:52,Gasometer Park,Gasometer Park,1106,casual,1996,6.85
120487,24/06/2026 07:20,24/06/2026 09:18,Kayak Launch,City Hall,1247,casual,1997,18.85
120488,24/06/2026 07:22,24/06/2026 07:32,Science Quad,Orchard Lane,1200,member,1988,0.00
120489,24/06/2026 07:30,24/06/2026 07:49,Cedar Park Loop,Cobbler's Row,1201,member,1989,0.00
120490,24/06/2026 07:31,24/06/2026 07:39,Aurora & 22nd,Gasometer Park,1084,member,1990,0.00
120490,24/06/2026 07:31,24/06/2026 07:39,Aurora & 22nd,Gasometer Park,1084,member,1990,0.00
120491,24/06/2026 07:45,24/06/2026 08:03,Orchard Lane,Campus North,1057,member,1969,0.00
120492,24/06/2026 07:50,24/06/2026 07:59,Foundry District,City Hall,1116,casual,1986,2.50
120493,24/06/2026 08:00,24/06/2026 09:27,Summit Ridge,Merchant Hall,1211,casual,1988,14.05
120494,24/06/2026 08:11,24/06/2026 08:34,Riverside Walk,Summit Ridge,1024,member,1988,0.00
120495,24/06/2026 08:16,24/06/2026 08:35,Observatory Hill,Northgate Mall,1044,Casual,2006,3.85
120496,24/06/2026 08:22,24/06/2026 08:30,Northgate Transit Hub,Central Station,1288,member,1973,0.00
120497,24/06/2026 08:40,24/06/2026 08:50,Gasometer Park,Gasometer Park,1024,member,1967,0.00
120498,24/06/2026 08:51,24/06/2026 09:06,Cobbler's Row,Student Commons,1134,member,1993,0.00
120499,24/06/2026 09:24,24/06/2026 09:58,University Gate,Old Town Square,1209,casual,1987,6.25
120500,24/06/2026 09:36,24/06/2026 09:47,Summit Ridge,Old Town Square,1076,member,1995,0.00
120501,24/06/2026 09:41,24/06/2026 09:57,Floodgate Road,Central Station,1017,MEMBER,1992,0.00
120502,24/06/2026 09:47,24/06/2026 09:55,King's Cross Lane,Clocktower Plaza,1152,member,1981,0.00
120503,24/06/2026 10:18,24/06/2026 11:31,Old Town Square,Aurora & 22nd,1035,casual,1974,12.10
120504,24/06/2026 10:48,24/06/2026 10:56,Gasometer Park,Pier 12,1259,member,1965,0.00
120505,24/06/2026 11:22,24/06/2026 11:38,Heron Park,Heron Park,1272,casual,1979,3.40
120506,24/06/2026 12:04,24/06/2026 12:43,Heron Park,Heron Park,1330,casual,1969,6.85
120507,24/06/2026 12:11,24/06/2026 12:19,Student Commons,Cedar Park Loop,1307,member,1986,0.00
120508,24/06/2026 12:28,24/06/2026 12:31,Fountain Court,Central Station,1262,member,1994,0.00
120509,24/06/2026 13:05,24/06/2026 13:13,Old Town Square,Cobbler's Row,1233,MEMBER,1990,0.00
120510,24/06/2026 13:07,24/06/2026 13:29,Observatory Hill,Westfield Green,1337,member,1993,0.00
120511,24/06/2026 13:08,24/06/2026 13:34,Pier 12,Old Town Square,1065,member,1991,0.00
120511,24/06/2026 13:08,24/06/2026 13:34,Pier 12,Old Town Square,1065,member,1991,0.00
120512,24/06/2026 13:08,24/06/2026 13:18,Maple Grove,Aurora & 40th,1193,member,1996,0.00
120513,24/06/2026 13:22,24/06/2026 13:34,Northgate Mall,Northgate Mall,1007,casual,1997,2.80
120514,24/06/2026 13:28,24/06/2026 13:39, Student Commons,Central Station,1195,casual,1991,2.80
120515,24/06/2026 14:34,24/06/2026 14:45,Weaver Street ,Athletics Center,1307,member,1989,0.00
120516,24/06/2026 14:46,24/06/2026 15:14,Summit Ridge,Floodgate Road,1233,casual,1975,5.20
120517,24/06/2026 15:24,24/06/2026 15:31,Summit Ridge,Heron Park,1274,member,1989,0.00
120518,24/06/2026 16:30,24/06/2026 17:03,Old Town Square,Old Town Square,1242,casual,1977,6.10
120519,24/06/2026 16:33,24/06/2026 16:47,Old Town Square,Central Station,1202,member,1966,0.00
120520,24/06/2026 16:41,24/06/2026 17:26,City Hall,Botanic Gardens,1075,Casual,2000,7.90
120521,24/06/2026 17:00,24/06/2026 17:21,Poplar Circle,Student Commons ,1348,casual,1989,4.30
120522,24/06/2026 17:06,24/06/2026 18:00,Old Town Square,Poplar Circle,1012,casual,1976,9.25
120523,24/06/2026 17:06,24/06/2026 17:25,Harbor East,Maple Grove,1186,member,1984,0.00
120524,24/06/2026 17:06,24/06/2026 17:20,Marina Green,Old Mill Crossing,1207,Member,1989,0.00
120525,24/06/2026 17:09,24/06/2026 17:26,Central Station ,Central Station,1254,member,1994,0.00
120526,24/06/2026 17:24,24/06/2026 17:51,Pier 12,Kayak Launch,1268,member,1991,0.00
120527,24/06/2026 17:53,24/06/2026 17:59,Riverside Walk,Exchange Street,1200,member,1979,0.00
120528,24/06/2026 17:56,24/06/2026 18:01,King's Cross Lane,Kayak Launch,1094,member,1967,0.00
120529,24/06/2026 17:57,24/06/2026 18:11,Northgate Transit Hub,King's Cross Lane,1070,casual,1994,3.25
120530,24/06/2026 18:01,24/06/2026 18:12,Old Town Square,Old Town Square,1015,casual,1999,2.80
120531,24/06/2026 18:17,24/06/2026 18:37,Athletics Center,Merchant Hall,1001,member,1987,0.00
120532,24/06/2026 18:17,24/06/2026 18:27,Gasometer Park,Gasometer Park,1226,member,1972,0.00
120533,24/06/2026 18:21,24/06/2026 18:27,Old Mill Crossing,Floodgate Road,1262,member,1978,0.00
120534,24/06/2026 18:43,24/06/2026 18:50,Fountain Court,Aurora & 22nd,1130,member,1995,0.00
120535,24/06/2026 19:07,24/06/2026 19:26,Northgate Mall,Student Commons ,1062,Member,1956,0.00
120536,24/06/2026 19:13,24/06/2026 19:29,Northgate Transit Hub,Old Town Square,1217,member,1980,0.00
120537,24/06/2026 20:13,24/06/2026 20:35,Cedar Park Loop,Aurora & 40th,1039,member,1989,0.00
120538,24/06/2026 20:22,24/06/2026 20:38,Old Mill Crossing,Harbor East,1036,Member,1990,0.00
120539,24/06/2026 21:56,24/06/2026 22:19,Old Town Square,Summit Ridge,1283,casual,1983,4.45
120540,24/06/2026 23:12,24/06/2026 23:44,Riverside Walk,Exchange Street,1031,casual,1979,5.80
120541,24/06/2026 23:48,25/06/2026 00:18,Summit Ridge,Student Commons,1227,member,1981,0.00
120542,25/06/2026 00:54,25/06/2026 01:15,Opera House,Athletics Center,1063,member,1967,0.00
120543,25/06/2026 01:02,25/06/2026 01:21,Northgate Transit Hub,tramline depot,1155,casual,1964,4.00
120544,25/06/2026 06:12,25/06/2026 06:14,Gasometer Park,Cobbler's Row,1272,member,1993,0.00
120545,25/06/2026 06:27,25/06/2026 06:30,Gasometer Park,Aurora & 40th,1338,member,2000,0.00
120546,25/06/2026 06:42,25/06/2026 06:54,Athletics Center,City Hall,1311,member,1997,0.00
120547,25/06/2026 06:42,25/06/2026 06:55,Birchwood Terrace,Old Town Square,1085,member,1984,0.00
120548,25/06/2026 07:22,25/06/2026 07:31,Floodgate Road,Floodgate Road,1130,member,1993,0.00
120549,25/06/2026 07:39,25/06/2026 07:51,Warehouse Row,Opera House,1272,member,1985,0.00
120550,25/06/2026 08:19,25/06/2026 08:27,Old Town Square,Old Town Square,1233,member,1997,0.00
120551,25/06/2026 08:40,25/06/2026 08:57,Botanic Gardens,Botanic Gardens,1343,member,1992,0.00
120552,25/06/2026 08:42,25/06/2026 08:53,Dockside Market,Student Commons,1233,member,1990,0.00
120553,25/06/2026 08:42,25/06/2026 08:58,Summit Ridge,Merchant Hall,1045,member,1985,0.00
120554,25/06/2026 09:28,25/06/2026 09:40,Seawall Promenade,Tramline Depot,1342,member,1976,0.00
120555,25/06/2026 09:40,25/06/2026 10:15,Aurora & 22nd,Aurora & 22nd,1206,casual,1983,6.25
120556,25/06/2026 09:48,25/06/2026 10:09,Steelworks Gate,Student Commons,1055,member,1971,0.00
120557,25/06/2026 09:55,25/06/2026 10:01,Grand & 9th,University Gate,1275,member,1975,0.00
120558,25/06/2026 10:34,25/06/2026 10:50,Harbor East,Old Town Square,1172,Member,1989,0.00
120559,25/06/2026 13:05,25/06/2026 13:11,Cobbler's Row,Cobbler's Row,1345,member,1961,0.00
120560,25/06/2026 14:22,25/06/2026 14:33,Old Town Square,Orchard Lane,1202,MEMBER,1986,0.00
120561,25/06/2026 15:02,25/06/2026 15:14,Guildhall Steps,Birchwood Terrace,1209,casual,1988,2.95
120562,25/06/2026 15:36,25/06/2026 15:54,Riverside Walk,Westfield Green,1263,member,1985,0.00
120563,25/06/2026 15:40,25/06/2026 15:57,City Hall,Ferry Meadow,1248,member,1998,0.00
120564,25/06/2026 15:52,25/06/2026 16:01,Central Station,Central Station,1260,Member,1998,0.00
120565,25/06/2026 15:52,25/06/2026 16:29,Exchange Street,Sunset Boulevard,1043,casual,1961,6.55
120566,25/06/2026 15:53,25/06/2026 16:29,Harbor East,Old Town Square,1335,casual,1974,6.55
120567,25/06/2026 15:54,25/06/2026 16:31,Cedar Park Loop,Dockside Market,1252,member,1984,0.00
120568,25/06/2026 16:19,25/06/2026 16:23,Kayak Launch,Gasometer Park,1275,member,1958,0.00
120569,25/06/2026 16:24,25/06/2026 16:44,Central Station,Old Town Square,1244,casual,1998,4.00
120570,25/06/2026 16:26,25/06/2026 16:31,WAREHOUSE ROW,Lighthouse Point,1240,Member,1984,0.00
120571,25/06/2026 17:00,25/06/2026 17:28,Gasometer Park,Gasometer Park,1171,casual,1995,5.35
120572,25/06/2026 17:06,25/06/2026 17:11,WAREHOUSE ROW,Warehouse Row,1174,member,1992,0.00
120573,25/06/2026 17:13,25/06/2026 17:39,Birchwood Terrace,Sunset Boulevard ,1023,casual,1977,4.90
120574,25/06/2026 17:26,25/06/2026 18:06,Sunset Boulevard,Cobbler's Row,1079,member,1985,0.00
120575,25/06/2026 17:27,25/06/2026 17:40,Pier 12,Pier 12,1340,casual,1981,3.10
120576,25/06/2026 17:29,25/06/2026 17:39,Cathedral Gate ,Marina Green,1032,member,1969,0.00
120577,25/06/2026 17:40,25/06/2026 17:49,Warehouse Row,City Hall,1335,casual,1992,2.35
120578,25/06/2026 17:44,25/06/2026 17:48,Warehouse Row,Pier 12,1133,Member,1984,0.00
120579,25/06/2026 17:54,25/06/2026 18:00,Dockside Market,Tannery Yard,1334,member,1976,0.00
120580,25/06/2026 18:00,25/06/2026 18:12,Steelworks Gate,Steelworks Gate,1028,member,1964,0.00
120581,25/06/2026 18:37,25/06/2026 18:48,Harbor East,Guildhall Steps,1206,casual,2002,2.80
120582,25/06/2026 18:38,25/06/2026 18:45,Gasometer Park,Clocktower Plaza,1120,MEMBER,1982,0.00
120583,25/06/2026 19:09,25/06/2026 19:19,Riverside Walk,Exchange Street,1034,MEMBER,1988,0.00
120584,25/06/2026 19:14,25/06/2026 19:22,Gasometer Park,Cedar Park Loop,1132,member,1986,0.00
120585,25/06/2026 19:22,25/06/2026 19:35,Kayak Launch,Athletics Center,1277,member,1980,0.00
120586,25/06/2026 19:59,25/06/2026 20:10,Ferry Meadow,Cedar Park Loop,1153,member,1996,0.00
120587,25/06/2026 20:23,25/06/2026 20:34,Old Town Square,Harbor East,1157,member,1980,0.00
120588,25/06/2026 21:34,25/06/2026 22:02,Grand & 3rd,Old Town Square,1272,casual,1969,5.20
120589,25/06/2026 23:00,25/06/2026 23:16,Old Town Square,University Gate,1158,member,2003,0.00
120590,25/06/2026 23:31,25/06/2026 23:46,Pier 12,Pier 12,1194,member,1981,0.00
120591,26/06/2026 00:16,26/06/2026 00:37,Poplar Circle,Cedar Park Loop,1261,member,1978,0.00
120592,26/06/2026 00:49,26/06/2026 01:17,Central Station,Old Town Square,1044,casual,1974,5.20
120593,26/06/2026 06:40,26/06/2026 06:47,Riverside Walk,Poplar Circle,1054,member,1974,0.00
120594,26/06/2026 07:01,26/06/2026 07:18,Pier 12,Old Town Square,1141,casual,1987,3.55
120595,26/06/2026 07:06,26/06/2026 07:32,Student Commons,Library Mall,1127,casual,1999,4.90
120596,26/06/2026 07:21,26/06/2026 07:26,Athletics Center,Sunset Boulevard,1184,member,1980,0.00
120597,26/06/2026 07:23,26/06/2026 07:31,Grand & 3rd,Meridian Tower,1126,casual,1975,2.35
120598,26/06/2026 07:27,26/06/2026 08:08,Athletics Center,Gasometer Park,1157,casual,1983,7.30
120599,26/06/2026 08:03,26/06/2026 08:31,Old Town Square,Opera House,1325,Casual,1973,5.20
120600,26/06/2026 08:04,26/06/2026 08:11,Pier 12,Student Commons,1166,member,1991,0.00
120601,26/06/2026 08:09,26/06/2026 08:03,Guildhall Steps,Central Station,1192,Casual,1983,2.35
120602,26/06/2026 08:09,26/06/2026 08:41,Riverside Walk,Pier 12,1030,member,1975,0.00
120603,26/06/2026 08:22,26/06/2026 08:31,University Gate,Grand & 9th,1204,member,1996,0.00
120604,26/06/2026 08:25,26/06/2026 08:37,Willow Bend,Student Commons,1259,member,1979,0.00
120605,26/06/2026 08:35,26/06/2026 08:46,Old Mill Crossing,Old Mill Crossing,1133,member,1992,0.00
120606,26/06/2026 08:38,26/06/2026 09:08,Merchant Hall,Aurora & 22nd,1158,casual,1974,5.50
120607,26/06/2026 09:10,26/06/2026 09:55,Old Town Square,Old Town Square,1133,casual,1998,7.90
120608,26/06/2026 09:32,26/06/2026 09:48,Campus North,Athletics Center,1323,member,1960,0.00
120609,26/06/2026 10:04,26/06/2026 10:36,Orchard Lane,Summit Ridge,1158,member,1965,0.00
120610,26/06/2026 11:13,26/06/2026 12:47,Cedar Park Loop,Cedar Park Loop,1217,casual,1989,15.10
120611,26/06/2026 11:37,26/06/2026 11:44,Central Station,Old Town Square,1085,member,1983,0.00
120612,26/06/2026 12:02,26/06/2026 12:54,Old Town Square,Poplar Circle,1259,casual,1974,8.80
120613,26/06/2026 12:17,26/06/2026 12:27,University Gate,Old Town Square,1082,member,1982,0.00
120614,26/06/2026 12:18,26/06/2026 12:30,Old Town Square,Old Town Square,1217,Member,2000,0.00
120615,26/06/2026 12:23,26/06/2026 12:30,City Hall,City Hall,1256,member,1998,0.00
120616,26/06/2026 12:27,26/06/2026 12:35,Old Town Square,Steelworks Gate,1235,member,1978,0.00
120617,26/06/2026 12:44,26/06/2026 12:57,Riverside Walk,Hillcrest Point,1030,casual,1978,2.95
120618,26/06/2026 12:58,26/06/2026 13:07,Grand & 9th,Pier 12,1211,casual,1996,2.35
120619,26/06/2026 13:19,26/06/2026 13:27,Riverside Walk,Student Commons,1209,member,1977,0.00
120620,26/06/2026 13:30,26/06/2026 14:23,Cedar Park Loop,Science Quad,1132,casual,1987,9.10
120621,26/06/2026 14:08,26/06/2026 14:37,Opera House,Opera House,1158,casual,1986,5.35
120622,26/06/2026 14:42,26/06/2026 15:17,Old Town Square,Opera House,1038,casual,1998,6.40
120623,26/06/2026 14:42,26/06/2026 14:57,Grand & 9th,Pier 12,1009,casual,1983,3.25
120624,26/06/2026 14:50,26/06/2026 14:57,Kayak Launch,Kayak Launch,1241,member,1987,0.00
120625,26/06/2026 15:04,26/06/2026 15:32,University Gate,Athletics Center,1233,Casual,1999,5.35
120626,26/06/2026 15:07,26/06/2026 15:35,Cobbler's Row,Steelworks Gate,1322,member,2001,0.00
120627,26/06/2026 15:29,26/06/2026 15:41,Merchant Hall,MERCHANT HALL,1290,Member,2003,0.00
120628,26/06/2026 15:30,26/06/2026 15:45,Cobbler's Row,Hillcrest Point,1265,casual,1976,3.25
120629,26/06/2026 15:53,26/06/2026 16:01,Tannery Yard,Meridian Tower,1120,Member,1987,0.00
120630,26/06/2026 15:56,26/06/2026 16:36,Gasometer Park,Student Commons,1162,member,2002,0.00
120631,26/06/2026 15:57,26/06/2026 16:25,Cobbler's Row,Old Town Square,1237,casual,1981,5.35
120632,26/06/2026 16:03,26/06/2026 16:20,Central Station,Central Station,1262,casual,1997,3.70
120633,26/06/2026 16:26,26/06/2026 16:36, Steelworks Gate,Steelworks Gate,1138,casual,1972,2.65
120634,26/06/2026 16:30,26/06/2026 16:36,Student Commons,Exchange Street,1306,member,1989,0.00
120635,26/06/2026 16:35,26/06/2026 16:46,Guildhall Steps,Guildhall Steps,1006,casual,1992,2.80
120636,26/06/2026 16:46,26/06/2026 17:12,Northgate Mall,Northgate Mall,1162,member,1988,0.00
120637,26/06/2026 17:00,26/06/2026 17:35,Clocktower Plaza,Clocktower Plaza,1271,casual,1980,6.25
120638,26/06/2026 17:07,26/06/2026 18:02,Exchange Street,Exchange Street,1213,casual,1972,9.40
120639,26/06/2026 17:14,26/06/2026 17:38,Gasometer Park,Gasometer Park,1335,member,1972,0.00
120640,26/06/2026 17:15,26/06/2026 17:44,Gasometer Park,Seawall Promenade,1190,casual,1991,5.35
120641,26/06/2026 17:15,26/06/2026 18:21,LIGHTHOUSE POINT,Central Station,1046,member,1996,2.10
120642,26/06/2026 17:20,26/06/2026 17:26,Merchant Hall,Student Commons,1141,member,1994,0.00
120643,26/06/2026 17:22,26/06/2026 17:31,City Hall,Student Commons,1259,member,1967,0.00
120644,26/06/2026 17:26,26/06/2026 17:40,Gasometer Park,Gasometer Park,1276,member,1984,0.00
120645,26/06/2026 17:39,26/06/2026 17:51,Westfield Green,Riverside Walk,1101,Member,1968,0.00
120646,26/06/2026 17:56,26/06/2026 18:24,Old Town Square,Merchant Hall,1283,casual,1972,5.35
120647,26/06/2026 18:12,26/06/2026 18:22,Old Town Square,Gasometer Park,1311,Casual,1997,2.50
120648,26/06/2026 18:18,26/06/2026 19:12,Pier 12 ,Old Town Square ,1084,casual,1972,9.25
120649,26/06/2026 18:21,26/06/2026 18:26,Merchant Hall,Sunset Boulevard,1185,member,1974,0.00
120650,26/06/2026 18:26,26/06/2026 18:40,Kayak Launch,Kayak Launch,1110,member,2020,0.00
120651,26/06/2026 18:27,26/06/2026 18:32,Gasometer Park,Merchant Hall,1342,Member,1984,0.00
120652,26/06/2026 18:42,26/06/2026 18:51,Cedar Park Loop,Gasometer Park,1273,member,1985,0.00
120653,26/06/2026 18:44,26/06/2026 18:54,Student Commons,Student Commons,1259,member,1998,0.00
120654,26/06/2026 18:54,26/06/2026 19:05,Pier 12,Clocktower Plaza,1243,member,1995,0.00
120655,26/06/2026 19:41,26/06/2026 20:03,Harbor East,Athletics Center,1044,casual,1964,4.45
120656,26/06/2026 19:52,26/06/2026 20:11,Kayak Launch,Kayak Launch,1073,casual,1976,4.00
120657,26/06/2026 20:04,26/06/2026 20:24,Sunset Boulevard,northgate transit hub,1283,casual,1979,4.15
120658,26/06/2026 20:13,26/06/2026 20:36,City Hall,City Hall,1170,casual,1974,4.60
120659,26/06/2026 20:17,26/06/2026 21:04,Northgate Mall,Westfield Green,1183,casual,1986,8.20
120660,26/06/2026 20:23,26/06/2026 20:45,Science Quad,University Gate,1034,MEMBER,1993,0.00
120661,26/06/2026 20:40,26/06/2026 20:54,Northgate Mall,Old Town Square,1077,Member,,0.00
120662,26/06/2026 21:27,26/06/2026 21:39,Central Station,Pier 12,1347,casual,1976,2.80
120663,26/06/2026 21:34,26/06/2026 21:51,Seawall Promenade,Kayak Launch,1272,member,1980,0.00
120664,26/06/2026 21:43,26/06/2026 21:52,Poplar Circle,Kayak Launch,1108,Member,1980,0.00
120665,26/06/2026 22:37,26/06/2026 22:48,Central Station,Northgate Mall,1224,member,1988,0.00
120666,26/06/2026 22:42,26/06/2026 22:57,Central Station,Gasometer Park,1150,member,1985,0.00
120667,26/06/2026 23:09,26/06/2026 23:23,Northgate Transit Hub,Old Town Square,1239,member,1967,0.00
120668,27/06/2026 01:02,27/06/2026 01:51,Dockside Market,Gasometer Park,1025,casual,1978,8.50
120669,27/06/2026 01:27,27/06/2026 01:35,Maple Grove,University Gate,1273,member,1969,0.00
120670,27/06/2026 01:31,27/06/2026 01:41,Riverside Walk,Riverside Walk,1162,member,1994,0.00
120671,27/06/2026 08:37,27/06/2026 08:50,Pier 12,Pier 12,1272,casual,1998,2.95
120672,27/06/2026 08:38,27/06/2026 08:55,Gasometer Park,Gasometer Park,1070,Casual,1989,3.70
120673,27/06/2026 08:41,27/06/2026 08:53,Central Station,Gasometer Park,1015,member,1994,0.00
120674,27/06/2026 09:06,27/06/2026 09:17,dockside market,Aurora & 40th,1051,casual,2005,2.65
120675,27/06/2026 09:26,27/06/2026 09:34,Rosemont & 5th,Old Town Square,1200,MEMBER,1990,0.00
120676,27/06/2026 09:28,27/06/2026 09:39,Pier 12,Pier 12,1268,Casual,1994,2.80
120677,27/06/2026 09:40,27/06/2026 10:14,Summit Ridge,Summit Ridge,1051,casual,1991,6.25
120678,27/06/2026 10:20,27/06/2026 10:50,City Hall,City Hall,1167,casual,1975,5.50
120679,27/06/2026 10:52,27/06/2026 11:05,Observatory Hill,Observatory Hill,1343,member,1992,0.00
120680,27/06/2026 11:01,27/06/2026 11:15,Seawall Promenade,Old Mill Crossing,1316,member,1987,0.00
120681,27/06/2026 11:12,27/06/2026 11:18,Cedar Park Loop,Central Station,1078,member,1992,0.00
120682,27/06/2026 11:12,27/06/2026 11:23,Old Town Square,Athletics Center,1248,member,1970,0.00
120683,27/06/2026 11:17,27/06/2026 11:25,University Gate,Cobbler's Row,1248,member,1977,0.00
120684,27/06/2026 11:26,27/06/2026 11:39,Tannery Yard,Old Town Square,1001,member,1981,0.00
120685,27/06/2026 11:36,27/06/2026 11:47,Old Town Square,Old Town Square,1142,member,1970,0.00
120686,27/06/2026 11:40,27/06/2026 11:46,Weaver Street,Fountain Court,1175,member,2001,0.00
120687,27/06/2026 11:43,27/06/2026 11:51,King's Cross Lane,Riverside Walk,1304,Member,1983,0.00
120688,27/06/2026 11:54,27/06/2026 11:56,Gasometer Park ,City Hall,1110,member,1996,0.00
120689,27/06/2026 12:05,27/06/2026 12:12,Steelworks Gate,Steelworks Gate,1099,Casual,1991,2.20
120690,27/06/2026 12:07,27/06/2026 12:16,Athletics Center ,Athletics Center,1208,member,1977,0.00
120691,27/06/2026 12:07,27/06/2026 12:45,Harbor East,Old Town Square,1345,member,1974,0.00
120692,27/06/2026 12:10,27/06/2026 12:38,Old Town Square,Old Mill Crossing,1077,casual,2005,5.20
120693,27/06/2026 12:13,27/06/2026 12:43,Rosemont & 5th,Rosemont & 5th,1217,casual,1986,5.50
120694,27/06/2026 12:14,27/06/2026 12:46,Northgate Transit Hub,Riverside Walk,1215,casual,1966,5.95
120695,27/06/2026 12:25,27/06/2026 12:41,Old Town Square,Old Town Square,1305,member,1999,0.00
120696,27/06/2026 12:26,27/06/2026 12:50,COBBLER'S ROW,Old Town Square,1177,casual,1986,4.75
120697,27/06/2026 12:29,27/06/2026 12:49,Student Commons,Old Town Square,1310,casual,1987,4.15
120698,27/06/2026 12:33,27/06/2026 12:56,Grand & 9th,Central Station,1242,Casual,1964,4.60
120699,27/06/2026 12:39,27/06/2026 12:42,Dockside Market,Dockside Market,1302,Member,1990,0.00
120700,27/06/2026 12:51,27/06/2026 13:33,Orchard Lane,Sunset Boulevard,1204,casual,1967,7.30
120701,27/06/2026 12:52,27/06/2026 13:48,Aurora & 22nd,Warehouse Row,1012,casual,1983,9.55
120702,27/06/2026 13:06,27/06/2026 13:32,University Gate,Central Station,1019,casual,1991,5.05
120703,27/06/2026 13:29,27/06/2026 14:44,Fountain Court,Grand & 9th,1330,Casual,1976,12.25
120704,27/06/2026 13:32,27/06/2026 14:20,Opera House,Summit Ridge,1104,casual,1972,8.35
120705,27/06/2026 13:50,27/06/2026 15:30,Cedar Park Loop,Steelworks Gate,1119,Casual,1983,16.00
120706,27/06/2026 13:58,27/06/2026 14:23,Central Station,Old Town Square,1038,casual,1994,4.75
120707,27/06/2026 14:14,27/06/2026 15:26,Opera House,Opera House,1036,casual,1992,11.80
120708,27/06/2026 14:34,27/06/2026 14:50,Kayak Launch,Old Town Square,1148,casual,1976,3.40
120709,27/06/2026 14:43,27/06/2026 15:03,Sunset Boulevard,Sunset Boulevard,1009,member,1962,0.00
120710,27/06/2026 14:44,27/06/2026 15:10,Meridian Tower,Aurora & 40th,1044,member,1995,0.00
120711,27/06/2026 14:47,27/06/2026 14:58,Old Town Square,Northgate Mall,1019,casual,1994,2.65
120712,27/06/2026 14:55,27/06/2026 14:59,Gasometer Park,Pier 12,1133,member,1962,0.00
120713,27/06/2026 15:06,27/06/2026 15:16,Opera House,Old Town Square,1107,member,1975,0.00
120714,27/06/2026 15:14,27/06/2026 15:33,Athletics Center,University Gate,1112,member,1983,0.00
120715,27/06/2026 15:22,27/06/2026 15:32,Athletics Center,Clocktower Plaza,1206,member,1988,0.00
120716,27/06/2026 15:40,27/06/2026 16:02,Old Town Square,Gasometer Park,1339,casual,1985,4.45
120717,27/06/2026 15:48,27/06/2026 15:52,Student Commons,Student Commons,1153,member,1986,0.00
120718,27/06/2026 15:57,27/06/2026 17:21,Meridian Tower,Maple Grove,1186,Casual,1992,13.60
120719,27/06/2026 15:59,27/06/2026 16:15,Kayak Launch,Central Station,1256,Casual,1981,3.40
120720,27/06/2026 16:06,27/06/2026 16:33,King's Cross Lane,King's Cross Lane,1119,casual,,5.05
120721,27/06/2026 16:18,27/06/2026 16:36,Riverside Walk,Exchange Street,1110,casual,1973,3.85
120722,27/06/2026 17:04,27/06/2026 17:23,Old Mill Crossing,Old Mill Crossing,1164,casual,1986,3.85
120723,27/06/2026 17:42,27/06/2026 17:59,Grand & 9th,Hillcrest Point,1034,Member,,0.00
120724,27/06/2026 17:46,27/06/2026 18:09,Central Station,Central Station,1011,casual,1969,4.45
120725,27/06/2026 17:47,27/06/2026 18:11,Observatory Hill,Observatory Hill,1115,Casual,1982,4.75
120725,27/06/2026 17:47,27/06/2026 18:11,Observatory Hill,Observatory Hill,1115,Casual,1982,4.75
120726,27/06/2026 18:01,27/06/2026 18:22,Merchant Hall,Old Town Square,1240,member,1985,0.00
120727,27/06/2026 18:21,27/06/2026 18:36, Cobbler's Row,Aurora & 40th,1261,casual,,3.25
120728,27/06/2026 18:28,27/06/2026 18:44,Grand & 9th,Dockside Market,1119,Casual,1981,3.40
120729,27/06/2026 18:31,27/06/2026 18:54,Cobbler's Row,Athletics Center,1340,member,1992,0.00
120730,27/06/2026 18:34,27/06/2026 19:08,Summit Ridge,Gasometer Park,1306,casual,1981,6.10
120731,27/06/2026 18:36,27/06/2026 18:54,Opera House,Maple Grove,1051,casual,1980,3.85
120732,27/06/2026 19:15,27/06/2026 19:28,Northgate Mall,Northgate Mall,1125,member,1975,0.00
120733,27/06/2026 19:23,27/06/2026 19:35,Old Mill Crossing,Old Town Square,1243,member,1997,0.00
120734,27/06/2026 19:27,27/06/2026 19:37,Ferry Landing,Central Station,1242,member,1961,0.00
120735,27/06/2026 19:41,27/06/2026 19:48,Rosemont & 5th,Botanic Gardens,1087,Casual,1965,2.05
120736,27/06/2026 20:10,27/06/2026 21:15,Kayak Launch,Merchant Hall,1241,casual,1987,10.90
120737,27/06/2026 20:34,27/06/2026 20:51,Pier 12,Exchange Street,1185,casual,,3.55
120738,27/06/2026 21:26,27/06/2026 21:37,Gasometer Park,Athletics Center,1087,member,1996,0.00
120739,27/06/2026 21:58,27/06/2026 22:28,Harbor East,Steelworks Gate,1350,casual,1996,5.50
120740,27/06/2026 22:16,27/06/2026 22:29,Central Station,Maple Grove,1171,member,1973,0.00
120741,27/06/2026 22:36,27/06/2026 22:50,Summit Ridge,Poplar Circle,1217,casual,1992,3.25
120742,27/06/2026 22:42,27/06/2026 21:53,Summit Ridge,Northgate Mall,1255,Casual,1984,4.00
120743,28/06/2026 00:19,28/06/2026 00:29,Warehouse Row,Student Commons,1213,member,1967,0.00
120744,28/06/2026 00:20,28/06/2026 00:40,Pier 12,Aurora & 40th,1031,casual,1982,4.15
120745,28/06/2026 02:10,28/06/2026 02:55,Poplar Circle,Gasometer Park,1197,casual,1991,7.75
120746,28/06/2026 08:18,28/06/2026 08:52,Student Commons,Student Commons,1319,Casual,1996,6.25
120747,28/06/2026 09:03,28/06/2026 09:22,Gasometer Park,Ferry Meadow,1083,casual,1994,3.85
120748,28/06/2026 09:07,28/06/2026 09:16,Central Station,Rosemont & 5th,1324,casual,2020,2.35
120749,28/06/2026 09:15,28/06/2026 09:34,Student Commons,Old Town Square,1333,Casual,1992,3.85
120750,28/06/2026 10:09,28/06/2026 10:28,Kayak Launch,University Gate,1116,casual,1988,3.85
120751,28/06/2026 11:39,28/06/2026 13:04,Sunset Boulevard,Botanic Gardens,1215,casual,1990,13.75
120752,28/06/2026 12:02,28/06/2026 12:10,Aurora & 40th,old town square,1217,casual,1997,2.20
120753,28/06/2026 12:03,28/06/2026 12:40,Seawall Promenade,seawall promenade,1034,Casual,1965,6.70
120754,28/06/2026 12:04,28/06/2026 12:18,Marina Green,Steelworks Gate,1113,casual,2005,3.10
120755,28/06/2026 12:10,28/06/2026 12:44,Old Mill Crossing,Athletics Center,1114,casual,1972,6.10
120756,28/06/2026 12:21,28/06/2026 12:39,Northgate Mall,Grand & 9th,1233,casual,1988,3.70
120757,28/06/2026 12:24,28/06/2026 12:45,Pier 12,City Hall,1215,member,1970,0.00
120758,28/06/2026 12:44,28/06/2026 13:01,Cathedral Gate,Cathedral Gate,1006,member,1999,0.00
120759,28/06/2026 12:47,28/06/2026 14:17,Old Town Square,Central Station,1259,casual,2001,14.50
120760,28/06/2026 12:48,28/06/2026 13:31,Student Commons,Student Commons,1219,casual,1989,7.45
120761,28/06/2026 13:00,28/06/2026 13:15,Science Quad,Cobbler's Row,1275,casual,,3.40
120762,28/06/2026 13:15,28/06/2026 13:47,Dockside Market,Dockside Market,1024,Casual,1982,5.95
120763,28/06/2026 13:21,28/06/2026 13:30,Aurora & 40th,Kayak Launch,1303,member,1992,0.00
120764,28/06/2026 13:55,28/06/2026 14:04,Library Mall,Gasometer Park,1007,casual,1976,2.50
120765,28/06/2026 13:55,28/06/2026 14:09,Student Commons,Old Mill Crossing,1249,member,1986,0.00
120766,28/06/2026 13:58,28/06/2026 14:07,University Gate,Central Station,1342,Member,1970,0.00
120767,28/06/2026 14:05,28/06/2026 14:41,Cedar Park Loop,Central Station,1225,casual,1980,6.40
120768,28/06/2026 14:07,28/06/2026 14:44,Northgate Mall,Poplar Circle,1223,casual,1983,6.55
120769,28/06/2026 14:11,28/06/2026 14:26,Botanic Gardens,Cedar Park Loop,1020,member,1994,0.00
120770,28/06/2026 14:17,28/06/2026 14:35,Kayak Launch,Science Quad,1320,casual,1988,3.85
120771,28/06/2026 14:45,28/06/2026 15:09,Steelworks Gate,Steelworks Gate,1127,casual,1979,4.75
120772,28/06/2026 14:47,28/06/2026 15:04,Cobbler's Row,Meridian Tower,1066,member,1985,0.00
120773,28/06/2026 14:56,28/06/2026 15:05,Science Quad,Dockside Market,1311,member,2000,0.00
120774,28/06/2026 15:09,28/06/2026 15:15,Athletics Center,Kayak Launch,1347,member,1977,0.00
120775,28/06/2026 15:12,28/06/2026 15:24,Riverside Walk,Central Station,1219,casual,1992,2.95
120776,28/06/2026 15:14,28/06/2026 15:32,Gasometer Park,Gasometer Park,1152,casual,1975,3.70
120777,28/06/2026 15:20,28/06/2026 17:03,Gasometer Park,Gasometer Park,1188,casual,1982,16.45
120778,28/06/2026 15:22,28/06/2026 15:28,Old Town Square,Fountain Court,1246,member,2006,0.00
120779,28/06/2026 15:33,28/06/2026 15:46,Pier 12,Cedar Park Loop,1116,casual,1993,2.95
120780,28/06/2026 15:56,28/06/2026 16:06,Cobbler's Row,Northgate Mall,1134,member,2003,0.00
120781,28/06/2026 16:07,28/06/2026 16:17,Grand & 3rd,Union Plaza,1315,member,,0.00
120782,28/06/2026 16:09,28/06/2026 16:19,Maple Grove,Aurora & 22nd,1133,casual,1992,2.65
120783,28/06/2026 16:17,28/06/2026 16:22,Poplar Circle,Poplar Circle,1174,member,1992,0.00
120784,28/06/2026 16:55,28/06/2026 17:06,Clocktower Plaza,Clocktower Plaza,1024,Member,1991,0.00
120785,28/06/2026 16:59,28/06/2026 17:29,Dockside Market,Aurora & 22nd,1194,casual,1999,5.65
120786,28/06/2026 17:11,28/06/2026 17:36,Botanic Gardens,University Gate,1298,casual,1979,4.75
120787,28/06/2026 17:17,28/06/2026 17:28,Union Plaza,Union Plaza,1022,member,1989,0.00
120788,28/06/2026 17:21,28/06/2026 18:00,Harbor East,Old Town Square,1141,Casual,1993,7.00
120789,28/06/2026 17:24,28/06/2026 16:21,Gasometer Park,Exchange Street,1176,casual,1968,2.80
120790,28/06/2026 17:55,28/06/2026 18:08,Maple Grove,Athletics Center,1222,member,1967,0.00
120791,28/06/2026 18:02,28/06/2026 18:28,Gasometer Park,Sunset Boulevard,1269,member,1992,0.00
120792,28/06/2026 18:05,28/06/2026 18:36,Poplar Circle,Northgate Mall,1009,casual,2000,5.80
120793,28/06/2026 18:25,28/06/2026 18:46,Warehouse Row,Warehouse Row,1011,member,1981,0.00
120794,28/06/2026 18:49,28/06/2026 19:12,Athletics Center,Athletics Center,1108,casual,1992,4.60
120795,28/06/2026 19:12,28/06/2026 19:29,Rosemont & 5th,Gasometer Park,1206,member,1995,0.00
120796,28/06/2026 19:17,28/06/2026 19:51,Observatory Hill,Cobbler's Row,1158,casual,2001,6.10
120797,28/06/2026 19:19,28/06/2026 19:28,Opera House,Campus North,1182,Member,1989,0.00
120798,28/06/2026 19:20,28/06/2026 19:28,Ferry Meadow,Pier 12,1322,casual,1983,2.35
120799,28/06/2026 20:50,28/06/2026 21:46,Union Plaza,Union Plaza,1077,casual,2005,9.40
120800,28/06/2026 21:50,28/06/2026 22:12,Summit Ridge,Summit Ridge,1343,casual,1996,4.30
120801,28/06/2026 23:20,28/06/2026 23:51,Gasometer Park,Cedar Park Loop,1272,casual,1985,5.65
120802,29/06/2026 01:22,29/06/2026 01:43,Riverside Walk,Exchange Street,1140,casual,1985,4.30
120803,29/06/2026 05:10,29/06/2026 05:20,Orchard Lane,Orchard Lane,1177,member,2000,0.00
120804,29/06/2026 06:23,29/06/2026 06:40,Gasometer Park,Gasometer Park,1108,Member,1987,0.00
120805,29/06/2026 06:37,29/06/2026 06:58,Old Town Square,Summit Ridge,1128,member,1988,0.00
120806,29/06/2026 07:03,29/06/2026 07:11,Seawall Promenade,Seawall Promenade,1064,member,1987,0.00
120807,29/06/2026 07:23,29/06/2026 07:29,Fountain Court,Poplar Circle,1243,member,2002,0.00
120807,29/06/2026 07:23,29/06/2026 07:29,Fountain Court,Poplar Circle,1243,member,2002,0.00
120808,29/06/2026 07:44,29/06/2026 07:48,City Hall,Riverside Walk,1161,member,1991,0.00
120809,29/06/2026 07:44,29/06/2026 08:00,Steelworks Gate,Steelworks Gate,1131,member,1990,0.00
120810,29/06/2026 07:44,29/06/2026 08:01,University Gate,Ferry Meadow,1244,member,1984,0.00
120811,29/06/2026 07:48,29/06/2026 07:55,King's Cross Lane,Science Quad,1031,member,1995,0.00
120812,29/06/2026 08:02,29/06/2026 08:08,Student Commons,Student Commons,1101,Member,1970,0.00
120813,29/06/2026 08:10,29/06/2026 08:15,Student Commons,Union Plaza,1276,member,1986,0.00
120814,29/06/2026 08:16,29/06/2026 08:58,Athletics Center,Floodgate Road,1011,Casual,1996,7.30
120815,29/06/2026 08:17,29/06/2026 08:29,Old Town Square,Warehouse Row,1020,member,1991,0.00
120816,29/06/2026 08:25,29/06/2026 09:14,Old Town Square,Old Town Square,1150,casual,1987,8.35
120817,29/06/2026 08:27,29/06/2026 08:39,Summit Ridge,Gasometer Park,1192,member,1992,0.00
120818,29/06/2026 08:28,29/06/2026 08:42,Maple Grove,Summit Ridge,1201,member,1984,0.00
120819,29/06/2026 08:33,29/06/2026 08:57,Northgate Mall,Aurora & 22nd,1131,Member,1973,0.00
120820,29/06/2026 08:46,29/06/2026 08:51,Poplar Circle,Pier 12,1325,member,1979,0.00
120821,29/06/2026 08:50,29/06/2026 09:19,Marina Green,Athletics Center,1006,casual,1980,5.50
120822,29/06/2026 08:56,29/06/2026 09:08,Rosemont & 5th,Observatory Hill,1177,casual,1983,2.80
120823,29/06/2026 09:02,29/06/2026 09:07,Old Town Square,Old Town Square,1249,member,1986,0.00
120824,29/06/2026 09:09,29/06/2026 09:15,Old Mill Crossing,Heron Park,1321,Member,1973,0.00
120825,29/06/2026 09:15,29/06/2026 09:43,Floodgate Road,Floodgate Road,1063,casual,1989,5.35
120826,29/06/2026 09:24,29/06/2026 10:59,Gasometer Park,Old Town Square,1337,casual,2002,15.40
120827,29/06/2026 09:33,29/06/2026 09:42,Riverside Walk,Pier 12,1077,member,1983,0.00
120828,29/06/2026 10:00,29/06/2026 10:57,Cedar Park Loop,Central Station,1233,Casual,1963,9.55
120829,29/06/2026 10:27,29/06/2026 10:45,Athletics Center,Gasometer Park,1074,casual,1960,3.70
120830,29/06/2026 10:29,29/06/2026 11:07,Student Commons,Student Commons,1279,casual,1980,6.85
120831,29/06/2026 10:41,29/06/2026 10:58,Foundry District,Floodgate Road,1056,casual,1974,3.70
120832,29/06/2026 10:42,29/06/2026 10:51,Botanic Gardens,Poplar Circle,1025,member,1994,0.00
120833,29/06/2026 11:15,29/06/2026 11:26,Old Town Square,Kayak Launch,1331,member,1998,0.00
120834,29/06/2026 11:22,29/06/2026 11:40,Merchant Hall,Sunset Boulevard,1154,member,1980,0.00
120835,29/06/2026 12:19,29/06/2026 12:37,Athletics Center,Cedar Park Loop,1338,member,1967,0.00
120836,29/06/2026 13:40,29/06/2026 13:50,Botanic Gardens,Northgate Mall,1148,member,1999,0.00
120837,29/06/2026 14:01,29/06/2026 14:14,Old Town Square,Pier 12,1228,member,1989,0.00
120838,29/06/2026 14:09,29/06/2026 14:20,Old Town Square,Grand & 9th,1145,member,1977,0.00
120839,29/06/2026 14:22,29/06/2026 14:39,King's Cross Lane,King's Cross Lane,1101,member,1985,0.00
120840,29/06/2026 14:24,29/06/2026 14:34,Student Commons,Observatory Hill,1205,member,1977,0.00
120841,29/06/2026 14:26,29/06/2026 14:56,Old Town Square,Sunset Boulevard,1062,casual,1970,5.65
120842,29/06/2026 14:33,29/06/2026 14:42,Aurora & 40th,Aurora & 40th,1115,member,1973,0.00
120843,29/06/2026 14:49,29/06/2026 15:11,Student Commons,Birchwood Terrace,1052,member,1974,0.00
120844,29/06/2026 14:57,29/06/2026 15:10,Aurora & 40th,Athletics Center,1038,member,1975,0.00
120845,29/06/2026 15:09,29/06/2026 15:45,Floodgate Road,Riverside Walk,1044,member,1990,0.00
120846,29/06/2026 15:18,29/06/2026 15:54,City Hall,Gasometer Park,1255,Casual,1981,6.40
120847,29/06/2026 15:28,29/06/2026 15:45,Lighthouse Point,Northgate Transit Hub,1091,casual,1986,3.70
120848,29/06/2026 15:47,29/06/2026 15:57,Grand & 9th,Summit Ridge,1261,member,1992,0.00
120848,29/06/2026 15:47,29/06/2026 15:57,Grand & 9th,Summit Ridge,1261,member,1992,0.00
120849,29/06/2026 15:52,29/06/2026 16:02,Sunset Boulevard,Central Station ,1197,member,1997,0.00
120850,29/06/2026 16:22,29/06/2026 16:32,Hillcrest Point ,Floodgate Road,1050,member,1993,0.00
120851,29/06/2026 16:32,29/06/2026 17:01,Foundry District,Harbor East,1128,casual,,5.50
120852,29/06/2026 16:36,29/06/2026 16:45,Grand & 9th,Grand & 9th,1324,Member,1996,0.00
120853,29/06/2026 17:00,29/06/2026 17:11,Cobbler's Row,Cobbler's Row,1350,member,1993,0.00
120854,29/06/2026 17:17,29/06/2026 18:17,Pier 12,Opera House,1270,casual,,10.00
120855,29/06/2026 17:37,29/06/2026 17:51,Seawall Promenade,Foundry District,1145,casual,2001,3.25
120856,29/06/2026 17:41,29/06/2026 17:52,Old Town Square,Kayak Launch,1262,member,1987,0.00
120857,29/06/2026 17:48,29/06/2026 17:52,Harbor East,Old Town Square,1103,member,1975,0.00
120858,29/06/2026 17:49,29/06/2026 17:59,Kayak Launch,Kayak Launch,1306,member,,0.00
120859,29/06/2026 17:58,29/06/2026 18:09,Student Commons,CENTRAL STATION,1005,Member,1967,0.00
120860,29/06/2026 17:59,29/06/2026 18:08,Old Town Square,Old Town Square,1120,member,1988,0.00
120861,29/06/2026 18:11,29/06/2026 18:47,Old Town Square,Kayak Launch,1269,casual,1991,6.55
120862,29/06/2026 18:29,29/06/2026 19:06,Summit Ridge,Harbor East,1152,casual,1986,6.70
120863,29/06/2026 18:53,29/06/2026 19:01,University Gate,Steelworks Gate,1248,member,1967,0.00
120864,29/06/2026 18:53,29/06/2026 19:07,Student Commons,Library Mall,1142,member,1989,0.00
120865,29/06/2026 19:16,29/06/2026 19:22,Meridian Tower,Meridian Tower,1222,member,1981,0.00
120866,29/06/2026 19:17,29/06/2026 19:26,Foundry District,Harbor East,1213,Member,1977,0.00
120867,29/06/2026 19:19,29/06/2026 20:03,Warehouse Row,Warehouse Row,1269,casual,1990,7.75
120868,29/06/2026 19:26,29/06/2026 20:15,Maple Grove,Old Town Square,1293,member,1989,0.50
120869,29/06/2026 20:39,29/06/2026 21:23,Observatory Hill,Observatory Hill,1090,casual,2002,7.75
120870,29/06/2026 20:51,29/06/2026 21:03,Sunset Boulevard,Riverside Walk,1030,casual,1990,2.95
120871,29/06/2026 20:52,29/06/2026 21:00,Hillcrest Point,Tannery Yard,1328,MEMBER,1976,0.00
120872,29/06/2026 20:57,29/06/2026 21:20,Union Plaza,Union Plaza,1070,casual,1961,4.45
120873,29/06/2026 21:24,29/06/2026 21:48,Gasometer Park,Sunset Boulevard,1350,MEMBER,1992,0.00
120874,29/06/2026 21:27,29/06/2026 21:52,Pier 12,Old Town Square,1235,member,2020,0.00
120875,29/06/2026 22:46,29/06/2026 22:59,Northgate Transit Hub,Aurora & 40th,1197,Casual,2003,3.10
120876,29/06/2026 23:04,29/06/2026 23:14,Harbor East,Pier 12,1097,member,1987,0.00
120877,29/06/2026 23:04,29/06/2026 23:14,Exchange Street,Riverside Walk,1174,casual,1986,2.65
120878,30/06/2026 00:43,30/06/2026 00:58,Old Town Square,Old Town Square,1031,casual,1975,3.25
120879,30/06/2026 06:02,30/06/2026 06:11,Student Commons,Gasometer Park,1254,member,1982,0.00
120880,30/06/2026 06:28,30/06/2026 06:41,Old Town Square ,Old Town Square,1329,Member,1985,0.00
120881,30/06/2026 06:58,30/06/2026 07:15, Westfield Green,Westfield Green,1052,Member,1993,0.00
120882,30/06/2026 07:08,30/06/2026 07:28,Summit Ridge,Observatory Hill,1022,member,1983,0.00
120883,30/06/2026 07:21,30/06/2026 09:35,Steelworks Gate,Athletics Center,1131,casual,1988,21.10
120884,30/06/2026 07:23,30/06/2026 07:38,Cedar Park Loop,King's Cross Lane,1240,Casual,1999,3.25
120885,30/06/2026 07:25,30/06/2026 07:54,Old Town Square,Old Town Square,1269,Casual,,5.50
120886,30/06/2026 07:28,30/06/2026 07:52,Grand & 9th,Summit Ridge,1335,member,1972,0.00
120887,30/06/2026 07:36,30/06/2026 07:55,Harbor East,Aurora & 40th,1170,member,1992,0.00
120888,30/06/2026 07:46,30/06/2026 08:05,Westfield Green,Aurora & 22nd,1319,member,1987,0.00
120889,30/06/2026 07:51,30/06/2026 08:05,University Gate,Harbor West,1190,member,1978,0.00
120890,30/06/2026 08:05,30/06/2026 08:16,Aurora & 40th,Old Town Square,1155,casual,1984,2.65
120891,30/06/2026 08:16,30/06/2026 08:32,Cobbler's Row,Campus North,1232,casual,1990,3.40
120892,30/06/2026 08:17,30/06/2026 08:27,Aurora & 40th,University Gate,1052,member,1962,0.00
120893,30/06/2026 08:19,30/06/2026 08:26,Warehouse Row,King's Cross Lane,1116,member,1995,0.00
120894,30/06/2026 08:25,30/06/2026 08:42,Pier 12,Science Quad,1337,Member,1978,0.00
120895,30/06/2026 08:28,30/06/2026 08:52,University Gate,Orchard Lane,1128,casual,1968,4.75
120896,30/06/2026 08:42,30/06/2026 09:01,Cedar Park Loop,Central Station,1298,casual,2003,3.85
120897,30/06/2026 08:43,30/06/2026 08:56,Northgate Mall ,Steelworks Gate,1033,member,1990,0.00
120898,30/06/2026 08:49,30/06/2026 09:08,Student Commons,Westfield Green,1074,member,1985,0.00
120899,30/06/2026 08:59,30/06/2026 09:20,Student Commons,Library Mall,1329,member,1998,0.00
120900,30/06/2026 09:26,30/06/2026 09:36,Old Town Square,Gasometer Park,1145,member,1991,0.00
120901,30/06/2026 09:27,30/06/2026 09:35,City Hall,Cobbler's Row,1201,Member,2000,0.00
120902,30/06/2026 09:37,30/06/2026 09:43,Athletics Center,Athletics Center,1120,casual,1985,1.90
120903,30/06/2026 10:13,30/06/2026 10:23,Pier 12,Pier 12,1316,member,2001,0.00
120904,30/06/2026 10:28,30/06/2026 10:37,Central Station,Observatory Hill,1263,member,1980,0.00
120905,30/06/2026 10:43,30/06/2026 10:53,Rosemont & 5th,Harbor East,1310,casual,1988,2.50
120906,30/06/2026 10:58,30/06/2026 11:53,Old Town Square,Old Town Square,1237,casual,1992,9.25
120907,30/06/2026 11:17,30/06/2026 11:40,Athletics Center,Observatory Hill,1231,Member,1995,0.00
120908,30/06/2026 11:50,30/06/2026 12:19,Central Station,Tannery Yard,1194,Member,1997,0.00
120909,30/06/2026 12:26,30/06/2026 12:55,Central Station,Central Station,1080,member,1976,0.00
120910,30/06/2026 12:45,30/06/2026 12:53,Old Town Square,Old Town Square,1024,Member,1995,0.00
120911,30/06/2026 13:41,30/06/2026 14:21,Harbor East,Athletics Center,1159,Casual,1982,7.00
120912,30/06/2026 13:44,30/06/2026 13:51,Old Town Square ,Old Mill Crossing,1272,Member,1982,0.00
120913,30/06/2026 14:00,30/06/2026 14:12,Riverside Walk,Kayak Launch,1120,casual,1990,2.95
120914,30/06/2026 14:27,30/06/2026 14:45,Dockside Market,Central Station ,1299,member,1989,0.00
120915,30/06/2026 15:28,30/06/2026 15:37,Willow Bend,Willow Bend,1281,Member,1977,0.00
120916,30/06/2026 15:52,30/06/2026 16:20,Central Station,Opera House,1177,Casual,1974,5.35
120917,30/06/2026 15:58,30/06/2026 16:13,King's Cross Lane,Athletics Center,1285,Casual,1980,3.25
120918,30/06/2026 16:09,30/06/2026 16:18,Athletics Center,summit ridge,1120,MEMBER,,0.00
120919,30/06/2026 16:10,30/06/2026 16:16,Old Town Square,Fountain Court,1298,member,1991,0.00
120920,30/06/2026 16:30,30/06/2026 16:36,Central Station,Student Commons,1279,member,1994,0.00
120921,30/06/2026 16:39,30/06/2026 17:04,Riverside Walk,Exchange Street,1238,casual,2000,4.75
120922,30/06/2026 16:49,30/06/2026 17:10,Old Town Square,Old Mill Crossing,1172,casual,1991,4.30
120923,30/06/2026 16:56,30/06/2026 17:05,Summit Ridge,Tramline Depot,1001,member,1991,0.00
120924,30/06/2026 17:15,30/06/2026 17:23,Kayak Launch,Observatory Hill,1077,member,1975,0.00
120925,30/06/2026 17:15,30/06/2026 17:27,Meridian Tower,Summit Ridge,1260,casual,1992,2.80
120926,30/06/2026 17:32,30/06/2026 18:19,Student Commons,Harbor East,1153,casual,1960,8.05
120927,30/06/2026 17:36,30/06/2026 19:36,Cathedral Gate,Old Town Square,1075,casual,1979,19.00
120928,30/06/2026 18:19,30/06/2026 18:31,Gasometer Park,Opera House,1149,casual,1978,2.95
120929,30/06/2026 18:25,30/06/2026 19:16,Sunset Boulevard,Northgate Transit Hub,1252,casual,1992,8.65
120930,30/06/2026 18:28,30/06/2026 19:07,Kayak Launch,Kayak Launch,1279,casual,1996,7.00
120931,30/06/2026 18:49,30/06/2026 19:11,Kayak Launch,University Gate,1084,member,1978,0.00
120932,30/06/2026 18:55,30/06/2026 19:07,Old Town Square,Old Town Square,1151,member,1993,0.00
120933,30/06/2026 18:56,30/06/2026 19:06,Central Station,Northgate Transit Hub,1303,casual,2002,2.65
120934,30/06/2026 19:00,30/06/2026 19:09,Marina Green,Cedar Park Loop,1332,member,1979,0.00
120935,30/06/2026 19:26,30/06/2026 19:32,Old Town Square,Old Town Square,1327,member,1974,0.00
120936,30/06/2026 19:49,30/06/2026 20:13,Fountain Court,Fountain Court,1089,Member,1976,0.00
120937,30/06/2026 20:07,30/06/2026 20:15,University Gate,Central Station,1135,member,1987,0.00
120938,30/06/2026 20:12,30/06/2026 22:24,Old Town Square,Athletics Center,1038,casual,2005,20.80
120939,30/06/2026 20:36,30/06/2026 20:56,Student Commons,Athletics Center,1144,casual,1991,4.00
120940,30/06/2026 20:47,30/06/2026 20:55,Library Mall,Clocktower Plaza,1051,member,1989,0.00
120941,30/06/2026 21:31,30/06/2026 22:08,Harbor West,Steelworks Gate,1106,casual,1985,6.55
120942,30/06/2026 23:35,30/06/2026 23:40,Science Quad,Rosemont & 5th,1149,member,,0.00
